compound_encoded,TyreLife,tyre_life_norm,LapNumber,lapnumber_norm,StintNumber,LapTimeSeconds,Race,Driver
0,5.0,0.0,2.0,0.03508771929824561,1,96.296,Bahrain,VER
0,6.0,0.0714285204081997,3.0,0.05263157894736842,1,96.753,Bahrain,VER
0,7.0,0.1428570408163994,4.0,0.07017543859649122,1,96.647,Bahrain,VER
0,8.0,0.21428556122459913,5.0,0.08771929824561403,1,97.173,Bahrain,VER
0,9.0,0.2857140816327988,6.0,0.10526315789473684,1,97.092,Bahrain,VER
0,10.0,0.35714260204099857,7.0,0.12280701754385964,1,97.038,Bahrain,VER
0,11.0,0.42857112244919826,8.0,0.14035087719298245,1,97.024,Bahrain,VER
0,12.0,0.49999964285739795,9.0,0.15789473684210525,1,97.229,Bahrain,VER
0,13.0,0.5714281632655976,10.0,0.17543859649122806,1,96.96,Bahrain,VER
0,14.0,0.6428566836737974,11.0,0.19298245614035087,1,97.085,Bahrain,VER
0,15.0,0.7142852040819971,12.0,0.21052631578947367,1,97.045,Bahrain,VER
0,16.0,0.7857137244901968,13.0,0.22807017543859648,1,97.03,Bahrain,VER
0,17.0,0.8571422448983965,14.0,0.24561403508771928,1,97.028,Bahrain,VER
0,18.0,0.9285707653065962,15.0,0.2631578947368421,1,97.011,Bahrain,VER
0,19.0,0.9999992857147959,16.0,0.2807017543859649,1,97.168,Bahrain,VER
2,2.0,0.0,19.0,0.3333333333333333,2,95.283,Bahrain,VER
2,3.0,0.058823494809708936,20.0,0.3508771929824561,2,95.16,Bahrain,VER
2,4.0,0.11764698961941787,21.0,0.3684210526315789,2,95.316,Bahrain,VER
2,5.0,0.1764704844291268,22.0,0.38596491228070173,2,95.204,Bahrain,VER
2,6.0,0.23529397923883574,23.0,0.40350877192982454,2,95.216,Bahrain,VER
2,7.0,0.29411747404854466,24.0,0.42105263157894735,2,95.289,Bahrain,VER
2,8.0,0.3529409688582536,25.0,0.43859649122807015,2,95.342,Bahrain,VER
2,9.0,0.41176446366796254,26.0,0.45614035087719296,2,95.223,Bahrain,VER
2,10.0,0.4705879584776715,27.0,0.47368421052631576,2,95.581,Bahrain,VER
2,11.0,0.5294114532873805,28.0,0.49122807017543857,2,95.477,Bahrain,VER
2,12.0,0.5882349480970893,29.0,0.5087719298245614,2,95.793,Bahrain,VER
2,13.0,0.6470584429067983,30.0,0.5263157894736842,2,95.771,Bahrain,VER
2,14.0,0.7058819377165072,31.0,0.543859649122807,2,95.679,Bahrain,VER
2,15.0,0.7647054325262161,32.0,0.5614035087719298,2,95.886,Bahrain,VER
2,16.0,0.8235289273359251,33.0,0.5789473684210527,2,95.863,Bahrain,VER
2,17.0,0.882352422145634,34.0,0.5964912280701754,2,96.133,Bahrain,VER
2,18.0,0.941175916955343,35.0,0.6140350877192983,2,96.018,Bahrain,VER
2,19.0,0.9999994117650519,36.0,0.631578947368421,2,96.205,Bahrain,VER
0,2.0,0.0,39.0,0.6842105263157895,3,92.608,Bahrain,VER
0,3.0,0.055555524691375174,40.0,0.7017543859649122,3,96.589,Bahrain,VER
0,4.0,0.11111104938275035,41.0,0.7192982456140351,3,95.29,Bahrain,VER
0,5.0,0.16666657407412552,42.0,0.7368421052631579,3,94.667,Bahrain,VER
0,6.0,0.2222220987655007,43.0,0.7543859649122807,3,94.151,Bahrain,VER
0,7.0,0.27777762345687584,44.0,0.7719298245614035,3,94.531,Bahrain,VER
0,8.0,0.33333314814825105,45.0,0.7894736842105263,3,94.249,Bahrain,VER
0,9.0,0.3888886728396262,46.0,0.8070175438596491,3,94.193,Bahrain,VER
0,10.0,0.4444441975310014,47.0,0.8245614035087719,3,94.239,Bahrain,VER
0,11.0,0.49999972222237654,48.0,0.8421052631578947,3,94.35,Bahrain,VER
0,12.0,0.5555552469137517,49.0,0.8596491228070176,3,94.403,Bahrain,VER
0,13.0,0.611110771605127,50.0,0.8771929824561403,3,94.783,Bahrain,VER
0,14.0,0.6666662962965021,51.0,0.8947368421052632,3,94.34,Bahrain,VER
0,15.0,0.7222218209878772,52.0,0.9122807017543859,3,94.906,Bahrain,VER
0,16.0,0.7777773456792524,53.0,0.9298245614035088,3,95.6,Bahrain,VER
0,17.0,0.8333328703706276,54.0,0.9473684210526315,3,95.334,Bahrain,VER
0,18.0,0.8888883950620028,55.0,0.9649122807017544,3,95.184,Bahrain,VER
0,19.0,0.9444439197533779,56.0,0.9824561403508771,3,94.671,Bahrain,VER
0,20.0,0.9999994444447531,57.0,1.0,3,94.923,Bahrain,VER
0,5.0,0.0,2.0,0.03508771929824561,1,96.541,Bahrain,PER
0,6.0,0.11111098765445816,3.0,0.05263157894736842,1,97.297,Bahrain,PER
0,7.0,0.22222197530891633,4.0,0.07017543859649122,1,97.722,Bahrain,PER
0,8.0,0.3333329629633745,5.0,0.08771929824561403,1,98.044,Bahrain,PER
0,9.0,0.44444395061783265,6.0,0.10526315789473684,1,97.823,Bahrain,PER
0,10.0,0.5555549382722909,7.0,0.12280701754385964,1,97.821,Bahrain,PER
0,11.0,0.666665925926749,8.0,0.14035087719298245,1,97.838,Bahrain,PER
0,12.0,0.7777769135812072,9.0,0.15789473684210525,1,97.596,Bahrain,PER
0,13.0,0.8888879012356653,10.0,0.17543859649122806,1,97.63,Bahrain,PER
0,14.0,0.9999988888901234,11.0,0.19298245614035087,1,97.836,Bahrain,PER
2,2.0,0.0,14.0,0.24561403508771928,2,95.606,Bahrain,PER
2,3.0,0.04761902494332146,15.0,0.2631578947368421,2,96.815,Bahrain,PER
2,4.0,0.09523804988664292,16.0,0.2807017543859649,2,95.783,Bahrain,PER
2,5.0,0.14285707482996438,17.0,0.2982456140350877,2,96.454,Bahrain,PER
2,6.0,0.19047609977328583,18.0,0.3157894736842105,2,96.311,Bahrain,PER
2,7.0,0.2380951247166073,19.0,0.3333333333333333,2,96.038,Bahrain,PER
2,8.0,0.28571414965992875,20.0,0.3508771929824561,2,96.278,Bahrain,PER
2,9.0,0.3333331746032502,21.0,0.3684210526315789,2,96.165,Bahrain,PER
2,10.0,0.38095219954657167,22.0,0.38596491228070173,2,96.037,Bahrain,PER
2,11.0,0.4285712244898931,23.0,0.40350877192982454,2,96.249,Bahrain,PER
2,12.0,0.4761902494332146,24.0,0.42105263157894735,2,96.211,Bahrain,PER
2,13.0,0.523809274376536,25.0,0.43859649122807015,2,96.344,Bahrain,PER
2,14.0,0.5714282993198575,26.0,0.45614035087719296,2,96.347,Bahrain,PER
2,15.0,0.619047324263179,27.0,0.47368421052631576,2,96.233,Bahrain,PER
2,16.0,0.6666663492065004,28.0,0.49122807017543857,2,96.226,Bahrain,PER
2,17.0,0.7142853741498219,29.0,0.5087719298245614,2,96.437,Bahrain,PER
2,18.0,0.7619043990931433,30.0,0.5263157894736842,2,96.313,Bahrain,PER
2,19.0,0.8095234240364647,31.0,0.543859649122807,2,96.339,Bahrain,PER
2,20.0,0.8571424489797862,32.0,0.5614035087719298,2,96.276,Bahrain,PER
2,21.0,0.9047614739231077,33.0,0.5789473684210527,2,96.564,Bahrain,PER
2,22.0,0.9523804988664292,34.0,0.5964912280701754,2,96.378,Bahrain,PER
2,23.0,0.9999995238097505,35.0,0.6140350877192983,2,96.776,Bahrain,PER
0,2.0,0.0,38.0,0.6666666666666666,3,94.804,Bahrain,PER
0,3.0,0.05263155124655198,39.0,0.6842105263157895,3,94.607,Bahrain,PER
0,4.0,0.10526310249310396,40.0,0.7017543859649122,3,94.364,Bahrain,PER
0,5.0,0.15789465373965592,41.0,0.7192982456140351,3,94.4,Bahrain,PER
0,6.0,0.21052620498620792,42.0,0.7368421052631579,3,94.525,Bahrain,PER
0,7.0,0.2631577562327599,43.0,0.7543859649122807,3,94.797,Bahrain,PER
0,8.0,0.31578930747931183,44.0,0.7719298245614035,3,94.799,Bahrain,PER
0,9.0,0.36842085872586383,45.0,0.7894736842105263,3,94.592,Bahrain,PER
0,10.0,0.42105240997241583,46.0,0.8070175438596491,3,94.844,Bahrain,PER
0,11.0,0.4736839612189678,47.0,0.8245614035087719,3,94.73,Bahrain,PER
0,12.0,0.5263155124655198,48.0,0.8421052631578947,3,94.885,Bahrain,PER
0,13.0,0.5789470637120717,49.0,0.8596491228070176,3,94.966,Bahrain,PER
0,14.0,0.6315786149586237,50.0,0.8771929824561403,3,95.082,Bahrain,PER
0,15.0,0.6842101662051757,51.0,0.8947368421052632,3,94.94,Bahrain,PER
0,16.0,0.7368417174517277,52.0,0.9122807017543859,3,95.183,Bahrain,PER
0,17.0,0.7894732686982796,53.0,0.9298245614035088,3,95.842,Bahrain,PER
0,18.0,0.8421048199448317,54.0,0.9473684210526315,3,95.459,Bahrain,PER
0,19.0,0.8947363711913836,55.0,0.9649122807017544,3,95.611,Bahrain,PER
0,20.0,0.9473679224379356,56.0,0.9824561403508771,3,95.568,Bahrain,PER
0,21.0,0.9999994736844876,57.0,1.0,3,95.746,Bahrain,PER
0,5.0,0.0,2.0,0.03508771929824561,1,97.236,Bahrain,SAI
0,6.0,0.09090900826453795,3.0,0.05263157894736842,1,97.08,Bahrain,SAI
0,7.0,0.1818180165290759,4.0,0.07017543859649122,1,97.264,Bahrain,SAI
0,8.0,0.2727270247936138,5.0,0.08771929824561403,1,98.032,Bahrain,SAI
0,9.0,0.3636360330581518,6.0,0.10526315789473684,1,97.741,Bahrain,SAI
0,10.0,0.45454504132268975,7.0,0.12280701754385964,1,98.26,Bahrain,SAI
0,11.0,0.5454540495872277,8.0,0.14035087719298245,1,98.183,Bahrain,SAI
0,12.0,0.6363630578517656,9.0,0.15789473684210525,1,98.03,Bahrain,SAI
0,13.0,0.7272720661163036,10.0,0.17543859649122806,1,97.608,Bahrain,SAI
0,14.0,0.8181810743808415,11.0,0.19298245614035087,1,97.656,Bahrain,SAI
0,15.0,0.9090900826453795,12.0,0.21052631578947367,1,97.65,Bahrain,SAI
0,16.0,0.9999990909099173,13.0,0.22807017543859648,1,97.243,Bahrain,SAI
2,2.0,0.0,16.0,0.2807017543859649,2,96.376,Bahrain,SAI
2,3.0,0.055555524691375174,17.0,0.2982456140350877,2,95.507,Bahrain,SAI
2,4.0,0.11111104938275035,18.0,0.3157894736842105,2,96.088,Bahrain,SAI
2,5.0,0.16666657407412552,19.0,0.3333333333333333,2,96.236,Bahrain,SAI
2,6.0,0.2222220987655007,20.0,0.3508771929824561,2,96.034,Bahrain,SAI
2,7.0,0.27777762345687584,21.0,0.3684210526315789,2,96.104,Bahrain,SAI
2,8.0,0.33333314814825105,22.0,0.38596491228070173,2,96.008,Bahrain,SAI
2,9.0,0.3888886728396262,23.0,0.40350877192982454,2,96.149,Bahrain,SAI
2,10.0,0.4444441975310014,24.0,0.42105263157894735,2,96.2,Bahrain,SAI
2,11.0,0.49999972222237654,25.0,0.43859649122807015,2,96.22,Bahrain,SAI
2,12.0,0.5555552469137517,26.0,0.45614035087719296,2,96.221,Bahrain,SAI
2,13.0,0.611110771605127,27.0,0.47368421052631576,2,96.272,Bahrain,SAI
2,14.0,0.6666662962965021,28.0,0.49122807017543857,2,96.534,Bahrain,SAI
2,15.0,0.7222218209878772,29.0,0.5087719298245614,2,96.6,Bahrain,SAI
2,16.0,0.7777773456792524,30.0,0.5263157894736842,2,96.337,Bahrain,SAI
2,17.0,0.8333328703706276,31.0,0.543859649122807,2,96.537,Bahrain,SAI
2,18.0,0.8888883950620028,32.0,0.5614035087719298,2,96.762,Bahrain,SAI
2,19.0,0.9444439197533779,33.0,0.5789473684210527,2,96.556,Bahrain,SAI
2,20.0,0.9999994444447531,34.0,0.5964912280701754,2,96.551,Bahrain,SAI
2,2.0,0.0,37.0,0.6491228070175439,3,95.302,Bahrain,SAI
2,3.0,0.0499999750000125,38.0,0.6666666666666666,3,95.1,Bahrain,SAI
2,4.0,0.099999950000025,39.0,0.6842105263157895,3,94.709,Bahrain,SAI
2,5.0,0.1499999250000375,40.0,0.7017543859649122,3,94.739,Bahrain,SAI
2,6.0,0.19999990000005,41.0,0.7192982456140351,3,95.041,Bahrain,SAI
2,7.0,0.24999987500006252,42.0,0.7368421052631579,3,94.861,Bahrain,SAI
2,8.0,0.299999850000075,43.0,0.7543859649122807,3,94.795,Bahrain,SAI
2,9.0,0.3499998250000875,44.0,0.7719298245614035,3,94.507,Bahrain,SAI
2,10.0,0.3999998000001,45.0,0.7894736842105263,3,94.79,Bahrain,SAI
2,11.0,0.4499997750001125,46.0,0.8070175438596491,3,94.853,Bahrain,SAI
2,12.0,0.49999975000012503,47.0,0.8245614035087719,3,94.901,Bahrain,SAI
2,13.0,0.5499997250001375,48.0,0.8421052631578947,3,94.981,Bahrain,SAI
2,14.0,0.59999970000015,49.0,0.8596491228070176,3,95.44,Bahrain,SAI
2,15.0,0.6499996750001625,50.0,0.8771929824561403,3,95.142,Bahrain,SAI
2,16.0,0.699999650000175,51.0,0.8947368421052632,3,95.282,Bahrain,SAI
2,17.0,0.7499996250001875,52.0,0.9122807017543859,3,95.083,Bahrain,SAI
2,18.0,0.7999996000002,53.0,0.9298245614035088,3,95.211,Bahrain,SAI
2,19.0,0.8499995750002125,54.0,0.9473684210526315,3,95.309,Bahrain,SAI
2,20.0,0.899999550000225,55.0,0.9649122807017544,3,95.407,Bahrain,SAI
2,21.0,0.9499995250002375,56.0,0.9824561403508771,3,95.305,Bahrain,SAI
2,22.0,0.9999995000002501,57.0,1.0,3,95.327,Bahrain,SAI
0,5.0,0.0,2.0,0.03508771929824561,1,96.862,Bahrain,LEC
0,6.0,0.12499984375019532,3.0,0.05263157894736842,1,98.062,Bahrain,LEC
0,7.0,0.24999968750039064,4.0,0.07017543859649122,1,97.752,Bahrain,LEC
0,8.0,0.37499953125058594,5.0,0.08771929824561403,1,98.131,Bahrain,LEC
0,9.0,0.4999993750007813,6.0,0.10526315789473684,1,97.782,Bahrain,LEC
0,10.0,0.6249992187509766,7.0,0.12280701754385964,1,98.957,Bahrain,LEC
0,11.0,0.7499990625011719,8.0,0.14035087719298245,1,98.136,Bahrain,LEC
0,12.0,0.8749989062513672,9.0,0.15789473684210525,1,97.844,Bahrain,LEC
0,13.0,0.9999987500015626,10.0,0.17543859649122806,1,97.884,Bahrain,LEC
2,2.0,0.0,13.0,0.22807017543859648,2,96.432,Bahrain,LEC
2,3.0,0.0499999750000125,14.0,0.24561403508771928,2,96.756,Bahrain,LEC
2,4.0,0.099999950000025,15.0,0.2631578947368421,2,96.813,Bahrain,LEC
2,5.0,0.1499999250000375,16.0,0.2807017543859649,2,96.673,Bahrain,LEC
2,6.0,0.19999990000005,17.0,0.2982456140350877,2,97.302,Bahrain,LEC
2,7.0,0.24999987500006252,18.0,0.3157894736842105,2,97.438,Bahrain,LEC
2,8.0,0.299999850000075,19.0,0.3333333333333333,2,96.821,Bahrain,LEC
2,9.0,0.3499998250000875,20.0,0.3508771929824561,2,96.794,Bahrain,LEC
2,10.0,0.3999998000001,21.0,0.3684210526315789,2,96.977,Bahrain,LEC
2,11.0,0.4499997750001125,22.0,0.38596491228070173,2,96.796,Bahrain,LEC
2,12.0,0.49999975000012503,23.0,0.40350877192982454,2,96.987,Bahrain,LEC
2,13.0,0.5499997250001375,24.0,0.42105263157894735,2,96.924,Bahrain,LEC
2,14.0,0.59999970000015,25.0,0.43859649122807015,2,96.76,Bahrain,LEC
2,15.0,0.6499996750001625,26.0,0.45614035087719296,2,96.81,Bahrain,LEC
2,16.0,0.699999650000175,27.0,0.47368421052631576,2,96.831,Bahrain,LEC
2,17.0,0.7499996250001875,28.0,0.49122807017543857,2,96.907,Bahrain,LEC
2,18.0,0.7999996000002,29.0,0.5087719298245614,2,96.963,Bahrain,LEC
2,19.0,0.8499995750002125,30.0,0.5263157894736842,2,97.158,Bahrain,LEC
2,20.0,0.899999550000225,31.0,0.543859649122807,2,97.031,Bahrain,LEC
2,21.0,0.9499995250002375,32.0,0.5614035087719298,2,96.941,Bahrain,LEC
2,22.0,0.9999995000002501,33.0,0.5789473684210527,2,96.741,Bahrain,LEC
2,2.0,0.0,36.0,0.631578947368421,3,94.09,Bahrain,LEC
2,3.0,0.04761902494332146,37.0,0.6491228070175439,3,94.897,Bahrain,LEC
2,4.0,0.09523804988664292,38.0,0.6666666666666666,3,94.783,Bahrain,LEC
2,5.0,0.14285707482996438,39.0,0.6842105263157895,3,95.087,Bahrain,LEC
2,6.0,0.19047609977328583,40.0,0.7017543859649122,3,94.859,Bahrain,LEC
2,7.0,0.2380951247166073,41.0,0.7192982456140351,3,95.028,Bahrain,LEC
2,8.0,0.28571414965992875,42.0,0.7368421052631579,3,94.982,Bahrain,LEC
2,9.0,0.3333331746032502,43.0,0.7543859649122807,3,95.192,Bahrain,LEC
2,10.0,0.38095219954657167,44.0,0.7719298245614035,3,95.051,Bahrain,LEC
2,11.0,0.4285712244898931,45.0,0.7894736842105263,3,95.22,Bahrain,LEC
2,12.0,0.4761902494332146,46.0,0.8070175438596491,3,95.058,Bahrain,LEC
2,13.0,0.523809274376536,47.0,0.8245614035087719,3,95.057,Bahrain,LEC
2,14.0,0.5714282993198575,48.0,0.8421052631578947,3,95.308,Bahrain,LEC
2,15.0,0.619047324263179,49.0,0.8596491228070176,3,95.302,Bahrain,LEC
2,16.0,0.6666663492065004,50.0,0.8771929824561403,3,95.383,Bahrain,LEC
2,17.0,0.7142853741498219,51.0,0.8947368421052632,3,95.418,Bahrain,LEC
2,18.0,0.7619043990931433,52.0,0.9122807017543859,3,95.394,Bahrain,LEC
2,19.0,0.8095234240364647,53.0,0.9298245614035088,3,95.48,Bahrain,LEC
2,20.0,0.8571424489797862,54.0,0.9473684210526315,3,95.265,Bahrain,LEC
2,21.0,0.9047614739231077,55.0,0.9649122807017544,3,95.785,Bahrain,LEC
2,22.0,0.9523804988664292,56.0,0.9824561403508771,3,95.924,Bahrain,LEC
2,23.0,0.9999995238097505,57.0,1.0,3,96.324,Bahrain,LEC
0,5.0,0.0,2.0,0.03508771929824561,1,96.635,Bahrain,RUS
0,6.0,0.12499984375019532,3.0,0.05263157894736842,1,96.406,Bahrain,RUS
0,7.0,0.24999968750039064,4.0,0.07017543859649122,1,97.738,Bahrain,RUS
0,8.0,0.37499953125058594,5.0,0.08771929824561403,1,98.116,Bahrain,RUS
0,9.0,0.4999993750007813,6.0,0.10526315789473684,1,97.784,Bahrain,RUS
0,10.0,0.6249992187509766,7.0,0.12280701754385964,1,98.082,Bahrain,RUS
0,11.0,0.7499990625011719,8.0,0.14035087719298245,1,97.862,Bahrain,RUS
0,12.0,0.8749989062513672,9.0,0.15789473684210525,1,97.73,Bahrain,RUS
0,13.0,0.9999987500015626,10.0,0.17543859649122806,1,97.782,Bahrain,RUS
2,2.0,0.0,13.0,0.22807017543859648,2,97.167,Bahrain,RUS
2,3.0,0.058823494809708936,14.0,0.24561403508771928,2,97.571,Bahrain,RUS
2,4.0,0.11764698961941787,15.0,0.2631578947368421,2,96.922,Bahrain,RUS
2,5.0,0.1764704844291268,16.0,0.2807017543859649,2,96.683,Bahrain,RUS
2,6.0,0.23529397923883574,17.0,0.2982456140350877,2,96.234,Bahrain,RUS
2,7.0,0.29411747404854466,18.0,0.3157894736842105,2,97.819,Bahrain,RUS
2,8.0,0.3529409688582536,19.0,0.3333333333333333,2,97.233,Bahrain,RUS
2,9.0,0.41176446366796254,20.0,0.3508771929824561,2,96.732,Bahrain,RUS
2,10.0,0.4705879584776715,21.0,0.3684210526315789,2,96.769,Bahrain,RUS
2,11.0,0.5294114532873805,22.0,0.38596491228070173,2,96.992,Bahrain,RUS
2,12.0,0.5882349480970893,23.0,0.40350877192982454,2,96.954,Bahrain,RUS
2,13.0,0.6470584429067983,24.0,0.42105263157894735,2,96.736,Bahrain,RUS
2,14.0,0.7058819377165072,25.0,0.43859649122807015,2,96.928,Bahrain,RUS
2,15.0,0.7647054325262161,26.0,0.45614035087719296,2,96.801,Bahrain,RUS
2,16.0,0.8235289273359251,27.0,0.47368421052631576,2,96.815,Bahrain,RUS
2,17.0,0.882352422145634,28.0,0.49122807017543857,2,96.911,Bahrain,RUS
2,18.0,0.941175916955343,29.0,0.5087719298245614,2,97.066,Bahrain,RUS
2,19.0,0.9999994117650519,30.0,0.5263157894736842,2,97.186,Bahrain,RUS
2,2.0,0.0,33.0,0.5789473684210527,3,95.838,Bahrain,RUS
2,3.0,0.04166664930556279,34.0,0.5964912280701754,3,95.241,Bahrain,RUS
2,4.0,0.08333329861112558,35.0,0.6140350877192983,3,95.772,Bahrain,RUS
2,5.0,0.12499994791668836,36.0,0.631578947368421,3,95.434,Bahrain,RUS
2,6.0,0.16666659722225116,37.0,0.6491228070175439,3,95.481,Bahrain,RUS
2,7.0,0.20833324652781396,38.0,0.6666666666666666,3,95.479,Bahrain,RUS
2,8.0,0.24999989583337673,39.0,0.6842105263157895,3,95.204,Bahrain,RUS
2,9.0,0.2916665451389395,40.0,0.7017543859649122,3,95.065,Bahrain,RUS
2,10.0,0.3333331944445023,41.0,0.7192982456140351,3,95.093,Bahrain,RUS
2,11.0,0.3749998437500651,42.0,0.7368421052631579,3,95.136,Bahrain,RUS
2,12.0,0.4166664930556279,43.0,0.7543859649122807,3,95.193,Bahrain,RUS
2,13.0,0.4583331423611907,44.0,0.7719298245614035,3,95.162,Bahrain,RUS
2,14.0,0.49999979166675346,45.0,0.7894736842105263,3,95.276,Bahrain,RUS
2,15.0,0.5416664409723163,46.0,0.8070175438596491,3,96.657,Bahrain,RUS
2,16.0,0.583333090277879,47.0,0.8245614035087719,3,95.805,Bahrain,RUS
2,17.0,0.6249997395834419,48.0,0.8421052631578947,3,96.059,Bahrain,RUS
2,18.0,0.6666663888890046,49.0,0.8596491228070176,3,95.954,Bahrain,RUS
2,19.0,0.7083330381945674,50.0,0.8771929824561403,3,96.181,Bahrain,RUS
2,20.0,0.7499996875001302,51.0,0.8947368421052632,3,95.852,Bahrain,RUS
2,21.0,0.791666336805693,52.0,0.9122807017543859,3,96.186,Bahrain,RUS
2,22.0,0.8333329861112558,53.0,0.9298245614035088,3,95.979,Bahrain,RUS
2,23.0,0.8749996354168186,54.0,0.9473684210526315,3,96.013,Bahrain,RUS
2,24.0,0.9166662847223814,55.0,0.9649122807017544,3,96.151,Bahrain,RUS
2,25.0,0.9583329340279442,56.0,0.9824561403508771,3,96.35,Bahrain,RUS
2,26.0,0.9999995833335069,57.0,1.0,3,96.44,Bahrain,RUS
0,5.0,0.0,2.0,0.03508771929824561,1,98.01,Bahrain,NOR
0,6.0,0.0999999000001,3.0,0.05263157894736842,1,97.787,Bahrain,NOR
0,7.0,0.1999998000002,4.0,0.07017543859649122,1,97.45,Bahrain,NOR
0,8.0,0.2999997000003,5.0,0.08771929824561403,1,97.794,Bahrain,NOR
0,9.0,0.3999996000004,6.0,0.10526315789473684,1,97.896,Bahrain,NOR
0,10.0,0.49999950000050003,7.0,0.12280701754385964,1,97.86,Bahrain,NOR
0,11.0,0.5999994000006,8.0,0.14035087719298245,1,98.134,Bahrain,NOR
0,12.0,0.6999993000007,9.0,0.15789473684210525,1,98.064,Bahrain,NOR
0,13.0,0.7999992000008,10.0,0.17543859649122806,1,97.936,Bahrain,NOR
0,14.0,0.8999991000009,11.0,0.19298245614035087,1,98.172,Bahrain,NOR
0,15.0,0.9999990000010001,12.0,0.21052631578947367,1,98.082,Bahrain,NOR
2,2.0,0.0,15.0,0.2631578947368421,2,96.912,Bahrain,NOR
2,3.0,0.058823494809708936,16.0,0.2807017543859649,2,96.565,Bahrain,NOR
2,4.0,0.11764698961941787,17.0,0.2982456140350877,2,96.776,Bahrain,NOR
2,5.0,0.1764704844291268,18.0,0.3157894736842105,2,96.508,Bahrain,NOR
2,6.0,0.23529397923883574,19.0,0.3333333333333333,2,96.416,Bahrain,NOR
2,7.0,0.29411747404854466,20.0,0.3508771929824561,2,96.501,Bahrain,NOR
2,8.0,0.3529409688582536,21.0,0.3684210526315789,2,96.62,Bahrain,NOR
2,9.0,0.41176446366796254,22.0,0.38596491228070173,2,96.668,Bahrain,NOR
2,10.0,0.4705879584776715,23.0,0.40350877192982454,2,96.696,Bahrain,NOR
2,11.0,0.5294114532873805,24.0,0.42105263157894735,2,96.823,Bahrain,NOR
2,12.0,0.5882349480970893,25.0,0.43859649122807015,2,96.73,Bahrain,NOR
2,13.0,0.6470584429067983,26.0,0.45614035087719296,2,96.566,Bahrain,NOR
2,14.0,0.7058819377165072,27.0,0.47368421052631576,2,96.726,Bahrain,NOR
2,15.0,0.7647054325262161,28.0,0.49122807017543857,2,97.018,Bahrain,NOR
2,16.0,0.8235289273359251,29.0,0.5087719298245614,2,97.041,Bahrain,NOR
2,17.0,0.882352422145634,30.0,0.5263157894736842,2,96.986,Bahrain,NOR
2,18.0,0.941175916955343,31.0,0.543859649122807,2,97.083,Bahrain,NOR
2,19.0,0.9999994117650519,32.0,0.5614035087719298,2,97.171,Bahrain,NOR
2,2.0,0.0,35.0,0.6140350877192983,3,94.476,Bahrain,NOR
2,3.0,0.04545452479339782,36.0,0.631578947368421,3,95.69,Bahrain,NOR
2,4.0,0.09090904958679565,37.0,0.6491228070175439,3,95.067,Bahrain,NOR
2,5.0,0.13636357438019348,38.0,0.6666666666666666,3,95.149,Bahrain,NOR
2,6.0,0.1818180991735913,39.0,0.6842105263157895,3,94.88,Bahrain,NOR
2,7.0,0.2272726239669891,40.0,0.7017543859649122,3,95.276,Bahrain,NOR
2,8.0,0.27272714876038695,41.0,0.7192982456140351,3,95.069,Bahrain,NOR
2,9.0,0.31818167355378474,42.0,0.7368421052631579,3,95.165,Bahrain,NOR
2,10.0,0.3636361983471826,43.0,0.7543859649122807,3,95.295,Bahrain,NOR
2,11.0,0.40909072314058037,44.0,0.7719298245614035,3,95.346,Bahrain,NOR
2,12.0,0.4545452479339782,45.0,0.7894736842105263,3,95.338,Bahrain,NOR
2,13.0,0.49999977272737606,46.0,0.8070175438596491,3,95.371,Bahrain,NOR
2,14.0,0.5454542975207739,47.0,0.8245614035087719,3,95.485,Bahrain,NOR
2,15.0,0.5909088223141716,48.0,0.8421052631578947,3,95.717,Bahrain,NOR
2,16.0,0.6363633471075695,49.0,0.8596491228070176,3,95.674,Bahrain,NOR
2,17.0,0.6818178719009673,50.0,0.8771929824561403,3,95.657,Bahrain,NOR
2,18.0,0.7272723966943652,51.0,0.8947368421052632,3,96.038,Bahrain,NOR
2,19.0,0.772726921487763,52.0,0.9122807017543859,3,95.922,Bahrain,NOR
2,20.0,0.8181814462811607,53.0,0.9298245614035088,3,95.782,Bahrain,NOR
2,21.0,0.8636359710745586,54.0,0.9473684210526315,3,95.934,Bahrain,NOR
2,22.0,0.9090904958679564,55.0,0.9649122807017544,3,96.223,Bahrain,NOR
2,23.0,0.9545450206613543,56.0,0.9824561403508771,3,95.976,Bahrain,NOR
2,24.0,0.9999995454547521,57.0,1.0,3,96.582,Bahrain,NOR
0,5.0,0.0,2.0,0.03508771929824561,1,98.273,Bahrain,HAM
0,6.0,0.11111098765445816,3.0,0.05263157894736842,1,98.303,Bahrain,HAM
0,7.0,0.22222197530891633,4.0,0.07017543859649122,1,98.287,Bahrain,HAM
0,8.0,0.3333329629633745,5.0,0.08771929824561403,1,98.35,Bahrain,HAM
0,9.0,0.44444395061783265,6.0,0.10526315789473684,1,98.183,Bahrain,HAM
0,10.0,0.5555549382722909,7.0,0.12280701754385964,1,97.839,Bahrain,HAM
0,11.0,0.666665925926749,8.0,0.14035087719298245,1,98.221,Bahrain,HAM
0,12.0,0.7777769135812072,9.0,0.15789473684210525,1,98.645,Bahrain,HAM
0,13.0,0.8888879012356653,10.0,0.17543859649122806,1,98.037,Bahrain,HAM
0,14.0,0.9999988888901234,11.0,0.19298245614035087,1,98.236,Bahrain,HAM
2,2.0,0.0,14.0,0.24561403508771928,2,97.178,Bahrain,HAM
2,3.0,0.055555524691375174,15.0,0.2631578947368421,2,97.264,Bahrain,HAM
2,4.0,0.11111104938275035,16.0,0.2807017543859649,2,97.091,Bahrain,HAM
2,5.0,0.16666657407412552,17.0,0.2982456140350877,2,97.111,Bahrain,HAM
2,6.0,0.2222220987655007,18.0,0.3157894736842105,2,96.85,Bahrain,HAM
2,7.0,0.27777762345687584,19.0,0.3333333333333333,2,96.694,Bahrain,HAM
2,8.0,0.33333314814825105,20.0,0.3508771929824561,2,96.264,Bahrain,HAM
2,9.0,0.3888886728396262,21.0,0.3684210526315789,2,96.51,Bahrain,HAM
2,10.0,0.4444441975310014,22.0,0.38596491228070173,2,96.633,Bahrain,HAM
2,11.0,0.49999972222237654,23.0,0.40350877192982454,2,96.717,Bahrain,HAM
2,12.0,0.5555552469137517,24.0,0.42105263157894735,2,96.666,Bahrain,HAM
2,13.0,0.611110771605127,25.0,0.43859649122807015,2,96.919,Bahrain,HAM
2,14.0,0.6666662962965021,26.0,0.45614035087719296,2,96.714,Bahrain,HAM
2,15.0,0.7222218209878772,27.0,0.47368421052631576,2,97.201,Bahrain,HAM
2,16.0,0.7777773456792524,28.0,0.49122807017543857,2,96.692,Bahrain,HAM
2,17.0,0.8333328703706276,29.0,0.5087719298245614,2,96.786,Bahrain,HAM
2,18.0,0.8888883950620028,30.0,0.5263157894736842,2,97.244,Bahrain,HAM
2,19.0,0.9444439197533779,31.0,0.543859649122807,2,96.975,Bahrain,HAM
2,20.0,0.9999994444447531,32.0,0.5614035087719298,2,97.325,Bahrain,HAM
2,2.0,0.0,35.0,0.6140350877192983,3,95.489,Bahrain,HAM
2,3.0,0.04545452479339782,36.0,0.631578947368421,3,95.279,Bahrain,HAM
2,4.0,0.09090904958679565,37.0,0.6491228070175439,3,95.597,Bahrain,HAM
2,5.0,0.13636357438019348,38.0,0.6666666666666666,3,94.966,Bahrain,HAM
2,6.0,0.1818180991735913,39.0,0.6842105263157895,3,94.722,Bahrain,HAM
2,7.0,0.2272726239669891,40.0,0.7017543859649122,3,95.041,Bahrain,HAM
2,8.0,0.27272714876038695,41.0,0.7192982456140351,3,94.94,Bahrain,HAM
2,9.0,0.31818167355378474,42.0,0.7368421052631579,3,94.996,Bahrain,HAM
2,10.0,0.3636361983471826,43.0,0.7543859649122807,3,94.935,Bahrain,HAM
2,11.0,0.40909072314058037,44.0,0.7719298245614035,3,95.169,Bahrain,HAM
2,12.0,0.4545452479339782,45.0,0.7894736842105263,3,95.184,Bahrain,HAM
2,13.0,0.49999977272737606,46.0,0.8070175438596491,3,95.285,Bahrain,HAM
2,14.0,0.5454542975207739,47.0,0.8245614035087719,3,95.226,Bahrain,HAM
2,15.0,0.5909088223141716,48.0,0.8421052631578947,3,96.165,Bahrain,HAM
2,16.0,0.6363633471075695,49.0,0.8596491228070176,3,95.914,Bahrain,HAM
2,17.0,0.6818178719009673,50.0,0.8771929824561403,3,95.612,Bahrain,HAM
2,18.0,0.7272723966943652,51.0,0.8947368421052632,3,95.532,Bahrain,HAM
2,19.0,0.772726921487763,52.0,0.9122807017543859,3,95.479,Bahrain,HAM
2,20.0,0.8181814462811607,53.0,0.9298245614035088,3,95.55,Bahrain,HAM
2,21.0,0.8636359710745586,54.0,0.9473684210526315,3,95.974,Bahrain,HAM
2,22.0,0.9090904958679564,55.0,0.9649122807017544,3,95.633,Bahrain,HAM
2,23.0,0.9545450206613543,56.0,0.9824561403508771,3,95.706,Bahrain,HAM
2,24.0,0.9999995454547521,57.0,1.0,3,96.138,Bahrain,HAM
0,5.0,0.0,2.0,0.03508771929824561,1,98.382,Bahrain,PIA
0,6.0,0.11111098765445816,3.0,0.05263157894736842,1,98.258,Bahrain,PIA
0,7.0,0.22222197530891633,4.0,0.07017543859649122,1,97.897,Bahrain,PIA
0,8.0,0.3333329629633745,5.0,0.08771929824561403,1,97.859,Bahrain,PIA
0,9.0,0.44444395061783265,6.0,0.10526315789473684,1,97.955,Bahrain,PIA
0,10.0,0.5555549382722909,7.0,0.12280701754385964,1,97.984,Bahrain,PIA
0,11.0,0.666665925926749,8.0,0.14035087719298245,1,97.956,Bahrain,PIA
0,12.0,0.7777769135812072,9.0,0.15789473684210525,1,98.096,Bahrain,PIA
0,13.0,0.8888879012356653,10.0,0.17543859649122806,1,98.073,Bahrain,PIA
0,14.0,0.9999988888901234,11.0,0.19298245614035087,1,98.397,Bahrain,PIA
2,2.0,0.0,14.0,0.24561403508771928,2,96.796,Bahrain,PIA
2,3.0,0.05263155124655198,15.0,0.2631578947368421,2,96.823,Bahrain,PIA
2,4.0,0.10526310249310396,16.0,0.2807017543859649,2,96.427,Bahrain,PIA
2,5.0,0.15789465373965592,17.0,0.2982456140350877,2,96.872,Bahrain,PIA
2,6.0,0.21052620498620792,18.0,0.3157894736842105,2,97.095,Bahrain,PIA
2,7.0,0.2631577562327599,19.0,0.3333333333333333,2,96.577,Bahrain,PIA
2,8.0,0.31578930747931183,20.0,0.3508771929824561,2,96.644,Bahrain,PIA
2,9.0,0.36842085872586383,21.0,0.3684210526315789,2,96.733,Bahrain,PIA
2,10.0,0.42105240997241583,22.0,0.38596491228070173,2,96.555,Bahrain,PIA
2,11.0,0.4736839612189678,23.0,0.40350877192982454,2,96.68,Bahrain,PIA
2,12.0,0.5263155124655198,24.0,0.42105263157894735,2,96.884,Bahrain,PIA
2,13.0,0.5789470637120717,25.0,0.43859649122807015,2,97.008,Bahrain,PIA
2,14.0,0.6315786149586237,26.0,0.45614035087719296,2,96.882,Bahrain,PIA
2,15.0,0.6842101662051757,27.0,0.47368421052631576,2,96.905,Bahrain,PIA
2,16.0,0.7368417174517277,28.0,0.49122807017543857,2,96.905,Bahrain,PIA
2,17.0,0.7894732686982796,29.0,0.5087719298245614,2,97.179,Bahrain,PIA
2,18.0,0.8421048199448317,30.0,0.5263157894736842,2,97.177,Bahrain,PIA
2,19.0,0.8947363711913836,31.0,0.543859649122807,2,97.57,Bahrain,PIA
2,20.0,0.9473679224379356,32.0,0.5614035087719298,2,97.163,Bahrain,PIA
2,21.0,0.9999994736844876,33.0,0.5789473684210527,2,97.088,Bahrain,PIA
2,2.0,0.0,36.0,0.631578947368421,3,95.153,Bahrain,PIA
2,3.0,0.04761902494332146,37.0,0.6491228070175439,3,94.774,Bahrain,PIA
2,4.0,0.09523804988664292,38.0,0.6666666666666666,3,95.298,Bahrain,PIA
2,5.0,0.14285707482996438,39.0,0.6842105263157895,3,94.983,Bahrain,PIA
2,6.0,0.19047609977328583,40.0,0.7017543859649122,3,95.005,Bahrain,PIA
2,7.0,0.2380951247166073,41.0,0.7192982456140351,3,95.109,Bahrain,PIA
2,8.0,0.28571414965992875,42.0,0.7368421052631579,3,95.341,Bahrain,PIA
2,9.0,0.3333331746032502,43.0,0.7543859649122807,3,95.258,Bahrain,PIA
2,10.0,0.38095219954657167,44.0,0.7719298245614035,3,95.238,Bahrain,PIA
2,11.0,0.4285712244898931,45.0,0.7894736842105263,3,95.306,Bahrain,PIA
2,12.0,0.4761902494332146,46.0,0.8070175438596491,3,95.296,Bahrain,PIA
2,13.0,0.523809274376536,47.0,0.8245614035087719,3,95.376,Bahrain,PIA
2,14.0,0.5714282993198575,48.0,0.8421052631578947,3,95.702,Bahrain,PIA
2,15.0,0.619047324263179,49.0,0.8596491228070176,3,95.653,Bahrain,PIA
2,16.0,0.6666663492065004,50.0,0.8771929824561403,3,95.984,Bahrain,PIA
2,17.0,0.7142853741498219,51.0,0.8947368421052632,3,95.8,Bahrain,PIA
2,18.0,0.7619043990931433,52.0,0.9122807017543859,3,96.024,Bahrain,PIA
2,19.0,0.8095234240364647,53.0,0.9298245614035088,3,95.739,Bahrain,PIA
2,20.0,0.8571424489797862,54.0,0.9473684210526315,3,96.107,Bahrain,PIA
2,21.0,0.9047614739231077,55.0,0.9649122807017544,3,95.973,Bahrain,PIA
2,22.0,0.9523804988664292,56.0,0.9824561403508771,3,96.1,Bahrain,PIA
2,23.0,0.9999995238097505,57.0,1.0,3,95.92,Bahrain,PIA
0,5.0,0.0,2.0,0.03508771929824561,1,98.02,Bahrain,ALO
0,6.0,0.08333326388894677,3.0,0.05263157894736842,1,99.046,Bahrain,ALO
0,7.0,0.16666652777789354,4.0,0.07017543859649122,1,97.776,Bahrain,ALO
0,8.0,0.24999979166684028,5.0,0.08771929824561403,1,99.292,Bahrain,ALO
0,9.0,0.33333305555578707,6.0,0.10526315789473684,1,98.053,Bahrain,ALO
0,10.0,0.4166663194447338,7.0,0.12280701754385964,1,98.008,Bahrain,ALO
0,11.0,0.49999958333368055,8.0,0.14035087719298245,1,98.103,Bahrain,ALO
0,12.0,0.5833328472226273,9.0,0.15789473684210525,1,98.896,Bahrain,ALO
0,13.0,0.6666661111115741,10.0,0.17543859649122806,1,99.325,Bahrain,ALO
0,14.0,0.7499993750005208,11.0,0.19298245614035087,1,98.554,Bahrain,ALO
0,15.0,0.8333326388894676,12.0,0.21052631578947367,1,98.543,Bahrain,ALO
0,16.0,0.9166659027784144,13.0,0.22807017543859648,1,98.587,Bahrain,ALO
0,17.0,0.9999991666673611,14.0,0.24561403508771928,1,98.612,Bahrain,ALO
2,2.0,0.0,17.0,0.2982456140350877,2,96.97,Bahrain,ALO
2,3.0,0.043478241965981754,18.0,0.3157894736842105,2,97.361,Bahrain,ALO
2,4.0,0.08695648393196351,19.0,0.3333333333333333,2,97.072,Bahrain,ALO
2,5.0,0.13043472589794528,20.0,0.3508771929824561,2,97.357,Bahrain,ALO
2,6.0,0.17391296786392701,21.0,0.3684210526315789,2,97.342,Bahrain,ALO
2,7.0,0.21739120982990878,22.0,0.38596491228070173,2,97.122,Bahrain,ALO
2,8.0,0.26086945179589055,23.0,0.40350877192982454,2,97.265,Bahrain,ALO
2,9.0,0.30434769376187226,24.0,0.42105263157894735,2,97.046,Bahrain,ALO
2,10.0,0.34782593572785403,25.0,0.43859649122807015,2,97.179,Bahrain,ALO
2,11.0,0.3913041776938358,26.0,0.45614035087719296,2,97.638,Bahrain,ALO
2,12.0,0.43478241965981757,27.0,0.47368421052631576,2,96.945,Bahrain,ALO
2,13.0,0.4782606616257993,28.0,0.49122807017543857,2,97.256,Bahrain,ALO
2,14.0,0.5217389035917811,29.0,0.5087719298245614,2,97.104,Bahrain,ALO
2,15.0,0.5652171455577628,30.0,0.5263157894736842,2,96.982,Bahrain,ALO
2,16.0,0.6086953875237445,31.0,0.543859649122807,2,96.957,Bahrain,ALO
2,17.0,0.6521736294897263,32.0,0.5614035087719298,2,97.056,Bahrain,ALO
2,18.0,0.6956518714557081,33.0,0.5789473684210527,2,97.202,Bahrain,ALO
2,19.0,0.7391301134216899,34.0,0.5964912280701754,2,97.601,Bahrain,ALO
2,20.0,0.7826083553876716,35.0,0.6140350877192983,2,97.273,Bahrain,ALO
2,21.0,0.8260865973536533,36.0,0.631578947368421,2,98.343,Bahrain,ALO
2,22.0,0.8695648393196351,37.0,0.6491228070175439,2,96.799,Bahrain,ALO
2,23.0,0.9130430812856168,38.0,0.6666666666666666,2,97.297,Bahrain,ALO
2,24.0,0.9565213232515986,39.0,0.6842105263157895,2,97.946,Bahrain,ALO
2,25.0,0.9999995652175804,40.0,0.7017543859649122,2,98.061,Bahrain,ALO
2,2.0,0.0,43.0,0.7543859649122807,3,95.107,Bahrain,ALO
2,3.0,0.0714285204081997,44.0,0.7719298245614035,3,94.981,Bahrain,ALO
2,4.0,0.1428570408163994,45.0,0.7894736842105263,3,94.872,Bahrain,ALO
2,5.0,0.21428556122459913,46.0,0.8070175438596491,3,95.126,Bahrain,ALO
2,6.0,0.2857140816327988,47.0,0.8245614035087719,3,95.225,Bahrain,ALO
2,7.0,0.35714260204099857,48.0,0.8421052631578947,3,94.199,Bahrain,ALO
2,8.0,0.42857112244919826,49.0,0.8596491228070176,3,94.571,Bahrain,ALO
2,9.0,0.49999964285739795,50.0,0.8771929824561403,3,94.677,Bahrain,ALO
2,10.0,0.5714281632655976,51.0,0.8947368421052632,3,94.916,Bahrain,ALO
2,11.0,0.6428566836737974,52.0,0.9122807017543859,3,94.862,Bahrain,ALO
2,12.0,0.7142852040819971,53.0,0.9298245614035088,3,95.249,Bahrain,ALO
2,13.0,0.7857137244901968,54.0,0.9473684210526315,3,95.745,Bahrain,ALO
2,14.0,0.8571422448983965,55.0,0.9649122807017544,3,95.066,Bahrain,ALO
2,15.0,0.9285707653065962,56.0,0.9824561403508771,3,95.014,Bahrain,ALO
2,16.0,0.9999992857147959,57.0,1.0,3,95.276,Bahrain,ALO
0,2.0,0.0,2.0,0.03508771929824561,1,97.987,Bahrain,STR
0,3.0,0.16666638888935187,3.0,0.05263157894736842,1,98.279,Bahrain,STR
0,4.0,0.33333277777870374,4.0,0.07017543859649122,1,98.364,Bahrain,STR
0,5.0,0.4999991666680556,5.0,0.08771929824561403,1,98.725,Bahrain,STR
0,6.0,0.6666655555574075,6.0,0.10526315789473684,1,98.925,Bahrain,STR
0,7.0,0.8333319444467593,7.0,0.12280701754385964,1,98.769,Bahrain,STR
0,8.0,0.9999983333361112,8.0,0.14035087719298245,1,98.857,Bahrain,STR
2,2.0,0.0,11.0,0.19298245614035087,2,96.494,Bahrain,STR
2,3.0,0.06666662222225185,12.0,0.21052631578947367,2,97.175,Bahrain,STR
2,4.0,0.1333332444445037,13.0,0.22807017543859648,2,97.289,Bahrain,STR
2,5.0,0.19999986666675557,14.0,0.24561403508771928,2,97.624,Bahrain,STR
2,6.0,0.2666664888890074,15.0,0.2631578947368421,2,97.533,Bahrain,STR
2,7.0,0.3333331111112593,16.0,0.2807017543859649,2,98.027,Bahrain,STR
2,8.0,0.39999973333351113,17.0,0.2982456140350877,2,98.777,Bahrain,STR
2,9.0,0.46666635555576297,18.0,0.3157894736842105,2,97.417,Bahrain,STR
2,10.0,0.5333329777780148,19.0,0.3333333333333333,2,97.554,Bahrain,STR
2,11.0,0.5999996000002666,20.0,0.3508771929824561,2,97.859,Bahrain,STR
2,12.0,0.6666662222225186,21.0,0.3684210526315789,2,98.022,Bahrain,STR
2,13.0,0.7333328444447704,22.0,0.38596491228070173,2,98.175,Bahrain,STR
2,14.0,0.7999994666670223,23.0,0.40350877192982454,2,97.826,Bahrain,STR
2,15.0,0.8666660888892741,24.0,0.42105263157894735,2,98.138,Bahrain,STR
2,16.0,0.9333327111115259,25.0,0.43859649122807015,2,97.994,Bahrain,STR
2,17.0,0.9999993333337778,26.0,0.45614035087719296,2,98.133,Bahrain,STR
2,2.0,0.0,29.0,0.5087719298245614,3,95.854,Bahrain,STR
2,3.0,0.03571427295918823,30.0,0.5263157894736842,3,95.632,Bahrain,STR
2,4.0,0.07142854591837645,31.0,0.543859649122807,3,96.202,Bahrain,STR
2,5.0,0.10714281887756469,32.0,0.5614035087719298,3,95.821,Bahrain,STR
2,6.0,0.1428570918367529,33.0,0.5789473684210527,3,96.349,Bahrain,STR
2,7.0,0.17857136479594116,34.0,0.5964912280701754,3,96.332,Bahrain,STR
2,8.0,0.21428563775512938,35.0,0.6140350877192983,3,96.242,Bahrain,STR
2,9.0,0.2499999107143176,36.0,0.631578947368421,3,96.086,Bahrain,STR
2,10.0,0.2857141836735058,37.0,0.6491228070175439,3,95.987,Bahrain,STR
2,11.0,0.32142845663269404,38.0,0.6666666666666666,3,96.364,Bahrain,STR
2,12.0,0.3571427295918823,39.0,0.6842105263157895,3,96.353,Bahrain,STR
2,13.0,0.39285700255107053,40.0,0.7017543859649122,3,96.485,Bahrain,STR
2,14.0,0.42857127551025875,41.0,0.7192982456140351,3,96.322,Bahrain,STR
2,15.0,0.464285548469447,42.0,0.7368421052631579,3,96.343,Bahrain,STR
2,16.0,0.4999998214286352,43.0,0.7543859649122807,3,96.304,Bahrain,STR
2,17.0,0.5357140943878235,44.0,0.7719298245614035,3,96.564,Bahrain,STR
2,18.0,0.5714283673470116,45.0,0.7894736842105263,3,96.243,Bahrain,STR
2,19.0,0.6071426403061999,46.0,0.8070175438596491,3,96.379,Bahrain,STR
2,20.0,0.6428569132653881,47.0,0.8245614035087719,3,96.298,Bahrain,STR
2,21.0,0.6785711862245764,48.0,0.8421052631578947,3,97.325,Bahrain,STR
2,22.0,0.7142854591837646,49.0,0.8596491228070176,3,96.871,Bahrain,STR
2,23.0,0.7499997321429528,50.0,0.8771929824561403,3,96.541,Bahrain,STR
2,24.0,0.7857140051021411,51.0,0.8947368421052632,3,96.763,Bahrain,STR
2,25.0,0.8214282780613292,52.0,0.9122807017543859,3,96.934,Bahrain,STR
2,26.0,0.8571425510205175,53.0,0.9298245614035088,3,96.64,Bahrain,STR
2,27.0,0.8928568239797058,54.0,0.9473684210526315,3,96.693,Bahrain,STR
2,28.0,0.928571096938894,55.0,0.9649122807017544,3,96.68,Bahrain,STR
2,29.0,0.9642853698980822,56.0,0.9824561403508771,3,96.582,Bahrain,STR
2,30.0,0.9999996428572704,57.0,1.0,3,97.335,Bahrain,STR
0,2.0,0.0,2.0,0.03508771929824561,1,98.92,Bahrain,ZHO
0,3.0,0.16666638888935187,3.0,0.05263157894736842,1,98.582,Bahrain,ZHO
0,4.0,0.33333277777870374,4.0,0.07017543859649122,1,98.428,Bahrain,ZHO
0,5.0,0.4999991666680556,5.0,0.08771929824561403,1,98.798,Bahrain,ZHO
0,6.0,0.6666655555574075,6.0,0.10526315789473684,1,98.488,Bahrain,ZHO
0,7.0,0.8333319444467593,7.0,0.12280701754385964,1,99.517,Bahrain,ZHO
0,8.0,0.9999983333361112,8.0,0.14035087719298245,1,99.646,Bahrain,ZHO
2,2.0,0.0,11.0,0.19298245614035087,2,96.365,Bahrain,ZHO
2,3.0,0.06249996093752441,12.0,0.21052631578947367,2,96.995,Bahrain,ZHO
2,4.0,0.12499992187504883,13.0,0.22807017543859648,2,97.436,Bahrain,ZHO
2,5.0,0.18749988281257324,14.0,0.24561403508771928,2,97.482,Bahrain,ZHO
2,6.0,0.24999984375009765,15.0,0.2631578947368421,2,97.5,Bahrain,ZHO
2,7.0,0.31249980468762206,16.0,0.2807017543859649,2,97.659,Bahrain,ZHO
2,8.0,0.3749997656251465,17.0,0.2982456140350877,2,98.475,Bahrain,ZHO
2,9.0,0.4374997265626709,18.0,0.3157894736842105,2,97.552,Bahrain,ZHO
2,10.0,0.4999996875001953,19.0,0.3333333333333333,2,97.652,Bahrain,ZHO
2,11.0,0.5624996484377197,20.0,0.3508771929824561,2,97.749,Bahrain,ZHO
2,12.0,0.6249996093752441,21.0,0.3684210526315789,2,97.947,Bahrain,ZHO
2,13.0,0.6874995703127685,22.0,0.38596491228070173,2,97.852,Bahrain,ZHO
2,14.0,0.749999531250293,23.0,0.40350877192982454,2,97.788,Bahrain,ZHO
2,15.0,0.8124994921878174,24.0,0.42105263157894735,2,97.894,Bahrain,ZHO
2,16.0,0.8749994531253418,25.0,0.43859649122807015,2,97.883,Bahrain,ZHO
2,17.0,0.9374994140628662,26.0,0.45614035087719296,2,97.995,Bahrain,ZHO
2,18.0,0.9999993750003906,27.0,0.47368421052631576,2,98.053,Bahrain,ZHO
2,2.0,0.0,30.0,0.5263157894736842,3,95.458,Bahrain,ZHO
2,3.0,0.03846152366864474,31.0,0.543859649122807,3,96.297,Bahrain,ZHO
2,4.0,0.07692304733728948,32.0,0.5614035087719298,3,96.048,Bahrain,ZHO
2,5.0,0.11538457100593423,33.0,0.5789473684210527,3,97.971,Bahrain,ZHO
2,6.0,0.15384609467457896,34.0,0.5964912280701754,3,96.518,Bahrain,ZHO
2,7.0,0.1923076183432237,35.0,0.6140350877192983,3,96.546,Bahrain,ZHO
2,8.0,0.23076914201186846,36.0,0.631578947368421,3,96.931,Bahrain,ZHO
2,9.0,0.2692306656805132,37.0,0.6491228070175439,3,96.805,Bahrain,ZHO
2,10.0,0.30769218934915793,38.0,0.6666666666666666,3,96.857,Bahrain,ZHO
2,11.0,0.3461537130178027,39.0,0.6842105263157895,3,96.637,Bahrain,ZHO
2,12.0,0.3846152366864474,40.0,0.7017543859649122,3,96.683,Bahrain,ZHO
2,13.0,0.4230767603550922,41.0,0.7192982456140351,3,96.695,Bahrain,ZHO
2,14.0,0.4615382840237369,42.0,0.7368421052631579,3,96.652,Bahrain,ZHO
2,15.0,0.49999980769238167,43.0,0.7543859649122807,3,96.771,Bahrain,ZHO
2,16.0,0.5384613313610264,44.0,0.7719298245614035,3,97.417,Bahrain,ZHO
2,17.0,0.5769228550296711,45.0,0.7894736842105263,3,96.68,Bahrain,ZHO
2,18.0,0.6153843786983159,46.0,0.8070175438596491,3,96.741,Bahrain,ZHO
2,19.0,0.6538459023669606,47.0,0.8245614035087719,3,96.561,Bahrain,ZHO
2,20.0,0.6923074260356054,48.0,0.8421052631578947,3,96.654,Bahrain,ZHO
2,21.0,0.7307689497042501,49.0,0.8596491228070176,3,96.72,Bahrain,ZHO
2,22.0,0.7692304733728949,50.0,0.8771929824561403,3,96.792,Bahrain,ZHO
2,23.0,0.8076919970415396,51.0,0.8947368421052632,3,97.042,Bahrain,ZHO
2,24.0,0.8461535207101843,52.0,0.9122807017543859,3,97.394,Bahrain,ZHO
2,25.0,0.8846150443788291,53.0,0.9298245614035088,3,97.141,Bahrain,ZHO
2,26.0,0.9230765680474738,54.0,0.9473684210526315,3,98.389,Bahrain,ZHO
2,27.0,0.9615380917161186,55.0,0.9649122807017544,3,97.383,Bahrain,ZHO
2,28.0,0.9999996153847633,56.0,0.9824561403508771,3,97.333,Bahrain,ZHO
0,2.0,0.0,2.0,0.03508771929824561,1,98.911,Bahrain,MAG
0,3.0,0.12499984375019532,3.0,0.05263157894736842,1,98.399,Bahrain,MAG
0,4.0,0.24999968750039064,4.0,0.07017543859649122,1,98.497,Bahrain,MAG
0,5.0,0.37499953125058594,5.0,0.08771929824561403,1,98.576,Bahrain,MAG
0,6.0,0.4999993750007813,6.0,0.10526315789473684,1,98.529,Bahrain,MAG
0,7.0,0.6249992187509766,7.0,0.12280701754385964,1,100.058,Bahrain,MAG
0,8.0,0.7499990625011719,8.0,0.14035087719298245,1,99.172,Bahrain,MAG
0,9.0,0.8749989062513672,9.0,0.15789473684210525,1,98.861,Bahrain,MAG
0,10.0,0.9999987500015626,10.0,0.17543859649122806,1,98.747,Bahrain,MAG
2,2.0,0.0,13.0,0.22807017543859648,2,96.89,Bahrain,MAG
2,3.0,0.055555524691375174,14.0,0.24561403508771928,2,97.59,Bahrain,MAG
2,4.0,0.11111104938275035,15.0,0.2631578947368421,2,98.332,Bahrain,MAG
2,5.0,0.16666657407412552,16.0,0.2807017543859649,2,97.749,Bahrain,MAG
2,6.0,0.2222220987655007,17.0,0.2982456140350877,2,98.282,Bahrain,MAG
2,7.0,0.27777762345687584,18.0,0.3157894736842105,2,97.583,Bahrain,MAG
2,8.0,0.33333314814825105,19.0,0.3333333333333333,2,97.792,Bahrain,MAG
2,9.0,0.3888886728396262,20.0,0.3508771929824561,2,98.062,Bahrain,MAG
2,10.0,0.4444441975310014,21.0,0.3684210526315789,2,98.01,Bahrain,MAG
2,11.0,0.49999972222237654,22.0,0.38596491228070173,2,98.147,Bahrain,MAG
2,12.0,0.5555552469137517,23.0,0.40350877192982454,2,98.293,Bahrain,MAG
2,13.0,0.611110771605127,24.0,0.42105263157894735,2,98.156,Bahrain,MAG
2,14.0,0.6666662962965021,25.0,0.43859649122807015,2,98.29,Bahrain,MAG
2,15.0,0.7222218209878772,26.0,0.45614035087719296,2,98.093,Bahrain,MAG
2,16.0,0.7777773456792524,27.0,0.47368421052631576,2,98.226,Bahrain,MAG
2,17.0,0.8333328703706276,28.0,0.49122807017543857,2,97.936,Bahrain,MAG
2,18.0,0.8888883950620028,29.0,0.5087719298245614,2,97.965,Bahrain,MAG
2,19.0,0.9444439197533779,30.0,0.5263157894736842,2,98.04,Bahrain,MAG
2,20.0,0.9999994444447531,31.0,0.543859649122807,2,98.0,Bahrain,MAG
2,2.0,0.0,34.0,0.5964912280701754,3,95.57,Bahrain,MAG
2,3.0,0.04545452479339782,35.0,0.6140350877192983,3,95.698,Bahrain,MAG
2,4.0,0.09090904958679565,36.0,0.631578947368421,3,95.851,Bahrain,MAG
2,5.0,0.13636357438019348,37.0,0.6491228070175439,3,95.741,Bahrain,MAG
2,6.0,0.1818180991735913,38.0,0.6666666666666666,3,96.042,Bahrain,MAG
2,7.0,0.2272726239669891,39.0,0.6842105263157895,3,95.876,Bahrain,MAG
2,8.0,0.27272714876038695,40.0,0.7017543859649122,3,96.071,Bahrain,MAG
2,9.0,0.31818167355378474,41.0,0.7192982456140351,3,96.34,Bahrain,MAG
2,10.0,0.3636361983471826,42.0,0.7368421052631579,3,96.31,Bahrain,MAG
2,11.0,0.40909072314058037,43.0,0.7543859649122807,3,96.232,Bahrain,MAG
2,12.0,0.4545452479339782,44.0,0.7719298245614035,3,96.249,Bahrain,MAG
2,13.0,0.49999977272737606,45.0,0.7894736842105263,3,96.349,Bahrain,MAG
2,14.0,0.5454542975207739,46.0,0.8070175438596491,3,96.446,Bahrain,MAG
2,15.0,0.5909088223141716,47.0,0.8245614035087719,3,96.454,Bahrain,MAG
2,16.0,0.6363633471075695,48.0,0.8421052631578947,3,96.679,Bahrain,MAG
2,17.0,0.6818178719009673,49.0,0.8596491228070176,3,96.842,Bahrain,MAG
2,18.0,0.7272723966943652,50.0,0.8771929824561403,3,97.035,Bahrain,MAG
2,19.0,0.772726921487763,51.0,0.8947368421052632,3,96.929,Bahrain,MAG
2,20.0,0.8181814462811607,52.0,0.9122807017543859,3,96.93,Bahrain,MAG
2,21.0,0.8636359710745586,53.0,0.9298245614035088,3,97.958,Bahrain,MAG
2,22.0,0.9090904958679564,54.0,0.9473684210526315,3,96.89,Bahrain,MAG
2,23.0,0.9545450206613543,55.0,0.9649122807017544,3,97.457,Bahrain,MAG
2,24.0,0.9999995454547521,56.0,0.9824561403508771,3,97.584,Bahrain,MAG
0,5.0,0.0,2.0,0.03508771929824561,1,99.509,Bahrain,RIC
0,6.0,0.0999999000001,3.0,0.05263157894736842,1,98.76,Bahrain,RIC
0,7.0,0.1999998000002,4.0,0.07017543859649122,1,98.61,Bahrain,RIC
0,8.0,0.2999997000003,5.0,0.08771929824561403,1,98.704,Bahrain,RIC
0,9.0,0.3999996000004,6.0,0.10526315789473684,1,98.689,Bahrain,RIC
0,10.0,0.49999950000050003,7.0,0.12280701754385964,1,99.193,Bahrain,RIC
0,11.0,0.5999994000006,8.0,0.14035087719298245,1,99.529,Bahrain,RIC
0,12.0,0.6999993000007,9.0,0.15789473684210525,1,99.338,Bahrain,RIC
0,13.0,0.7999992000008,10.0,0.17543859649122806,1,98.782,Bahrain,RIC
0,14.0,0.8999991000009,11.0,0.19298245614035087,1,99.033,Bahrain,RIC
0,15.0,0.9999990000010001,12.0,0.21052631578947367,1,98.893,Bahrain,RIC
2,2.0,0.0,15.0,0.2631578947368421,2,97.07,Bahrain,RIC
2,3.0,0.05263155124655198,16.0,0.2807017543859649,2,97.176,Bahrain,RIC
2,4.0,0.10526310249310396,17.0,0.2982456140350877,2,97.29,Bahrain,RIC
2,5.0,0.15789465373965592,18.0,0.3157894736842105,2,97.7,Bahrain,RIC
2,6.0,0.21052620498620792,19.0,0.3333333333333333,2,98.35,Bahrain,RIC
2,7.0,0.2631577562327599,20.0,0.3508771929824561,2,97.865,Bahrain,RIC
2,8.0,0.31578930747931183,21.0,0.3684210526315789,2,97.392,Bahrain,RIC
2,9.0,0.36842085872586383,22.0,0.38596491228070173,2,97.75,Bahrain,RIC
2,10.0,0.42105240997241583,23.0,0.40350877192982454,2,97.772,Bahrain,RIC
2,11.0,0.4736839612189678,24.0,0.42105263157894735,2,97.766,Bahrain,RIC
2,12.0,0.5263155124655198,25.0,0.43859649122807015,2,97.973,Bahrain,RIC
2,13.0,0.5789470637120717,26.0,0.45614035087719296,2,98.029,Bahrain,RIC
2,14.0,0.6315786149586237,27.0,0.47368421052631576,2,98.152,Bahrain,RIC
2,15.0,0.6842101662051757,28.0,0.49122807017543857,2,98.045,Bahrain,RIC
2,16.0,0.7368417174517277,29.0,0.5087719298245614,2,97.96,Bahrain,RIC
2,17.0,0.7894732686982796,30.0,0.5263157894736842,2,97.978,Bahrain,RIC
2,18.0,0.8421048199448317,31.0,0.543859649122807,2,98.154,Bahrain,RIC
2,19.0,0.8947363711913836,32.0,0.5614035087719298,2,98.025,Bahrain,RIC
2,20.0,0.9473679224379356,33.0,0.5789473684210527,2,98.15,Bahrain,RIC
2,21.0,0.9999994736844876,34.0,0.5964912280701754,2,98.246,Bahrain,RIC
0,2.0,0.0,37.0,0.6491228070175439,3,95.163,Bahrain,RIC
0,3.0,0.05263155124655198,38.0,0.6666666666666666,3,95.46,Bahrain,RIC
0,4.0,0.10526310249310396,39.0,0.6842105263157895,3,95.475,Bahrain,RIC
0,5.0,0.15789465373965592,40.0,0.7017543859649122,3,95.578,Bahrain,RIC
0,6.0,0.21052620498620792,41.0,0.7192982456140351,3,95.644,Bahrain,RIC
0,7.0,0.2631577562327599,42.0,0.7368421052631579,3,95.338,Bahrain,RIC
0,8.0,0.31578930747931183,43.0,0.7543859649122807,3,95.56,Bahrain,RIC
0,9.0,0.36842085872586383,44.0,0.7719298245614035,3,95.49,Bahrain,RIC
0,10.0,0.42105240997241583,45.0,0.7894736842105263,3,95.57,Bahrain,RIC
0,11.0,0.4736839612189678,46.0,0.8070175438596491,3,95.507,Bahrain,RIC
0,12.0,0.5263155124655198,47.0,0.8245614035087719,3,95.831,Bahrain,RIC
0,13.0,0.5789470637120717,48.0,0.8421052631578947,3,96.236,Bahrain,RIC
0,14.0,0.6315786149586237,49.0,0.8596491228070176,3,96.442,Bahrain,RIC
0,15.0,0.6842101662051757,50.0,0.8771929824561403,3,96.609,Bahrain,RIC
0,16.0,0.7368417174517277,51.0,0.8947368421052632,3,97.103,Bahrain,RIC
0,17.0,0.7894732686982796,52.0,0.9122807017543859,3,97.529,Bahrain,RIC
0,18.0,0.8421048199448317,53.0,0.9298245614035088,3,96.745,Bahrain,RIC
0,19.0,0.8947363711913836,54.0,0.9473684210526315,3,96.661,Bahrain,RIC
0,20.0,0.9473679224379356,55.0,0.9649122807017544,3,97.375,Bahrain,RIC
0,21.0,0.9999994736844876,56.0,0.9824561403508771,3,97.662,Bahrain,RIC
0,2.0,0.0,2.0,0.03508771929824561,1,98.689,Bahrain,TSU
0,3.0,0.09090900826453795,3.0,0.05263157894736842,1,98.431,Bahrain,TSU
0,4.0,0.1818180165290759,4.0,0.07017543859649122,1,98.31,Bahrain,TSU
0,5.0,0.2727270247936138,5.0,0.08771929824561403,1,98.321,Bahrain,TSU
0,6.0,0.3636360330581518,6.0,0.10526315789473684,1,98.361,Bahrain,TSU
0,7.0,0.45454504132268975,7.0,0.12280701754385964,1,98.364,Bahrain,TSU
0,8.0,0.5454540495872277,8.0,0.14035087719298245,1,98.513,Bahrain,TSU
0,9.0,0.6363630578517656,9.0,0.15789473684210525,1,98.554,Bahrain,TSU
0,10.0,0.7272720661163036,10.0,0.17543859649122806,1,98.912,Bahrain,TSU
0,11.0,0.8181810743808415,11.0,0.19298245614035087,1,98.799,Bahrain,TSU
0,12.0,0.9090900826453795,12.0,0.21052631578947367,1,98.769,Bahrain,TSU
0,13.0,0.9999990909099173,13.0,0.22807017543859648,1,98.86,Bahrain,TSU
2,2.0,0.0,16.0,0.2807017543859649,2,97.516,Bahrain,TSU
2,3.0,0.058823494809708936,17.0,0.2982456140350877,2,97.482,Bahrain,TSU
2,4.0,0.11764698961941787,18.0,0.3157894736842105,2,97.359,Bahrain,TSU
2,5.0,0.1764704844291268,19.0,0.3333333333333333,2,97.396,Bahrain,TSU
2,6.0,0.23529397923883574,20.0,0.3508771929824561,2,97.766,Bahrain,TSU
2,7.0,0.29411747404854466,21.0,0.3684210526315789,2,97.777,Bahrain,TSU
2,8.0,0.3529409688582536,22.0,0.38596491228070173,2,97.837,Bahrain,TSU
2,9.0,0.41176446366796254,23.0,0.40350877192982454,2,97.671,Bahrain,TSU
2,10.0,0.4705879584776715,24.0,0.42105263157894735,2,97.634,Bahrain,TSU
2,11.0,0.5294114532873805,25.0,0.43859649122807015,2,97.851,Bahrain,TSU
2,12.0,0.5882349480970893,26.0,0.45614035087719296,2,98.058,Bahrain,TSU
2,13.0,0.6470584429067983,27.0,0.47368421052631576,2,98.083,Bahrain,TSU
2,14.0,0.7058819377165072,28.0,0.49122807017543857,2,98.164,Bahrain,TSU
2,15.0,0.7647054325262161,29.0,0.5087719298245614,2,97.777,Bahrain,TSU
2,16.0,0.8235289273359251,30.0,0.5263157894736842,2,97.477,Bahrain,TSU
2,17.0,0.882352422145634,31.0,0.543859649122807,2,97.468,Bahrain,TSU
2,18.0,0.941175916955343,32.0,0.5614035087719298,2,97.847,Bahrain,TSU
2,19.0,0.9999994117650519,33.0,0.5789473684210527,2,97.498,Bahrain,TSU
2,2.0,0.0,36.0,0.631578947368421,3,97.706,Bahrain,TSU
2,3.0,0.0499999750000125,37.0,0.6491228070175439,3,95.833,Bahrain,TSU
2,4.0,0.099999950000025,38.0,0.6666666666666666,3,97.046,Bahrain,TSU
2,5.0,0.1499999250000375,39.0,0.6842105263157895,3,96.125,Bahrain,TSU
2,6.0,0.19999990000005,40.0,0.7017543859649122,3,96.263,Bahrain,TSU
2,7.0,0.24999987500006252,41.0,0.7192982456140351,3,96.179,Bahrain,TSU
2,8.0,0.299999850000075,42.0,0.7368421052631579,3,95.981,Bahrain,TSU
2,9.0,0.3499998250000875,43.0,0.7543859649122807,3,95.956,Bahrain,TSU
2,10.0,0.3999998000001,44.0,0.7719298245614035,3,96.144,Bahrain,TSU
2,11.0,0.4499997750001125,45.0,0.7894736842105263,3,95.964,Bahrain,TSU
2,12.0,0.49999975000012503,46.0,0.8070175438596491,3,96.187,Bahrain,TSU
2,13.0,0.5499997250001375,47.0,0.8245614035087719,3,96.396,Bahrain,TSU
2,14.0,0.59999970000015,48.0,0.8421052631578947,3,96.554,Bahrain,TSU
2,15.0,0.6499996750001625,49.0,0.8596491228070176,3,96.695,Bahrain,TSU
2,16.0,0.699999650000175,50.0,0.8771929824561403,3,96.827,Bahrain,TSU
2,17.0,0.7499996250001875,51.0,0.8947368421052632,3,97.067,Bahrain,TSU
2,18.0,0.7999996000002,52.0,0.9122807017543859,3,99.042,Bahrain,TSU
2,19.0,0.8499995750002125,53.0,0.9298245614035088,3,96.838,Bahrain,TSU
2,20.0,0.899999550000225,54.0,0.9473684210526315,3,96.672,Bahrain,TSU
2,21.0,0.9499995250002375,55.0,0.9649122807017544,3,97.269,Bahrain,TSU
2,22.0,0.9999995000002501,56.0,0.9824561403508771,3,97.473,Bahrain,TSU
0,2.0,0.0,2.0,0.03508771929824561,1,98.826,Bahrain,ALB
0,3.0,0.08333326388894677,3.0,0.05263157894736842,1,98.507,Bahrain,ALB
0,4.0,0.16666652777789354,4.0,0.07017543859649122,1,98.422,Bahrain,ALB
0,5.0,0.24999979166684028,5.0,0.08771929824561403,1,98.509,Bahrain,ALB
0,6.0,0.33333305555578707,6.0,0.10526315789473684,1,98.575,Bahrain,ALB
0,7.0,0.4166663194447338,7.0,0.12280701754385964,1,98.971,Bahrain,ALB
0,8.0,0.49999958333368055,8.0,0.14035087719298245,1,98.66,Bahrain,ALB
0,9.0,0.5833328472226273,9.0,0.15789473684210525,1,98.652,Bahrain,ALB
0,10.0,0.6666661111115741,10.0,0.17543859649122806,1,98.952,Bahrain,ALB
0,11.0,0.7499993750005208,11.0,0.19298245614035087,1,98.835,Bahrain,ALB
0,12.0,0.8333326388894676,12.0,0.21052631578947367,1,98.934,Bahrain,ALB
0,13.0,0.9166659027784144,13.0,0.22807017543859648,1,98.823,Bahrain,ALB
0,14.0,0.9999991666673611,14.0,0.24561403508771928,1,98.977,Bahrain,ALB
2,2.0,0.0,17.0,0.2982456140350877,2,97.392,Bahrain,ALB
2,3.0,0.055555524691375174,18.0,0.3157894736842105,2,97.59,Bahrain,ALB
2,4.0,0.11111104938275035,19.0,0.3333333333333333,2,97.763,Bahrain,ALB
2,5.0,0.16666657407412552,20.0,0.3508771929824561,2,97.701,Bahrain,ALB
2,6.0,0.2222220987655007,21.0,0.3684210526315789,2,97.918,Bahrain,ALB
2,7.0,0.27777762345687584,22.0,0.38596491228070173,2,98.031,Bahrain,ALB
2,8.0,0.33333314814825105,23.0,0.40350877192982454,2,97.869,Bahrain,ALB
2,9.0,0.3888886728396262,24.0,0.42105263157894735,2,98.204,Bahrain,ALB
2,10.0,0.4444441975310014,25.0,0.43859649122807015,2,98.226,Bahrain,ALB
2,11.0,0.49999972222237654,26.0,0.45614035087719296,2,98.1,Bahrain,ALB
2,12.0,0.5555552469137517,27.0,0.47368421052631576,2,98.296,Bahrain,ALB
2,13.0,0.611110771605127,28.0,0.49122807017543857,2,98.048,Bahrain,ALB
2,14.0,0.6666662962965021,29.0,0.5087719298245614,2,97.879,Bahrain,ALB
2,15.0,0.7222218209878772,30.0,0.5263157894736842,2,97.968,Bahrain,ALB
2,16.0,0.7777773456792524,31.0,0.543859649122807,2,98.135,Bahrain,ALB
2,17.0,0.8333328703706276,32.0,0.5614035087719298,2,98.183,Bahrain,ALB
2,18.0,0.8888883950620028,33.0,0.5789473684210527,2,98.346,Bahrain,ALB
2,19.0,0.9444439197533779,34.0,0.5964912280701754,2,97.75,Bahrain,ALB
2,20.0,0.9999994444447531,35.0,0.6140350877192983,2,97.767,Bahrain,ALB
2,2.0,0.0,38.0,0.6666666666666666,3,96.129,Bahrain,ALB
2,3.0,0.055555524691375174,39.0,0.6842105263157895,3,95.856,Bahrain,ALB
2,4.0,0.11111104938275035,40.0,0.7017543859649122,3,95.723,Bahrain,ALB
2,5.0,0.16666657407412552,41.0,0.7192982456140351,3,95.885,Bahrain,ALB
2,6.0,0.2222220987655007,42.0,0.7368421052631579,3,95.799,Bahrain,ALB
2,7.0,0.27777762345687584,43.0,0.7543859649122807,3,95.766,Bahrain,ALB
2,8.0,0.33333314814825105,44.0,0.7719298245614035,3,95.783,Bahrain,ALB
2,9.0,0.3888886728396262,45.0,0.7894736842105263,3,95.758,Bahrain,ALB
2,10.0,0.4444441975310014,46.0,0.8070175438596491,3,96.008,Bahrain,ALB
2,11.0,0.49999972222237654,47.0,0.8245614035087719,3,96.026,Bahrain,ALB
2,12.0,0.5555552469137517,48.0,0.8421052631578947,3,96.135,Bahrain,ALB
2,13.0,0.611110771605127,49.0,0.8596491228070176,3,97.102,Bahrain,ALB
2,14.0,0.6666662962965021,50.0,0.8771929824561403,3,97.616,Bahrain,ALB
2,15.0,0.7222218209878772,51.0,0.8947368421052632,3,97.493,Bahrain,ALB
2,16.0,0.7777773456792524,52.0,0.9122807017543859,3,96.218,Bahrain,ALB
2,17.0,0.8333328703706276,53.0,0.9298245614035088,3,96.308,Bahrain,ALB
2,18.0,0.8888883950620028,54.0,0.9473684210526315,3,96.334,Bahrain,ALB
2,19.0,0.9444439197533779,55.0,0.9649122807017544,3,96.593,Bahrain,ALB
2,20.0,0.9999994444447531,56.0,0.9824561403508771,3,96.922,Bahrain,ALB
2,2.0,0.0,3.0,0.05263157894736842,2,97.317,Bahrain,HUL
2,3.0,0.06249996093752441,4.0,0.07017543859649122,2,97.349,Bahrain,HUL
2,4.0,0.12499992187504883,5.0,0.08771929824561403,2,97.663,Bahrain,HUL
2,5.0,0.18749988281257324,6.0,0.10526315789473684,2,97.896,Bahrain,HUL
2,6.0,0.24999984375009765,7.0,0.12280701754385964,2,97.682,Bahrain,HUL
2,7.0,0.31249980468762206,8.0,0.14035087719298245,2,97.82,Bahrain,HUL
2,8.0,0.3749997656251465,9.0,0.15789473684210525,2,97.883,Bahrain,HUL
2,9.0,0.4374997265626709,10.0,0.17543859649122806,2,98.37,Bahrain,HUL
2,10.0,0.4999996875001953,11.0,0.19298245614035087,2,97.638,Bahrain,HUL
2,11.0,0.5624996484377197,12.0,0.21052631578947367,2,97.706,Bahrain,HUL
2,12.0,0.6249996093752441,13.0,0.22807017543859648,2,97.801,Bahrain,HUL
2,13.0,0.6874995703127685,14.0,0.24561403508771928,2,97.879,Bahrain,HUL
2,14.0,0.749999531250293,15.0,0.2631578947368421,2,98.11,Bahrain,HUL
2,15.0,0.8124994921878174,16.0,0.2807017543859649,2,97.796,Bahrain,HUL
2,16.0,0.8749994531253418,17.0,0.2982456140350877,2,97.891,Bahrain,HUL
2,17.0,0.9374994140628662,18.0,0.3157894736842105,2,98.216,Bahrain,HUL
2,18.0,0.9999993750003906,19.0,0.3333333333333333,2,97.862,Bahrain,HUL
2,2.0,0.0,22.0,0.38596491228070173,3,96.858,Bahrain,HUL
2,3.0,0.055555524691375174,23.0,0.40350877192982454,3,96.725,Bahrain,HUL
2,4.0,0.11111104938275035,24.0,0.42105263157894735,3,96.626,Bahrain,HUL
2,5.0,0.16666657407412552,25.0,0.43859649122807015,3,96.652,Bahrain,HUL
2,6.0,0.2222220987655007,26.0,0.45614035087719296,3,96.548,Bahrain,HUL
2,7.0,0.27777762345687584,27.0,0.47368421052631576,3,96.647,Bahrain,HUL
2,8.0,0.33333314814825105,28.0,0.49122807017543857,3,97.254,Bahrain,HUL
2,9.0,0.3888886728396262,29.0,0.5087719298245614,3,96.837,Bahrain,HUL
2,10.0,0.4444441975310014,30.0,0.5263157894736842,3,96.691,Bahrain,HUL
2,11.0,0.49999972222237654,31.0,0.543859649122807,3,96.578,Bahrain,HUL
2,12.0,0.5555552469137517,32.0,0.5614035087719298,3,96.935,Bahrain,HUL
2,13.0,0.611110771605127,33.0,0.5789473684210527,3,96.784,Bahrain,HUL
2,14.0,0.6666662962965021,34.0,0.5964912280701754,3,96.692,Bahrain,HUL
2,15.0,0.7222218209878772,35.0,0.6140350877192983,3,96.959,Bahrain,HUL
2,16.0,0.7777773456792524,36.0,0.631578947368421,3,96.795,Bahrain,HUL
2,17.0,0.8333328703706276,37.0,0.6491228070175439,3,96.723,Bahrain,HUL
2,18.0,0.8888883950620028,38.0,0.6666666666666666,3,100.083,Bahrain,HUL
2,19.0,0.9444439197533779,39.0,0.6842105263157895,3,97.476,Bahrain,HUL
2,20.0,0.9999994444447531,40.0,0.7017543859649122,3,97.088,Bahrain,HUL
0,3.0,0.0,43.0,0.7543859649122807,4,95.76,Bahrain,HUL
0,4.0,0.07692301775152481,44.0,0.7719298245614035,4,95.59,Bahrain,HUL
0,5.0,0.15384603550304962,45.0,0.7894736842105263,4,95.119,Bahrain,HUL
0,6.0,0.23076905325457442,46.0,0.8070175438596491,4,94.834,Bahrain,HUL
0,7.0,0.30769207100609924,47.0,0.8245614035087719,4,95.226,Bahrain,HUL
0,8.0,0.38461508875762407,48.0,0.8421052631578947,4,95.146,Bahrain,HUL
0,9.0,0.46153810650914884,49.0,0.8596491228070176,4,95.494,Bahrain,HUL
0,10.0,0.5384611242606736,50.0,0.8771929824561403,4,95.167,Bahrain,HUL
0,11.0,0.6153841420121985,51.0,0.8947368421052632,4,95.529,Bahrain,HUL
0,12.0,0.6923071597637233,52.0,0.9122807017543859,4,95.921,Bahrain,HUL
0,13.0,0.7692301775152481,53.0,0.9298245614035088,4,95.994,Bahrain,HUL
0,14.0,0.8461531952667729,54.0,0.9473684210526315,4,95.786,Bahrain,HUL
0,15.0,0.9230762130182977,55.0,0.9649122807017544,4,95.736,Bahrain,HUL
0,16.0,0.9999992307698226,56.0,0.9824561403508771,4,95.602,Bahrain,HUL
0,2.0,0.0,2.0,0.03508771929824561,1,99.094,Bahrain,OCO
0,3.0,0.14285693877580175,3.0,0.05263157894736842,1,98.771,Bahrain,OCO
0,4.0,0.2857138775516035,4.0,0.07017543859649122,1,98.625,Bahrain,OCO
0,5.0,0.4285708163274053,5.0,0.08771929824561403,1,98.64,Bahrain,OCO
0,6.0,0.571427755103207,6.0,0.10526315789473684,1,98.874,Bahrain,OCO
0,7.0,0.7142846938790088,7.0,0.12280701754385964,1,99.152,Bahrain,OCO
0,8.0,0.8571416326548106,8.0,0.14035087719298245,1,99.422,Bahrain,OCO
0,9.0,0.9999985714306123,9.0,0.15789473684210525,1,99.312,Bahrain,OCO
2,2.0,0.0,12.0,0.21052631578947367,2,97.599,Bahrain,OCO
2,3.0,0.058823494809708936,13.0,0.22807017543859648,2,97.363,Bahrain,OCO
2,4.0,0.11764698961941787,14.0,0.24561403508771928,2,97.537,Bahrain,OCO
2,5.0,0.1764704844291268,15.0,0.2631578947368421,2,97.843,Bahrain,OCO
2,6.0,0.23529397923883574,16.0,0.2807017543859649,2,97.902,Bahrain,OCO
2,7.0,0.29411747404854466,17.0,0.2982456140350877,2,98.911,Bahrain,OCO
2,8.0,0.3529409688582536,18.0,0.3157894736842105,2,98.12,Bahrain,OCO
2,9.0,0.41176446366796254,19.0,0.3333333333333333,2,98.332,Bahrain,OCO
2,10.0,0.4705879584776715,20.0,0.3508771929824561,2,98.185,Bahrain,OCO
2,11.0,0.5294114532873805,21.0,0.3684210526315789,2,99.363,Bahrain,OCO
2,12.0,0.5882349480970893,22.0,0.38596491228070173,2,98.655,Bahrain,OCO
2,13.0,0.6470584429067983,23.0,0.40350877192982454,2,98.407,Bahrain,OCO
2,14.0,0.7058819377165072,24.0,0.42105263157894735,2,98.42,Bahrain,OCO
2,15.0,0.7647054325262161,25.0,0.43859649122807015,2,98.494,Bahrain,OCO
2,16.0,0.8235289273359251,26.0,0.45614035087719296,2,98.665,Bahrain,OCO
2,17.0,0.882352422145634,27.0,0.47368421052631576,2,98.549,Bahrain,OCO
2,18.0,0.941175916955343,28.0,0.49122807017543857,2,98.372,Bahrain,OCO
2,19.0,0.9999994117650519,29.0,0.5087719298245614,2,98.556,Bahrain,OCO
2,2.0,0.0,32.0,0.5614035087719298,3,96.887,Bahrain,OCO
2,3.0,0.04166664930556279,33.0,0.5789473684210527,3,96.704,Bahrain,OCO
2,4.0,0.08333329861112558,34.0,0.5964912280701754,3,96.226,Bahrain,OCO
2,5.0,0.12499994791668836,35.0,0.6140350877192983,3,96.354,Bahrain,OCO
2,6.0,0.16666659722225116,36.0,0.631578947368421,3,97.229,Bahrain,OCO
2,7.0,0.20833324652781396,37.0,0.6491228070175439,3,96.58,Bahrain,OCO
2,8.0,0.24999989583337673,38.0,0.6666666666666666,3,96.814,Bahrain,OCO
2,9.0,0.2916665451389395,39.0,0.6842105263157895,3,96.552,Bahrain,OCO
2,10.0,0.3333331944445023,40.0,0.7017543859649122,3,96.608,Bahrain,OCO
2,11.0,0.3749998437500651,41.0,0.7192982456140351,3,96.621,Bahrain,OCO
2,12.0,0.4166664930556279,42.0,0.7368421052631579,3,96.592,Bahrain,OCO
2,13.0,0.4583331423611907,43.0,0.7543859649122807,3,96.679,Bahrain,OCO
2,14.0,0.49999979166675346,44.0,0.7719298245614035,3,96.649,Bahrain,OCO
2,15.0,0.5416664409723163,45.0,0.7894736842105263,3,98.049,Bahrain,OCO
2,16.0,0.583333090277879,46.0,0.8070175438596491,3,96.975,Bahrain,OCO
2,17.0,0.6249997395834419,47.0,0.8245614035087719,3,96.656,Bahrain,OCO
2,18.0,0.6666663888890046,48.0,0.8421052631578947,3,97.117,Bahrain,OCO
2,19.0,0.7083330381945674,49.0,0.8596491228070176,3,97.726,Bahrain,OCO
2,20.0,0.7499996875001302,50.0,0.8771929824561403,3,97.784,Bahrain,OCO
2,21.0,0.791666336805693,51.0,0.8947368421052632,3,97.091,Bahrain,OCO
2,22.0,0.8333329861112558,52.0,0.9122807017543859,3,98.631,Bahrain,OCO
2,23.0,0.8749996354168186,53.0,0.9298245614035088,3,97.145,Bahrain,OCO
2,24.0,0.9166662847223814,54.0,0.9473684210526315,3,98.707,Bahrain,OCO
2,25.0,0.9583329340279442,55.0,0.9649122807017544,3,97.393,Bahrain,OCO
2,26.0,0.9999995833335069,56.0,0.9824561403508771,3,97.415,Bahrain,OCO
0,2.0,0.0,2.0,0.03508771929824561,1,99.059,Bahrain,GAS
0,3.0,0.11111098765445816,3.0,0.05263157894736842,1,98.744,Bahrain,GAS
0,4.0,0.22222197530891633,4.0,0.07017543859649122,1,98.503,Bahrain,GAS
0,5.0,0.3333329629633745,5.0,0.08771929824561403,1,98.664,Bahrain,GAS
0,6.0,0.44444395061783265,6.0,0.10526315789473684,1,99.099,Bahrain,GAS
0,7.0,0.5555549382722909,7.0,0.12280701754385964,1,99.078,Bahrain,GAS
0,8.0,0.666665925926749,8.0,0.14035087719298245,1,99.287,Bahrain,GAS
0,9.0,0.7777769135812072,9.0,0.15789473684210525,1,99.452,Bahrain,GAS
0,10.0,0.8888879012356653,10.0,0.17543859649122806,1,98.929,Bahrain,GAS
0,11.0,0.9999988888901234,11.0,0.19298245614035087,1,98.656,Bahrain,GAS
2,2.0,0.0,14.0,0.24561403508771928,2,97.689,Bahrain,GAS
2,3.0,0.06249996093752441,15.0,0.2631578947368421,2,97.492,Bahrain,GAS
2,4.0,0.12499992187504883,16.0,0.2807017543859649,2,97.521,Bahrain,GAS
2,5.0,0.18749988281257324,17.0,0.2982456140350877,2,97.949,Bahrain,GAS
2,6.0,0.24999984375009765,18.0,0.3157894736842105,2,97.791,Bahrain,GAS
2,7.0,0.31249980468762206,19.0,0.3333333333333333,2,97.702,Bahrain,GAS
2,8.0,0.3749997656251465,20.0,0.3508771929824561,2,98.036,Bahrain,GAS
2,9.0,0.4374997265626709,21.0,0.3684210526315789,2,98.094,Bahrain,GAS
2,10.0,0.4999996875001953,22.0,0.38596491228070173,2,97.868,Bahrain,GAS
2,11.0,0.5624996484377197,23.0,0.40350877192982454,2,98.104,Bahrain,GAS
2,12.0,0.6249996093752441,24.0,0.42105263157894735,2,98.192,Bahrain,GAS
2,13.0,0.6874995703127685,25.0,0.43859649122807015,2,98.16,Bahrain,GAS
2,14.0,0.749999531250293,26.0,0.45614035087719296,2,98.379,Bahrain,GAS
2,15.0,0.8124994921878174,27.0,0.47368421052631576,2,98.4,Bahrain,GAS
2,16.0,0.8749994531253418,28.0,0.49122807017543857,2,98.615,Bahrain,GAS
2,17.0,0.9374994140628662,29.0,0.5087719298245614,2,98.55,Bahrain,GAS
2,18.0,0.9999993750003906,30.0,0.5263157894736842,2,98.832,Bahrain,GAS
2,2.0,0.0,33.0,0.5789473684210527,3,96.112,Bahrain,GAS
2,3.0,0.11111098765445816,34.0,0.5964912280701754,3,96.622,Bahrain,GAS
2,4.0,0.22222197530891633,35.0,0.6140350877192983,3,96.313,Bahrain,GAS
2,5.0,0.3333329629633745,36.0,0.631578947368421,3,96.45,Bahrain,GAS
2,6.0,0.44444395061783265,37.0,0.6491228070175439,3,96.629,Bahrain,GAS
2,7.0,0.5555549382722909,38.0,0.6666666666666666,3,96.802,Bahrain,GAS
2,8.0,0.666665925926749,39.0,0.6842105263157895,3,96.537,Bahrain,GAS
2,9.0,0.7777769135812072,40.0,0.7017543859649122,3,96.742,Bahrain,GAS
2,10.0,0.8888879012356653,41.0,0.7192982456140351,3,96.571,Bahrain,GAS
2,11.0,0.9999988888901234,42.0,0.7368421052631579,3,96.631,Bahrain,GAS
0,2.0,0.0,45.0,0.7894736842105263,4,94.805,Bahrain,GAS
0,3.0,0.09090900826453795,46.0,0.8070175438596491,4,95.293,Bahrain,GAS
0,4.0,0.1818180165290759,47.0,0.8245614035087719,4,95.341,Bahrain,GAS
0,5.0,0.2727270247936138,48.0,0.8421052631578947,4,95.411,Bahrain,GAS
0,6.0,0.3636360330581518,49.0,0.8596491228070176,4,95.511,Bahrain,GAS
0,7.0,0.45454504132268975,50.0,0.8771929824561403,4,95.228,Bahrain,GAS
0,8.0,0.5454540495872277,51.0,0.8947368421052632,4,95.334,Bahrain,GAS
0,9.0,0.6363630578517656,52.0,0.9122807017543859,4,95.511,Bahrain,GAS
0,10.0,0.7272720661163036,53.0,0.9298245614035088,4,95.389,Bahrain,GAS
0,11.0,0.8181810743808415,54.0,0.9473684210526315,4,95.853,Bahrain,GAS
0,12.0,0.9090900826453795,55.0,0.9649122807017544,4,95.908,Bahrain,GAS
0,13.0,0.9999990909099173,56.0,0.9824561403508771,4,96.086,Bahrain,GAS
0,2.0,0.0,2.0,0.03508771929824561,1,98.259,Bahrain,BOT
0,3.0,0.11111098765445816,3.0,0.05263157894736842,1,98.837,Bahrain,BOT
0,4.0,0.22222197530891633,4.0,0.07017543859649122,1,98.643,Bahrain,BOT
0,5.0,0.3333329629633745,5.0,0.08771929824561403,1,100.087,Bahrain,BOT
0,6.0,0.44444395061783265,6.0,0.10526315789473684,1,99.206,Bahrain,BOT
0,7.0,0.5555549382722909,7.0,0.12280701754385964,1,98.654,Bahrain,BOT
0,8.0,0.666665925926749,8.0,0.14035087719298245,1,98.968,Bahrain,BOT
0,9.0,0.7777769135812072,9.0,0.15789473684210525,1,99.425,Bahrain,BOT
0,10.0,0.8888879012356653,10.0,0.17543859649122806,1,99.112,Bahrain,BOT
0,11.0,0.9999988888901234,11.0,0.19298245614035087,1,99.187,Bahrain,BOT
2,2.0,0.0,14.0,0.24561403508771928,2,96.454,Bahrain,BOT
2,3.0,0.06666662222225185,15.0,0.2631578947368421,2,97.287,Bahrain,BOT
2,4.0,0.1333332444445037,16.0,0.2807017543859649,2,97.718,Bahrain,BOT
2,5.0,0.19999986666675557,17.0,0.2982456140350877,2,97.765,Bahrain,BOT
2,6.0,0.2666664888890074,18.0,0.3157894736842105,2,97.918,Bahrain,BOT
2,7.0,0.3333331111112593,19.0,0.3333333333333333,2,97.662,Bahrain,BOT
2,8.0,0.39999973333351113,20.0,0.3508771929824561,2,98.285,Bahrain,BOT
2,9.0,0.46666635555576297,21.0,0.3684210526315789,2,97.73,Bahrain,BOT
2,10.0,0.5333329777780148,22.0,0.38596491228070173,2,97.998,Bahrain,BOT
2,11.0,0.5999996000002666,23.0,0.40350877192982454,2,98.18,Bahrain,BOT
2,12.0,0.6666662222225186,24.0,0.42105263157894735,2,98.146,Bahrain,BOT
2,13.0,0.7333328444447704,25.0,0.43859649122807015,2,98.262,Bahrain,BOT
2,14.0,0.7999994666670223,26.0,0.45614035087719296,2,98.308,Bahrain,BOT
2,15.0,0.8666660888892741,27.0,0.47368421052631576,2,98.426,Bahrain,BOT
2,16.0,0.9333327111115259,28.0,0.49122807017543857,2,98.595,Bahrain,BOT
2,17.0,0.9999993333337778,29.0,0.5087719298245614,2,98.654,Bahrain,BOT
2,2.0,0.0,32.0,0.5614035087719298,3,96.763,Bahrain,BOT
2,3.0,0.04166664930556279,33.0,0.5789473684210527,3,96.202,Bahrain,BOT
2,4.0,0.08333329861112558,34.0,0.5964912280701754,3,98.009,Bahrain,BOT
2,5.0,0.12499994791668836,35.0,0.6140350877192983,3,96.578,Bahrain,BOT
2,6.0,0.16666659722225116,36.0,0.631578947368421,3,96.792,Bahrain,BOT
2,7.0,0.20833324652781396,37.0,0.6491228070175439,3,98.008,Bahrain,BOT
2,8.0,0.24999989583337673,38.0,0.6666666666666666,3,97.774,Bahrain,BOT
2,9.0,0.2916665451389395,39.0,0.6842105263157895,3,97.189,Bahrain,BOT
2,10.0,0.3333331944445023,40.0,0.7017543859649122,3,97.393,Bahrain,BOT
2,11.0,0.3749998437500651,41.0,0.7192982456140351,3,96.437,Bahrain,BOT
2,12.0,0.4166664930556279,42.0,0.7368421052631579,3,96.374,Bahrain,BOT
2,13.0,0.4583331423611907,43.0,0.7543859649122807,3,96.569,Bahrain,BOT
2,14.0,0.49999979166675346,44.0,0.7719298245614035,3,96.63,Bahrain,BOT
2,15.0,0.5416664409723163,45.0,0.7894736842105263,3,96.663,Bahrain,BOT
2,16.0,0.583333090277879,46.0,0.8070175438596491,3,96.297,Bahrain,BOT
2,17.0,0.6249997395834419,47.0,0.8245614035087719,3,96.604,Bahrain,BOT
2,18.0,0.6666663888890046,48.0,0.8421052631578947,3,96.765,Bahrain,BOT
2,19.0,0.7083330381945674,49.0,0.8596491228070176,3,96.91,Bahrain,BOT
2,20.0,0.7499996875001302,50.0,0.8771929824561403,3,96.91,Bahrain,BOT
2,21.0,0.791666336805693,51.0,0.8947368421052632,3,96.819,Bahrain,BOT
2,22.0,0.8333329861112558,52.0,0.9122807017543859,3,96.949,Bahrain,BOT
2,23.0,0.8749996354168186,53.0,0.9298245614035088,3,99.035,Bahrain,BOT
2,24.0,0.9166662847223814,54.0,0.9473684210526315,3,97.095,Bahrain,BOT
2,25.0,0.9583329340279442,55.0,0.9649122807017544,3,97.205,Bahrain,BOT
2,26.0,0.9999995833335069,56.0,0.9824561403508771,3,97.956,Bahrain,BOT
0,2.0,0.0,2.0,0.03508771929824561,1,98.481,Bahrain,SAR
0,3.0,0.14285693877580175,3.0,0.05263157894736842,1,98.707,Bahrain,SAR
0,4.0,0.2857138775516035,4.0,0.07017543859649122,1,98.39,Bahrain,SAR
0,5.0,0.4285708163274053,5.0,0.08771929824561403,1,98.757,Bahrain,SAR
0,6.0,0.571427755103207,6.0,0.10526315789473684,1,98.582,Bahrain,SAR
0,7.0,0.7142846938790088,7.0,0.12280701754385964,1,99.464,Bahrain,SAR
0,8.0,0.8571416326548106,8.0,0.14035087719298245,1,99.58,Bahrain,SAR
0,9.0,0.9999985714306123,9.0,0.15789473684210525,1,99.366,Bahrain,SAR
2,2.0,0.0,12.0,0.21052631578947367,2,98.493,Bahrain,SAR
2,3.0,0.06666662222225185,13.0,0.22807017543859648,2,100.989,Bahrain,SAR
2,4.0,0.1333332444445037,14.0,0.24561403508771928,2,101.47,Bahrain,SAR
2,5.0,0.19999986666675557,15.0,0.2631578947368421,2,97.594,Bahrain,SAR
2,6.0,0.2666664888890074,16.0,0.2807017543859649,2,101.37,Bahrain,SAR
2,7.0,0.3333331111112593,17.0,0.2982456140350877,2,99.758,Bahrain,SAR
2,8.0,0.39999973333351113,18.0,0.3157894736842105,2,98.077,Bahrain,SAR
2,9.0,0.46666635555576297,19.0,0.3333333333333333,2,97.742,Bahrain,SAR
2,10.0,0.5333329777780148,20.0,0.3508771929824561,2,97.82,Bahrain,SAR
2,11.0,0.5999996000002666,21.0,0.3684210526315789,2,98.009,Bahrain,SAR
2,12.0,0.6666662222225186,22.0,0.38596491228070173,2,97.728,Bahrain,SAR
2,13.0,0.7333328444447704,23.0,0.40350877192982454,2,97.621,Bahrain,SAR
2,14.0,0.7999994666670223,24.0,0.42105263157894735,2,99.437,Bahrain,SAR
2,15.0,0.8666660888892741,25.0,0.43859649122807015,2,99.093,Bahrain,SAR
2,16.0,0.9333327111115259,26.0,0.45614035087719296,2,97.859,Bahrain,SAR
2,17.0,0.9999993333337778,27.0,0.47368421052631576,2,98.288,Bahrain,SAR
2,2.0,0.0,30.0,0.5263157894736842,3,95.715,Bahrain,SAR
2,3.0,0.11111098765445816,31.0,0.543859649122807,3,96.713,Bahrain,SAR
2,4.0,0.22222197530891633,32.0,0.5614035087719298,3,96.563,Bahrain,SAR
2,5.0,0.3333329629633745,33.0,0.5789473684210527,3,97.433,Bahrain,SAR
2,6.0,0.44444395061783265,34.0,0.5964912280701754,3,96.475,Bahrain,SAR
2,7.0,0.5555549382722909,35.0,0.6140350877192983,3,96.859,Bahrain,SAR
2,8.0,0.666665925926749,36.0,0.631578947368421,3,96.462,Bahrain,SAR
2,9.0,0.7777769135812072,37.0,0.6491228070175439,3,96.785,Bahrain,SAR
2,10.0,0.8888879012356653,38.0,0.6666666666666666,3,96.732,Bahrain,SAR
2,11.0,0.9999988888901234,39.0,0.6842105263157895,3,97.016,Bahrain,SAR
0,2.0,0.0,42.0,0.7368421052631579,4,94.735,Bahrain,SAR
0,3.0,0.07692301775152481,43.0,0.7543859649122807,4,95.001,Bahrain,SAR
0,4.0,0.15384603550304962,44.0,0.7719298245614035,4,95.13,Bahrain,SAR
0,5.0,0.23076905325457442,45.0,0.7894736842105263,4,95.333,Bahrain,SAR
0,6.0,0.30769207100609924,46.0,0.8070175438596491,4,95.939,Bahrain,SAR
0,7.0,0.38461508875762407,47.0,0.8245614035087719,4,96.729,Bahrain,SAR
0,8.0,0.46153810650914884,48.0,0.8421052631578947,4,95.688,Bahrain,SAR
0,9.0,0.5384611242606736,49.0,0.8596491228070176,4,95.59,Bahrain,SAR
0,10.0,0.6153841420121985,50.0,0.8771929824561403,4,95.66,Bahrain,SAR
0,11.0,0.6923071597637233,51.0,0.8947368421052632,4,95.972,Bahrain,SAR
0,12.0,0.7692301775152481,52.0,0.9122807017543859,4,95.987,Bahrain,SAR
0,13.0,0.8461531952667729,53.0,0.9298245614035088,4,96.088,Bahrain,SAR
0,14.0,0.9230762130182977,54.0,0.9473684210526315,4,99.614,Bahrain,SAR
0,15.0,0.9999992307698226,55.0,0.9649122807017544,4,96.209,Bahrain,SAR
1,2.0,0.0,2.0,0.04,1,94.205,Saudi Arabia,VER
1,3.0,0.24999937500156252,3.0,0.06,1,94.043,Saudi Arabia,VER
1,4.0,0.49999875000312505,4.0,0.08,1,93.754,Saudi Arabia,VER
1,5.0,0.7499981250046875,5.0,0.1,1,93.955,Saudi Arabia,VER
1,6.0,0.9999975000062501,6.0,0.12,1,93.676,Saudi Arabia,VER
2,3.0,0.0,10.0,0.2,2,95.024,Saudi Arabia,VER
2,4.0,0.02499999375000156,11.0,0.22,2,93.61,Saudi Arabia,VER
2,5.0,0.04999998750000312,12.0,0.24,2,93.321,Saudi Arabia,VER
2,6.0,0.07499998125000468,13.0,0.26,2,93.144,Saudi Arabia,VER
2,7.0,0.09999997500000624,14.0,0.28,2,93.194,Saudi Arabia,VER
2,8.0,0.12499996875000781,15.0,0.3,2,93.512,Saudi Arabia,VER
2,9.0,0.14999996250000935,16.0,0.32,2,93.192,Saudi Arabia,VER
2,10.0,0.1749999562500109,17.0,0.34,2,93.059,Saudi Arabia,VER
2,11.0,0.19999995000001247,18.0,0.36,2,93.139,Saudi Arabia,VER
2,12.0,0.22499994375001403,19.0,0.38,2,93.135,Saudi Arabia,VER
2,13.0,0.24999993750001562,20.0,0.4,2,93.066,Saudi Arabia,VER
2,14.0,0.27499993125001715,21.0,0.42,2,92.933,Saudi Arabia,VER
2,15.0,0.2999999250000187,22.0,0.44,2,92.98,Saudi Arabia,VER
2,16.0,0.32499991875002027,23.0,0.46,2,92.792,Saudi Arabia,VER
2,17.0,0.3499999125000218,24.0,0.48,2,92.683,Saudi Arabia,VER
2,18.0,0.3749999062500234,25.0,0.5,2,92.785,Saudi Arabia,VER
2,19.0,0.39999990000002494,26.0,0.52,2,92.561,Saudi Arabia,VER
2,20.0,0.4249998937500265,27.0,0.54,2,92.722,Saudi Arabia,VER
2,21.0,0.44999988750002806,28.0,0.56,2,92.674,Saudi Arabia,VER
2,22.0,0.4749998812500297,29.0,0.58,2,92.752,Saudi Arabia,VER
2,23.0,0.49999987500003124,30.0,0.6,2,92.601,Saudi Arabia,VER
2,24.0,0.5249998687500328,31.0,0.62,2,92.454,Saudi Arabia,VER
2,25.0,0.5499998625000343,32.0,0.64,2,92.545,Saudi Arabia,VER
2,26.0,0.5749998562500359,33.0,0.66,2,92.309,Saudi Arabia,VER
2,27.0,0.5999998500000374,34.0,0.68,2,92.558,Saudi Arabia,VER
2,28.0,0.624999843750039,35.0,0.7,2,92.536,Saudi Arabia,VER
2,29.0,0.6499998375000405,36.0,0.72,2,92.413,Saudi Arabia,VER
2,30.0,0.6749998312500421,37.0,0.74,2,92.412,Saudi Arabia,VER
2,31.0,0.6999998250000437,38.0,0.76,2,92.296,Saudi Arabia,VER
2,32.0,0.7249998187500453,39.0,0.78,2,91.995,Saudi Arabia,VER
2,33.0,0.7499998125000468,40.0,0.8,2,92.555,Saudi Arabia,VER
2,34.0,0.7749998062500484,41.0,0.82,2,92.491,Saudi Arabia,VER
2,35.0,0.7999998000000499,42.0,0.84,2,93.013,Saudi Arabia,VER
2,36.0,0.8249997937500515,43.0,0.86,2,93.123,Saudi Arabia,VER
2,37.0,0.849999787500053,44.0,0.88,2,92.377,Saudi Arabia,VER
2,38.0,0.8749997812500546,45.0,0.9,2,93.01,Saudi Arabia,VER
2,39.0,0.8999997750000561,46.0,0.92,2,92.889,Saudi Arabia,VER
2,40.0,0.9249997687500577,47.0,0.94,2,92.784,Saudi Arabia,VER
2,41.0,0.9499997625000594,48.0,0.96,2,92.563,Saudi Arabia,VER
2,42.0,0.9749997562500609,49.0,0.98,2,92.163,Saudi Arabia,VER
2,43.0,0.9999997500000625,50.0,1.0,2,91.773,Saudi Arabia,VER
1,2.0,0.0,2.0,0.04,1,94.515,Saudi Arabia,PER
1,3.0,0.24999937500156252,3.0,0.06,1,94.055,Saudi Arabia,PER
1,4.0,0.49999875000312505,4.0,0.08,1,94.046,Saudi Arabia,PER
1,5.0,0.7499981250046875,5.0,0.1,1,94.085,Saudi Arabia,PER
1,6.0,0.9999975000062501,6.0,0.12,1,93.842,Saudi Arabia,PER
2,3.0,0.0,10.0,0.2,2,96.005,Saudi Arabia,PER
2,4.0,0.02499999375000156,11.0,0.22,2,93.859,Saudi Arabia,PER
2,5.0,0.04999998750000312,12.0,0.24,2,93.93,Saudi Arabia,PER
2,6.0,0.07499998125000468,13.0,0.26,2,94.053,Saudi Arabia,PER
2,7.0,0.09999997500000624,14.0,0.28,2,93.814,Saudi Arabia,PER
2,8.0,0.12499996875000781,15.0,0.3,2,93.45,Saudi Arabia,PER
2,9.0,0.14999996250000935,16.0,0.32,2,93.536,Saudi Arabia,PER
2,10.0,0.1749999562500109,17.0,0.34,2,94.169,Saudi Arabia,PER
2,11.0,0.19999995000001247,18.0,0.36,2,93.282,Saudi Arabia,PER
2,12.0,0.22499994375001403,19.0,0.38,2,93.545,Saudi Arabia,PER
2,13.0,0.24999993750001562,20.0,0.4,2,93.377,Saudi Arabia,PER
2,14.0,0.27499993125001715,21.0,0.42,2,93.132,Saudi Arabia,PER
2,15.0,0.2999999250000187,22.0,0.44,2,93.064,Saudi Arabia,PER
2,16.0,0.32499991875002027,23.0,0.46,2,92.97,Saudi Arabia,PER
2,17.0,0.3499999125000218,24.0,0.48,2,92.795,Saudi Arabia,PER
2,18.0,0.3749999062500234,25.0,0.5,2,93.029,Saudi Arabia,PER
2,19.0,0.39999990000002494,26.0,0.52,2,92.75,Saudi Arabia,PER
2,20.0,0.4249998937500265,27.0,0.54,2,92.734,Saudi Arabia,PER
2,21.0,0.44999988750002806,28.0,0.56,2,92.968,Saudi Arabia,PER
2,22.0,0.4749998812500297,29.0,0.58,2,92.671,Saudi Arabia,PER
2,23.0,0.49999987500003124,30.0,0.6,2,92.782,Saudi Arabia,PER
2,24.0,0.5249998687500328,31.0,0.62,2,92.825,Saudi Arabia,PER
2,25.0,0.5499998625000343,32.0,0.64,2,92.506,Saudi Arabia,PER
2,26.0,0.5749998562500359,33.0,0.66,2,92.564,Saudi Arabia,PER
2,27.0,0.5999998500000374,34.0,0.68,2,92.631,Saudi Arabia,PER
2,28.0,0.624999843750039,35.0,0.7,2,92.418,Saudi Arabia,PER
2,29.0,0.6499998375000405,36.0,0.72,2,92.363,Saudi Arabia,PER
2,30.0,0.6749998312500421,37.0,0.74,2,92.273,Saudi Arabia,PER
2,31.0,0.6999998250000437,38.0,0.76,2,92.711,Saudi Arabia,PER
2,32.0,0.7249998187500453,39.0,0.78,2,92.35,Saudi Arabia,PER
2,33.0,0.7499998125000468,40.0,0.8,2,92.72,Saudi Arabia,PER
2,34.0,0.7749998062500484,41.0,0.82,2,92.48,Saudi Arabia,PER
2,35.0,0.7999998000000499,42.0,0.84,2,92.433,Saudi Arabia,PER
2,36.0,0.8249997937500515,43.0,0.86,2,92.392,Saudi Arabia,PER
2,37.0,0.849999787500053,44.0,0.88,2,92.441,Saudi Arabia,PER
2,38.0,0.8749997812500546,45.0,0.9,2,92.562,Saudi Arabia,PER
2,39.0,0.8999997750000561,46.0,0.92,2,92.481,Saudi Arabia,PER
2,40.0,0.9249997687500577,47.0,0.94,2,92.832,Saudi Arabia,PER
2,41.0,0.9499997625000594,48.0,0.96,2,92.514,Saudi Arabia,PER
2,42.0,0.9749997562500609,49.0,0.98,2,93.029,Saudi Arabia,PER
2,43.0,0.9999997500000625,50.0,1.0,2,92.831,Saudi Arabia,PER
1,3.0,0.0,2.0,0.04,1,95.724,Saudi Arabia,ALO
1,4.0,0.24999937500156252,3.0,0.06,1,94.439,Saudi Arabia,ALO
1,5.0,0.49999875000312505,4.0,0.08,1,94.746,Saudi Arabia,ALO
1,6.0,0.7499981250046875,5.0,0.1,1,94.512,Saudi Arabia,ALO
1,7.0,0.9999975000062501,6.0,0.12,1,94.48,Saudi Arabia,ALO
2,4.0,0.0,10.0,0.2,2,97.296,Saudi Arabia,ALO
2,5.0,0.02499999375000156,11.0,0.22,2,94.53,Saudi Arabia,ALO
2,6.0,0.04999998750000312,12.0,0.24,2,94.735,Saudi Arabia,ALO
2,7.0,0.07499998125000468,13.0,0.26,2,94.664,Saudi Arabia,ALO
2,8.0,0.09999997500000624,14.0,0.28,2,94.877,Saudi Arabia,ALO
2,9.0,0.12499996875000781,15.0,0.3,2,94.678,Saudi Arabia,ALO
2,10.0,0.14999996250000935,16.0,0.32,2,94.773,Saudi Arabia,ALO
2,11.0,0.1749999562500109,17.0,0.34,2,94.695,Saudi Arabia,ALO
2,12.0,0.19999995000001247,18.0,0.36,2,94.651,Saudi Arabia,ALO
2,13.0,0.22499994375001403,19.0,0.38,2,94.576,Saudi Arabia,ALO
2,14.0,0.24999993750001562,20.0,0.4,2,94.39,Saudi Arabia,ALO
2,15.0,0.27499993125001715,21.0,0.42,2,94.378,Saudi Arabia,ALO
2,16.0,0.2999999250000187,22.0,0.44,2,94.173,Saudi Arabia,ALO
2,17.0,0.32499991875002027,23.0,0.46,2,93.958,Saudi Arabia,ALO
2,18.0,0.3499999125000218,24.0,0.48,2,94.033,Saudi Arabia,ALO
2,19.0,0.3749999062500234,25.0,0.5,2,93.89,Saudi Arabia,ALO
2,20.0,0.39999990000002494,26.0,0.52,2,93.841,Saudi Arabia,ALO
2,21.0,0.4249998937500265,27.0,0.54,2,93.58,Saudi Arabia,ALO
2,22.0,0.44999988750002806,28.0,0.56,2,93.863,Saudi Arabia,ALO
2,23.0,0.4749998812500297,29.0,0.58,2,93.682,Saudi Arabia,ALO
2,24.0,0.49999987500003124,30.0,0.6,2,93.493,Saudi Arabia,ALO
2,25.0,0.5249998687500328,31.0,0.62,2,93.67,Saudi Arabia,ALO
2,26.0,0.5499998625000343,32.0,0.64,2,93.398,Saudi Arabia,ALO
2,27.0,0.5749998562500359,33.0,0.66,2,93.452,Saudi Arabia,ALO
2,28.0,0.5999998500000374,34.0,0.68,2,93.261,Saudi Arabia,ALO
2,29.0,0.624999843750039,35.0,0.7,2,93.395,Saudi Arabia,ALO
2,30.0,0.6499998375000405,36.0,0.72,2,93.014,Saudi Arabia,ALO
2,31.0,0.6749998312500421,37.0,0.74,2,93.116,Saudi Arabia,ALO
2,32.0,0.6999998250000437,38.0,0.76,2,92.937,Saudi Arabia,ALO
2,33.0,0.7249998187500453,39.0,0.78,2,92.692,Saudi Arabia,ALO
2,34.0,0.7499998125000468,40.0,0.8,2,92.427,Saudi Arabia,ALO
2,35.0,0.7749998062500484,41.0,0.82,2,92.662,Saudi Arabia,ALO
2,36.0,0.7999998000000499,42.0,0.84,2,92.41,Saudi Arabia,ALO
2,37.0,0.8249997937500515,43.0,0.86,2,92.387,Saudi Arabia,ALO
2,38.0,0.849999787500053,44.0,0.88,2,92.474,Saudi Arabia,ALO
2,39.0,0.8749997812500546,45.0,0.9,2,92.413,Saudi Arabia,ALO
2,40.0,0.8999997750000561,46.0,0.92,2,92.641,Saudi Arabia,ALO
2,41.0,0.9249997687500577,47.0,0.94,2,92.579,Saudi Arabia,ALO
2,42.0,0.9499997625000594,48.0,0.96,2,92.629,Saudi Arabia,ALO
2,43.0,0.9749997562500609,49.0,0.98,2,92.389,Saudi Arabia,ALO
2,44.0,0.9999997500000625,50.0,1.0,2,92.779,Saudi Arabia,ALO
1,2.0,0.0,2.0,0.04,1,94.179,Saudi Arabia,LEC
1,3.0,0.24999937500156252,3.0,0.06,1,94.549,Saudi Arabia,LEC
1,4.0,0.49999875000312505,4.0,0.08,1,95.213,Saudi Arabia,LEC
1,5.0,0.7499981250046875,5.0,0.1,1,94.382,Saudi Arabia,LEC
1,6.0,0.9999975000062501,6.0,0.12,1,94.244,Saudi Arabia,LEC
2,3.0,0.0,10.0,0.2,2,96.082,Saudi Arabia,LEC
2,4.0,0.02499999375000156,11.0,0.22,2,94.443,Saudi Arabia,LEC
2,5.0,0.04999998750000312,12.0,0.24,2,93.599,Saudi Arabia,LEC
2,6.0,0.07499998125000468,13.0,0.26,2,94.627,Saudi Arabia,LEC
2,7.0,0.09999997500000624,14.0,0.28,2,94.039,Saudi Arabia,LEC
2,8.0,0.12499996875000781,15.0,0.3,2,94.225,Saudi Arabia,LEC
2,9.0,0.14999996250000935,16.0,0.32,2,94.033,Saudi Arabia,LEC
2,10.0,0.1749999562500109,17.0,0.34,2,94.073,Saudi Arabia,LEC
2,11.0,0.19999995000001247,18.0,0.36,2,94.142,Saudi Arabia,LEC
2,12.0,0.22499994375001403,19.0,0.38,2,93.94,Saudi Arabia,LEC
2,13.0,0.24999993750001562,20.0,0.4,2,93.949,Saudi Arabia,LEC
2,14.0,0.27499993125001715,21.0,0.42,2,93.722,Saudi Arabia,LEC
2,15.0,0.2999999250000187,22.0,0.44,2,93.702,Saudi Arabia,LEC
2,16.0,0.32499991875002027,23.0,0.46,2,93.602,Saudi Arabia,LEC
2,17.0,0.3499999125000218,24.0,0.48,2,93.511,Saudi Arabia,LEC
2,18.0,0.3749999062500234,25.0,0.5,2,93.136,Saudi Arabia,LEC
2,19.0,0.39999990000002494,26.0,0.52,2,93.51,Saudi Arabia,LEC
2,20.0,0.4249998937500265,27.0,0.54,2,93.151,Saudi Arabia,LEC
2,21.0,0.44999988750002806,28.0,0.56,2,93.202,Saudi Arabia,LEC
2,22.0,0.4749998812500297,29.0,0.58,2,93.305,Saudi Arabia,LEC
2,23.0,0.49999987500003124,30.0,0.6,2,92.863,Saudi Arabia,LEC
2,24.0,0.5249998687500328,31.0,0.62,2,92.606,Saudi Arabia,LEC
2,25.0,0.5499998625000343,32.0,0.64,2,92.959,Saudi Arabia,LEC
2,26.0,0.5749998562500359,33.0,0.66,2,93.064,Saudi Arabia,LEC
2,27.0,0.5999998500000374,34.0,0.68,2,93.097,Saudi Arabia,LEC
2,28.0,0.624999843750039,35.0,0.7,2,93.013,Saudi Arabia,LEC
2,29.0,0.6499998375000405,36.0,0.72,2,92.915,Saudi Arabia,LEC
2,30.0,0.6749998312500421,37.0,0.74,2,92.674,Saudi Arabia,LEC
2,31.0,0.6999998250000437,38.0,0.76,2,92.632,Saudi Arabia,LEC
2,32.0,0.7249998187500453,39.0,0.78,2,92.722,Saudi Arabia,LEC
2,33.0,0.7499998125000468,40.0,0.8,2,92.282,Saudi Arabia,LEC
2,34.0,0.7749998062500484,41.0,0.82,2,92.504,Saudi Arabia,LEC
2,35.0,0.7999998000000499,42.0,0.84,2,92.66,Saudi Arabia,LEC
2,36.0,0.8249997937500515,43.0,0.86,2,92.556,Saudi Arabia,LEC
2,37.0,0.849999787500053,44.0,0.88,2,92.679,Saudi Arabia,LEC
2,38.0,0.8749997812500546,45.0,0.9,2,92.552,Saudi Arabia,LEC
2,39.0,0.8999997750000561,46.0,0.92,2,92.052,Saudi Arabia,LEC
2,40.0,0.9249997687500577,47.0,0.94,2,92.029,Saudi Arabia,LEC
2,41.0,0.9499997625000594,48.0,0.96,2,93.364,Saudi Arabia,LEC
2,42.0,0.9749997562500609,49.0,0.98,2,91.931,Saudi Arabia,LEC
2,43.0,0.9999997500000625,50.0,1.0,2,91.632,Saudi Arabia,LEC
1,3.0,0.0,2.0,0.04,1,96.094,Saudi Arabia,STR
1,4.0,0.3333322222259259,3.0,0.06,1,95.79,Saudi Arabia,STR
1,5.0,0.6666644444518518,4.0,0.08,1,95.735,Saudi Arabia,STR
1,6.0,0.9999966666777778,5.0,0.1,1,95.56,Saudi Arabia,STR
1,2.0,0.0,2.0,0.04,1,98.418,Saudi Arabia,SAR
1,3.0,0.24999937500156252,3.0,0.06,1,96.871,Saudi Arabia,SAR
1,4.0,0.49999875000312505,4.0,0.08,1,96.544,Saudi Arabia,SAR
1,5.0,0.7499981250046875,5.0,0.1,1,96.204,Saudi Arabia,SAR
1,6.0,0.9999975000062501,6.0,0.12,1,96.203,Saudi Arabia,SAR
2,3.0,0.0,10.0,0.2,2,100.141,Saudi Arabia,SAR
2,4.0,0.025641019066405365,11.0,0.22,2,96.468,Saudi Arabia,SAR
2,5.0,0.05128203813281073,12.0,0.24,2,95.642,Saudi Arabia,SAR
2,6.0,0.07692305719921609,13.0,0.26,2,95.751,Saudi Arabia,SAR
2,7.0,0.10256407626562146,14.0,0.28,2,95.207,Saudi Arabia,SAR
2,8.0,0.1282050953320268,15.0,0.3,2,95.601,Saudi Arabia,SAR
2,9.0,0.15384611439843218,16.0,0.32,2,96.062,Saudi Arabia,SAR
2,10.0,0.17948713346483755,17.0,0.34,2,96.336,Saudi Arabia,SAR
2,11.0,0.20512815253124292,18.0,0.36,2,96.039,Saudi Arabia,SAR
2,12.0,0.2307691715976483,19.0,0.38,2,95.361,Saudi Arabia,SAR
2,13.0,0.2564101906640536,20.0,0.4,2,95.251,Saudi Arabia,SAR
2,14.0,0.282051209730459,21.0,0.42,2,95.082,Saudi Arabia,SAR
2,15.0,0.30769222879686436,22.0,0.44,2,95.601,Saudi Arabia,SAR
2,16.0,0.33333324786326973,23.0,0.46,2,95.016,Saudi Arabia,SAR
2,17.0,0.3589742669296751,24.0,0.48,2,95.133,Saudi Arabia,SAR
2,18.0,0.38461528599608047,25.0,0.5,2,96.539,Saudi Arabia,SAR
2,19.0,0.41025630506248584,26.0,0.52,2,96.497,Saudi Arabia,SAR
2,20.0,0.4358973241288912,27.0,0.54,2,96.198,Saudi Arabia,SAR
2,21.0,0.4615383431952966,28.0,0.56,2,95.886,Saudi Arabia,SAR
2,22.0,0.48717936226170194,29.0,0.58,2,96.047,Saudi Arabia,SAR
2,23.0,0.5128203813281073,30.0,0.6,2,95.75,Saudi Arabia,SAR
2,24.0,0.5384614003945126,31.0,0.62,2,95.879,Saudi Arabia,SAR
2,25.0,0.564102419460918,32.0,0.64,2,95.897,Saudi Arabia,SAR
2,26.0,0.5897434385273234,33.0,0.66,2,95.7,Saudi Arabia,SAR
2,27.0,0.6153844575937287,34.0,0.68,2,94.843,Saudi Arabia,SAR
2,28.0,0.6410254766601341,35.0,0.7,2,94.716,Saudi Arabia,SAR
2,29.0,0.6666664957265395,36.0,0.72,2,94.576,Saudi Arabia,SAR
2,30.0,0.6923075147929448,37.0,0.74,2,94.228,Saudi Arabia,SAR
2,31.0,0.7179485338593502,38.0,0.76,2,93.763,Saudi Arabia,SAR
2,32.0,0.7435895529257556,39.0,0.78,2,93.97,Saudi Arabia,SAR
2,33.0,0.7692305719921609,40.0,0.8,2,93.547,Saudi Arabia,SAR
2,34.0,0.7948715910585663,41.0,0.82,2,93.838,Saudi Arabia,SAR
2,35.0,0.8205126101249717,42.0,0.84,2,93.648,Saudi Arabia,SAR
2,36.0,0.846153629191377,43.0,0.86,2,93.766,Saudi Arabia,SAR
2,37.0,0.8717946482577824,44.0,0.88,2,95.215,Saudi Arabia,SAR
2,38.0,0.8974356673241878,45.0,0.9,2,94.077,Saudi Arabia,SAR
2,39.0,0.9230766863905931,46.0,0.92,2,94.141,Saudi Arabia,SAR
2,40.0,0.9487177054569985,47.0,0.94,2,93.718,Saudi Arabia,SAR
2,41.0,0.9743587245234039,48.0,0.96,2,93.383,Saudi Arabia,SAR
2,42.0,0.9999997435898093,49.0,0.98,2,93.026,Saudi Arabia,SAR
1,2.0,0.0,2.0,0.04,1,97.522,Saudi Arabia,MAG
1,3.0,0.24999937500156252,3.0,0.06,1,95.85,Saudi Arabia,MAG
1,4.0,0.49999875000312505,4.0,0.08,1,95.367,Saudi Arabia,MAG
1,5.0,0.7499981250046875,5.0,0.1,1,95.684,Saudi Arabia,MAG
1,6.0,0.9999975000062501,6.0,0.12,1,96.027,Saudi Arabia,MAG
2,3.0,0.0,10.0,0.2,2,99.463,Saudi Arabia,MAG
2,4.0,0.02499999375000156,11.0,0.22,2,96.036,Saudi Arabia,MAG
2,5.0,0.04999998750000312,12.0,0.24,2,95.229,Saudi Arabia,MAG
2,6.0,0.07499998125000468,13.0,0.26,2,95.062,Saudi Arabia,MAG
2,7.0,0.09999997500000624,14.0,0.28,2,95.553,Saudi Arabia,MAG
2,8.0,0.12499996875000781,15.0,0.3,2,95.746,Saudi Arabia,MAG
2,9.0,0.14999996250000935,16.0,0.32,2,96.1,Saudi Arabia,MAG
2,10.0,0.1749999562500109,17.0,0.34,2,96.621,Saudi Arabia,MAG
2,11.0,0.19999995000001247,18.0,0.36,2,95.266,Saudi Arabia,MAG
2,12.0,0.22499994375001403,19.0,0.38,2,95.22,Saudi Arabia,MAG
2,13.0,0.24999993750001562,20.0,0.4,2,95.012,Saudi Arabia,MAG
2,14.0,0.27499993125001715,21.0,0.42,2,94.923,Saudi Arabia,MAG
2,15.0,0.2999999250000187,22.0,0.44,2,95.804,Saudi Arabia,MAG
2,16.0,0.32499991875002027,23.0,0.46,2,96.198,Saudi Arabia,MAG
2,17.0,0.3499999125000218,24.0,0.48,2,96.072,Saudi Arabia,MAG
2,18.0,0.3749999062500234,25.0,0.5,2,96.555,Saudi Arabia,MAG
2,19.0,0.39999990000002494,26.0,0.52,2,96.26,Saudi Arabia,MAG
2,20.0,0.4249998937500265,27.0,0.54,2,96.222,Saudi Arabia,MAG
2,21.0,0.44999988750002806,28.0,0.56,2,96.099,Saudi Arabia,MAG
2,22.0,0.4749998812500297,29.0,0.58,2,95.797,Saudi Arabia,MAG
2,23.0,0.49999987500003124,30.0,0.6,2,95.843,Saudi Arabia,MAG
2,24.0,0.5249998687500328,31.0,0.62,2,96.061,Saudi Arabia,MAG
2,25.0,0.5499998625000343,32.0,0.64,2,95.783,Saudi Arabia,MAG
2,26.0,0.5749998562500359,33.0,0.66,2,95.7,Saudi Arabia,MAG
2,27.0,0.5999998500000374,34.0,0.68,2,94.174,Saudi Arabia,MAG
2,28.0,0.624999843750039,35.0,0.7,2,93.923,Saudi Arabia,MAG
2,29.0,0.6499998375000405,36.0,0.72,2,93.76,Saudi Arabia,MAG
2,30.0,0.6749998312500421,37.0,0.74,2,93.516,Saudi Arabia,MAG
2,31.0,0.6999998250000437,38.0,0.76,2,93.429,Saudi Arabia,MAG
2,32.0,0.7249998187500453,39.0,0.78,2,93.203,Saudi Arabia,MAG
2,33.0,0.7499998125000468,40.0,0.8,2,92.93,Saudi Arabia,MAG
2,34.0,0.7749998062500484,41.0,0.82,2,92.855,Saudi Arabia,MAG
2,35.0,0.7999998000000499,42.0,0.84,2,92.715,Saudi Arabia,MAG
2,36.0,0.8249997937500515,43.0,0.86,2,92.902,Saudi Arabia,MAG
2,37.0,0.849999787500053,44.0,0.88,2,92.644,Saudi Arabia,MAG
2,38.0,0.8749997812500546,45.0,0.9,2,92.638,Saudi Arabia,MAG
2,39.0,0.8999997750000561,46.0,0.92,2,92.812,Saudi Arabia,MAG
2,40.0,0.9249997687500577,47.0,0.94,2,92.338,Saudi Arabia,MAG
2,41.0,0.9499997625000594,48.0,0.96,2,93.474,Saudi Arabia,MAG
2,42.0,0.9749997562500609,49.0,0.98,2,93.437,Saudi Arabia,MAG
2,43.0,0.9999997500000625,50.0,1.0,2,94.603,Saudi Arabia,MAG
1,2.0,0.0,2.0,0.04,1,96.873,Saudi Arabia,TSU
1,3.0,0.24999937500156252,3.0,0.06,1,95.703,Saudi Arabia,TSU
1,4.0,0.49999875000312505,4.0,0.08,1,95.378,Saudi Arabia,TSU
1,5.0,0.7499981250046875,5.0,0.1,1,95.589,Saudi Arabia,TSU
1,6.0,0.9999975000062501,6.0,0.12,1,96.275,Saudi Arabia,TSU
2,3.0,0.0,10.0,0.2,2,99.222,Saudi Arabia,TSU
2,4.0,0.025641019066405365,11.0,0.22,2,95.738,Saudi Arabia,TSU
2,5.0,0.05128203813281073,12.0,0.24,2,95.263,Saudi Arabia,TSU
2,6.0,0.07692305719921609,13.0,0.26,2,95.325,Saudi Arabia,TSU
2,7.0,0.10256407626562146,14.0,0.28,2,95.575,Saudi Arabia,TSU
2,8.0,0.1282050953320268,15.0,0.3,2,95.952,Saudi Arabia,TSU
2,9.0,0.15384611439843218,16.0,0.32,2,95.995,Saudi Arabia,TSU
2,10.0,0.17948713346483755,17.0,0.34,2,97.603,Saudi Arabia,TSU
2,11.0,0.20512815253124292,18.0,0.36,2,95.367,Saudi Arabia,TSU
2,12.0,0.2307691715976483,19.0,0.38,2,95.146,Saudi Arabia,TSU
2,13.0,0.2564101906640536,20.0,0.4,2,95.06,Saudi Arabia,TSU
2,14.0,0.282051209730459,21.0,0.42,2,94.71,Saudi Arabia,TSU
2,15.0,0.30769222879686436,22.0,0.44,2,95.698,Saudi Arabia,TSU
2,16.0,0.33333324786326973,23.0,0.46,2,96.285,Saudi Arabia,TSU
2,17.0,0.3589742669296751,24.0,0.48,2,95.882,Saudi Arabia,TSU
2,18.0,0.38461528599608047,25.0,0.5,2,96.548,Saudi Arabia,TSU
2,19.0,0.41025630506248584,26.0,0.52,2,96.662,Saudi Arabia,TSU
2,20.0,0.4358973241288912,27.0,0.54,2,96.093,Saudi Arabia,TSU
2,21.0,0.4615383431952966,28.0,0.56,2,95.668,Saudi Arabia,TSU
2,22.0,0.48717936226170194,29.0,0.58,2,96.731,Saudi Arabia,TSU
2,23.0,0.5128203813281073,30.0,0.6,2,96.041,Saudi Arabia,TSU
2,24.0,0.5384614003945126,31.0,0.62,2,95.939,Saudi Arabia,TSU
2,25.0,0.564102419460918,32.0,0.64,2,95.694,Saudi Arabia,TSU
2,26.0,0.5897434385273234,33.0,0.66,2,96.118,Saudi Arabia,TSU
2,27.0,0.6153844575937287,34.0,0.68,2,94.768,Saudi Arabia,TSU
2,28.0,0.6410254766601341,35.0,0.7,2,94.781,Saudi Arabia,TSU
2,29.0,0.6666664957265395,36.0,0.72,2,94.358,Saudi Arabia,TSU
2,30.0,0.6923075147929448,37.0,0.74,2,94.233,Saudi Arabia,TSU
2,31.0,0.7179485338593502,38.0,0.76,2,93.961,Saudi Arabia,TSU
2,32.0,0.7435895529257556,39.0,0.78,2,93.894,Saudi Arabia,TSU
2,33.0,0.7692305719921609,40.0,0.8,2,93.601,Saudi Arabia,TSU
2,34.0,0.7948715910585663,41.0,0.82,2,93.731,Saudi Arabia,TSU
2,35.0,0.8205126101249717,42.0,0.84,2,93.623,Saudi Arabia,TSU
2,36.0,0.846153629191377,43.0,0.86,2,93.767,Saudi Arabia,TSU
2,37.0,0.8717946482577824,44.0,0.88,2,93.523,Saudi Arabia,TSU
2,38.0,0.8974356673241878,45.0,0.9,2,93.644,Saudi Arabia,TSU
2,39.0,0.9230766863905931,46.0,0.92,2,94.961,Saudi Arabia,TSU
2,40.0,0.9487177054569985,47.0,0.94,2,93.525,Saudi Arabia,TSU
2,41.0,0.9743587245234039,48.0,0.96,2,93.84,Saudi Arabia,TSU
2,42.0,0.9999997435898093,49.0,0.98,2,93.56,Saudi Arabia,TSU
1,2.0,0.0,2.0,0.04,1,97.553,Saudi Arabia,ALB
1,3.0,0.24999937500156252,3.0,0.06,1,95.986,Saudi Arabia,ALB
1,4.0,0.49999875000312505,4.0,0.08,1,95.553,Saudi Arabia,ALB
1,5.0,0.7499981250046875,5.0,0.1,1,95.59,Saudi Arabia,ALB
1,6.0,0.9999975000062501,6.0,0.12,1,95.977,Saudi Arabia,ALB
2,3.0,0.0,10.0,0.2,2,100.318,Saudi Arabia,ALB
2,4.0,0.02499999375000156,11.0,0.22,2,96.232,Saudi Arabia,ALB
2,5.0,0.04999998750000312,12.0,0.24,2,95.441,Saudi Arabia,ALB
2,6.0,0.07499998125000468,13.0,0.26,2,95.213,Saudi Arabia,ALB
2,7.0,0.09999997500000624,14.0,0.28,2,95.181,Saudi Arabia,ALB
2,8.0,0.12499996875000781,15.0,0.3,2,95.533,Saudi Arabia,ALB
2,9.0,0.14999996250000935,16.0,0.32,2,96.47,Saudi Arabia,ALB
2,10.0,0.1749999562500109,17.0,0.34,2,97.029,Saudi Arabia,ALB
2,11.0,0.19999995000001247,18.0,0.36,2,95.608,Saudi Arabia,ALB
2,12.0,0.22499994375001403,19.0,0.38,2,95.064,Saudi Arabia,ALB
2,13.0,0.24999993750001562,20.0,0.4,2,95.278,Saudi Arabia,ALB
2,14.0,0.27499993125001715,21.0,0.42,2,94.82,Saudi Arabia,ALB
2,15.0,0.2999999250000187,22.0,0.44,2,96.016,Saudi Arabia,ALB
2,16.0,0.32499991875002027,23.0,0.46,2,95.363,Saudi Arabia,ALB
2,17.0,0.3499999125000218,24.0,0.48,2,95.967,Saudi Arabia,ALB
2,18.0,0.3749999062500234,25.0,0.5,2,96.124,Saudi Arabia,ALB
2,19.0,0.39999990000002494,26.0,0.52,2,96.633,Saudi Arabia,ALB
2,20.0,0.4249998937500265,27.0,0.54,2,96.127,Saudi Arabia,ALB
2,21.0,0.44999988750002806,28.0,0.56,2,96.166,Saudi Arabia,ALB
2,22.0,0.4749998812500297,29.0,0.58,2,95.687,Saudi Arabia,ALB
2,23.0,0.49999987500003124,30.0,0.6,2,96.135,Saudi Arabia,ALB
2,24.0,0.5249998687500328,31.0,0.62,2,95.84,Saudi Arabia,ALB
2,25.0,0.5499998625000343,32.0,0.64,2,95.621,Saudi Arabia,ALB
2,26.0,0.5749998562500359,33.0,0.66,2,95.221,Saudi Arabia,ALB
2,27.0,0.5999998500000374,34.0,0.68,2,94.524,Saudi Arabia,ALB
2,28.0,0.624999843750039,35.0,0.7,2,95.05,Saudi Arabia,ALB
2,29.0,0.6499998375000405,36.0,0.72,2,93.987,Saudi Arabia,ALB
2,30.0,0.6749998312500421,37.0,0.74,2,93.939,Saudi Arabia,ALB
2,31.0,0.6999998250000437,38.0,0.76,2,93.673,Saudi Arabia,ALB
2,32.0,0.7249998187500453,39.0,0.78,2,93.504,Saudi Arabia,ALB
2,33.0,0.7499998125000468,40.0,0.8,2,93.424,Saudi Arabia,ALB
2,34.0,0.7749998062500484,41.0,0.82,2,93.75,Saudi Arabia,ALB
2,35.0,0.7999998000000499,42.0,0.84,2,92.85,Saudi Arabia,ALB
2,36.0,0.8249997937500515,43.0,0.86,2,92.994,Saudi Arabia,ALB
2,37.0,0.849999787500053,44.0,0.88,2,92.997,Saudi Arabia,ALB
2,38.0,0.8749997812500546,45.0,0.9,2,92.564,Saudi Arabia,ALB
2,39.0,0.8999997750000561,46.0,0.92,2,92.54,Saudi Arabia,ALB
2,40.0,0.9249997687500577,47.0,0.94,2,93.858,Saudi Arabia,ALB
2,41.0,0.9499997625000594,48.0,0.96,2,92.711,Saudi Arabia,ALB
2,42.0,0.9749997562500609,49.0,0.98,2,92.56,Saudi Arabia,ALB
2,43.0,0.9999997500000625,50.0,1.0,2,92.307,Saudi Arabia,ALB
1,2.0,0.0,2.0,0.04,1,98.539,Saudi Arabia,ZHO
1,3.0,0.026315782548478276,3.0,0.06,1,97.232,Saudi Arabia,ZHO
1,4.0,0.05263156509695655,4.0,0.08,1,96.526,Saudi Arabia,ZHO
1,5.0,0.07894734764543482,5.0,0.1,1,96.238,Saudi Arabia,ZHO
1,6.0,0.1052631301939131,6.0,0.12,1,97.072,Saudi Arabia,ZHO
1,10.0,0.2105262603878262,10.0,0.2,1,98.417,Saudi Arabia,ZHO
1,11.0,0.23684204293630448,11.0,0.22,1,95.695,Saudi Arabia,ZHO
1,12.0,0.2631578254847827,12.0,0.24,1,94.998,Saudi Arabia,ZHO
1,13.0,0.289473608033261,13.0,0.26,1,95.355,Saudi Arabia,ZHO
1,14.0,0.31578939058173927,14.0,0.28,1,96.658,Saudi Arabia,ZHO
1,15.0,0.34210517313021754,15.0,0.3,1,96.053,Saudi Arabia,ZHO
1,16.0,0.3684209556786958,16.0,0.32,1,96.065,Saudi Arabia,ZHO
1,17.0,0.39473673822717414,17.0,0.34,1,95.882,Saudi Arabia,ZHO
1,18.0,0.4210525207756524,18.0,0.36,1,95.466,Saudi Arabia,ZHO
1,19.0,0.4473683033241307,19.0,0.38,1,95.407,Saudi Arabia,ZHO
1,20.0,0.47368408587260896,20.0,0.4,1,95.087,Saudi Arabia,ZHO
1,21.0,0.49999986842108723,21.0,0.42,1,95.399,Saudi Arabia,ZHO
1,22.0,0.5263156509695655,22.0,0.44,1,95.158,Saudi Arabia,ZHO
1,23.0,0.5526314335180438,23.0,0.46,1,95.296,Saudi Arabia,ZHO
1,24.0,0.578947216066522,24.0,0.48,1,95.145,Saudi Arabia,ZHO
1,25.0,0.6052629986150003,25.0,0.5,1,95.145,Saudi Arabia,ZHO
1,26.0,0.6315787811634785,26.0,0.52,1,95.036,Saudi Arabia,ZHO
1,27.0,0.6578945637119569,27.0,0.54,1,95.002,Saudi Arabia,ZHO
1,28.0,0.6842103462604351,28.0,0.56,1,94.879,Saudi Arabia,ZHO
1,29.0,0.7105261288089134,29.0,0.58,1,94.99,Saudi Arabia,ZHO
1,30.0,0.7368419113573916,30.0,0.6,1,94.885,Saudi Arabia,ZHO
1,31.0,0.76315769390587,31.0,0.62,1,94.8,Saudi Arabia,ZHO
1,32.0,0.7894734764543483,32.0,0.64,1,94.631,Saudi Arabia,ZHO
1,33.0,0.8157892590028265,33.0,0.66,1,94.679,Saudi Arabia,ZHO
1,34.0,0.8421050415513048,34.0,0.68,1,94.65,Saudi Arabia,ZHO
1,35.0,0.868420824099783,35.0,0.7,1,94.405,Saudi Arabia,ZHO
1,36.0,0.8947366066482614,36.0,0.72,1,94.282,Saudi Arabia,ZHO
1,37.0,0.9210523891967396,37.0,0.74,1,94.132,Saudi Arabia,ZHO
1,38.0,0.9473681717452179,38.0,0.76,1,93.914,Saudi Arabia,ZHO
1,39.0,0.9736839542936961,39.0,0.78,1,93.915,Saudi Arabia,ZHO
1,40.0,0.9999997368421745,40.0,0.8,1,93.736,Saudi Arabia,ZHO
0,2.0,0.0,43.0,0.86,2,93.047,Saudi Arabia,ZHO
0,3.0,0.16666638888935187,44.0,0.88,2,92.77,Saudi Arabia,ZHO
0,4.0,0.33333277777870374,45.0,0.9,2,92.857,Saudi Arabia,ZHO
0,5.0,0.4999991666680556,46.0,0.92,2,92.874,Saudi Arabia,ZHO
0,6.0,0.6666655555574075,47.0,0.94,2,93.207,Saudi Arabia,ZHO
0,7.0,0.8333319444467593,48.0,0.96,2,92.761,Saudi Arabia,ZHO
0,8.0,0.9999983333361112,49.0,0.98,2,92.208,Saudi Arabia,ZHO
1,2.0,0.0,2.0,0.04,1,97.836,Saudi Arabia,HUL
1,3.0,0.033333322222225924,3.0,0.06,1,96.382,Saudi Arabia,HUL
1,4.0,0.06666664444445185,4.0,0.08,1,96.231,Saudi Arabia,HUL
1,5.0,0.09999996666667778,5.0,0.1,1,95.723,Saudi Arabia,HUL
1,6.0,0.1333332888889037,6.0,0.12,1,96.398,Saudi Arabia,HUL
1,10.0,0.2666665777778074,10.0,0.2,1,97.796,Saudi Arabia,HUL
1,11.0,0.29999990000003335,11.0,0.22,1,94.864,Saudi Arabia,HUL
1,12.0,0.33333322222225925,12.0,0.24,1,94.605,Saudi Arabia,HUL
1,13.0,0.3666665444444852,13.0,0.26,1,95.367,Saudi Arabia,HUL
1,14.0,0.3999998666667111,14.0,0.28,1,96.481,Saudi Arabia,HUL
1,15.0,0.433333188888937,15.0,0.3,1,95.495,Saudi Arabia,HUL
1,16.0,0.466666511111163,16.0,0.32,1,95.153,Saudi Arabia,HUL
1,17.0,0.4999998333333889,17.0,0.34,1,95.205,Saudi Arabia,HUL
1,18.0,0.5333331555556148,18.0,0.36,1,95.687,Saudi Arabia,HUL
1,19.0,0.5666664777778407,19.0,0.38,1,95.174,Saudi Arabia,HUL
1,20.0,0.5999998000000667,20.0,0.4,1,95.067,Saudi Arabia,HUL
1,21.0,0.6333331222222927,21.0,0.42,1,96.369,Saudi Arabia,HUL
1,22.0,0.6666664444445185,22.0,0.44,1,95.358,Saudi Arabia,HUL
1,23.0,0.6999997666667445,23.0,0.46,1,94.816,Saudi Arabia,HUL
1,24.0,0.7333330888889704,24.0,0.48,1,94.843,Saudi Arabia,HUL
1,25.0,0.7666664111111963,25.0,0.5,1,94.725,Saudi Arabia,HUL
1,26.0,0.7999997333334222,26.0,0.52,1,94.694,Saudi Arabia,HUL
1,27.0,0.8333330555556482,27.0,0.54,1,94.704,Saudi Arabia,HUL
1,28.0,0.866666377777874,28.0,0.56,1,94.482,Saudi Arabia,HUL
1,29.0,0.8999997000001,29.0,0.58,1,94.235,Saudi Arabia,HUL
1,30.0,0.933333022222326,30.0,0.6,1,94.307,Saudi Arabia,HUL
1,31.0,0.9666663444445519,31.0,0.62,1,94.182,Saudi Arabia,HUL
1,32.0,0.9999996666667778,32.0,0.64,1,93.999,Saudi Arabia,HUL
2,2.0,0.0,35.0,0.7,2,93.106,Saudi Arabia,HUL
2,3.0,0.06666662222225185,36.0,0.72,2,93.015,Saudi Arabia,HUL
2,4.0,0.1333332444445037,37.0,0.74,2,93.248,Saudi Arabia,HUL
2,5.0,0.19999986666675557,38.0,0.76,2,93.153,Saudi Arabia,HUL
2,6.0,0.2666664888890074,39.0,0.78,2,93.045,Saudi Arabia,HUL
2,7.0,0.3333331111112593,40.0,0.8,2,92.932,Saudi Arabia,HUL
2,8.0,0.39999973333351113,41.0,0.82,2,92.84,Saudi Arabia,HUL
2,9.0,0.46666635555576297,42.0,0.84,2,92.592,Saudi Arabia,HUL
2,10.0,0.5333329777780148,43.0,0.86,2,92.752,Saudi Arabia,HUL
2,11.0,0.5999996000002666,44.0,0.88,2,92.636,Saudi Arabia,HUL
2,12.0,0.6666662222225186,45.0,0.9,2,92.493,Saudi Arabia,HUL
2,13.0,0.7333328444447704,46.0,0.92,2,92.43,Saudi Arabia,HUL
2,14.0,0.7999994666670223,47.0,0.94,2,92.379,Saudi Arabia,HUL
2,15.0,0.8666660888892741,48.0,0.96,2,92.52,Saudi Arabia,HUL
2,16.0,0.9333327111115259,49.0,0.98,2,92.366,Saudi Arabia,HUL
2,17.0,0.9999993333337778,50.0,1.0,2,93.081,Saudi Arabia,HUL
1,2.0,0.0,2.0,0.04,1,98.035,Saudi Arabia,RIC
1,3.0,0.24999937500156252,3.0,0.06,1,96.766,Saudi Arabia,RIC
1,4.0,0.49999875000312505,4.0,0.08,1,96.271,Saudi Arabia,RIC
1,5.0,0.7499981250046875,5.0,0.1,1,95.699,Saudi Arabia,RIC
1,6.0,0.9999975000062501,6.0,0.12,1,95.847,Saudi Arabia,RIC
2,3.0,0.0,10.0,0.2,2,99.99,Saudi Arabia,RIC
2,4.0,0.025641019066405365,11.0,0.22,2,96.819,Saudi Arabia,RIC
2,5.0,0.05128203813281073,12.0,0.24,2,96.095,Saudi Arabia,RIC
2,6.0,0.07692305719921609,13.0,0.26,2,96.337,Saudi Arabia,RIC
2,7.0,0.10256407626562146,14.0,0.28,2,95.606,Saudi Arabia,RIC
2,8.0,0.1282050953320268,15.0,0.3,2,95.466,Saudi Arabia,RIC
2,9.0,0.15384611439843218,16.0,0.32,2,95.805,Saudi Arabia,RIC
2,10.0,0.17948713346483755,17.0,0.34,2,96.267,Saudi Arabia,RIC
2,11.0,0.20512815253124292,18.0,0.36,2,96.093,Saudi Arabia,RIC
2,12.0,0.2307691715976483,19.0,0.38,2,95.853,Saudi Arabia,RIC
2,13.0,0.2564101906640536,20.0,0.4,2,96.073,Saudi Arabia,RIC
2,14.0,0.282051209730459,21.0,0.42,2,96.779,Saudi Arabia,RIC
2,15.0,0.30769222879686436,22.0,0.44,2,96.433,Saudi Arabia,RIC
2,16.0,0.33333324786326973,23.0,0.46,2,95.855,Saudi Arabia,RIC
2,17.0,0.3589742669296751,24.0,0.48,2,94.935,Saudi Arabia,RIC
2,18.0,0.38461528599608047,25.0,0.5,2,94.739,Saudi Arabia,RIC
2,19.0,0.41025630506248584,26.0,0.52,2,94.973,Saudi Arabia,RIC
2,20.0,0.4358973241288912,27.0,0.54,2,95.648,Saudi Arabia,RIC
2,21.0,0.4615383431952966,28.0,0.56,2,95.285,Saudi Arabia,RIC
2,22.0,0.48717936226170194,29.0,0.58,2,95.649,Saudi Arabia,RIC
2,23.0,0.5128203813281073,30.0,0.6,2,95.608,Saudi Arabia,RIC
2,24.0,0.5384614003945126,31.0,0.62,2,95.433,Saudi Arabia,RIC
2,25.0,0.564102419460918,32.0,0.64,2,95.804,Saudi Arabia,RIC
2,26.0,0.5897434385273234,33.0,0.66,2,95.753,Saudi Arabia,RIC
2,27.0,0.6153844575937287,34.0,0.68,2,95.25,Saudi Arabia,RIC
2,28.0,0.6410254766601341,35.0,0.7,2,94.658,Saudi Arabia,RIC
2,29.0,0.6666664957265395,36.0,0.72,2,94.92,Saudi Arabia,RIC
2,30.0,0.6923075147929448,37.0,0.74,2,94.125,Saudi Arabia,RIC
2,31.0,0.7179485338593502,38.0,0.76,2,93.821,Saudi Arabia,RIC
2,32.0,0.7435895529257556,39.0,0.78,2,93.974,Saudi Arabia,RIC
2,33.0,0.7692305719921609,40.0,0.8,2,93.494,Saudi Arabia,RIC
2,34.0,0.7948715910585663,41.0,0.82,2,94.574,Saudi Arabia,RIC
2,35.0,0.8205126101249717,42.0,0.84,2,95.812,Saudi Arabia,RIC
2,36.0,0.846153629191377,43.0,0.86,2,93.705,Saudi Arabia,RIC
2,37.0,0.8717946482577824,44.0,0.88,2,93.436,Saudi Arabia,RIC
2,38.0,0.8974356673241878,45.0,0.9,2,93.75,Saudi Arabia,RIC
2,39.0,0.9230766863905931,46.0,0.92,2,93.4,Saudi Arabia,RIC
2,40.0,0.9487177054569985,47.0,0.94,2,93.323,Saudi Arabia,RIC
2,41.0,0.9743587245234039,48.0,0.96,2,103.781,Saudi Arabia,RIC
2,42.0,0.9999997435898093,49.0,0.98,2,95.536,Saudi Arabia,RIC
1,2.0,0.0,2.0,0.04,1,98.482,Saudi Arabia,OCO
1,3.0,0.24999937500156252,3.0,0.06,1,96.92,Saudi Arabia,OCO
1,4.0,0.49999875000312505,4.0,0.08,1,96.261,Saudi Arabia,OCO
1,5.0,0.7499981250046875,5.0,0.1,1,96.003,Saudi Arabia,OCO
1,6.0,0.9999975000062501,6.0,0.12,1,96.798,Saudi Arabia,OCO
2,3.0,0.0,10.0,0.2,2,99.439,Saudi Arabia,OCO
2,4.0,0.025641019066405365,11.0,0.22,2,95.969,Saudi Arabia,OCO
2,5.0,0.05128203813281073,12.0,0.24,2,95.4,Saudi Arabia,OCO
2,6.0,0.07692305719921609,13.0,0.26,2,95.107,Saudi Arabia,OCO
2,7.0,0.10256407626562146,14.0,0.28,2,95.432,Saudi Arabia,OCO
2,8.0,0.1282050953320268,15.0,0.3,2,95.717,Saudi Arabia,OCO
2,9.0,0.15384611439843218,16.0,0.32,2,96.245,Saudi Arabia,OCO
2,10.0,0.17948713346483755,17.0,0.34,2,97.264,Saudi Arabia,OCO
2,11.0,0.20512815253124292,18.0,0.36,2,95.436,Saudi Arabia,OCO
2,12.0,0.2307691715976483,19.0,0.38,2,95.152,Saudi Arabia,OCO
2,13.0,0.2564101906640536,20.0,0.4,2,95.02,Saudi Arabia,OCO
2,14.0,0.282051209730459,21.0,0.42,2,94.925,Saudi Arabia,OCO
2,15.0,0.30769222879686436,22.0,0.44,2,95.218,Saudi Arabia,OCO
2,16.0,0.33333324786326973,23.0,0.46,2,96.216,Saudi Arabia,OCO
2,17.0,0.3589742669296751,24.0,0.48,2,96.124,Saudi Arabia,OCO
2,18.0,0.38461528599608047,25.0,0.5,2,96.373,Saudi Arabia,OCO
2,19.0,0.41025630506248584,26.0,0.52,2,96.331,Saudi Arabia,OCO
2,20.0,0.4358973241288912,27.0,0.54,2,96.399,Saudi Arabia,OCO
2,21.0,0.4615383431952966,28.0,0.56,2,95.884,Saudi Arabia,OCO
2,22.0,0.48717936226170194,29.0,0.58,2,95.305,Saudi Arabia,OCO
2,23.0,0.5128203813281073,30.0,0.6,2,96.117,Saudi Arabia,OCO
2,24.0,0.5384614003945126,31.0,0.62,2,95.912,Saudi Arabia,OCO
2,25.0,0.564102419460918,32.0,0.64,2,95.709,Saudi Arabia,OCO
2,26.0,0.5897434385273234,33.0,0.66,2,95.753,Saudi Arabia,OCO
2,27.0,0.6153844575937287,34.0,0.68,2,94.087,Saudi Arabia,OCO
2,28.0,0.6410254766601341,35.0,0.7,2,94.061,Saudi Arabia,OCO
2,29.0,0.6666664957265395,36.0,0.72,2,93.799,Saudi Arabia,OCO
2,30.0,0.6923075147929448,37.0,0.74,2,93.81,Saudi Arabia,OCO
2,31.0,0.7179485338593502,38.0,0.76,2,93.845,Saudi Arabia,OCO
2,32.0,0.7435895529257556,39.0,0.78,2,94.047,Saudi Arabia,OCO
2,33.0,0.7692305719921609,40.0,0.8,2,93.716,Saudi Arabia,OCO
2,34.0,0.7948715910585663,41.0,0.82,2,93.711,Saudi Arabia,OCO
2,35.0,0.8205126101249717,42.0,0.84,2,93.633,Saudi Arabia,OCO
2,36.0,0.846153629191377,43.0,0.86,2,94.59,Saudi Arabia,OCO
2,37.0,0.8717946482577824,44.0,0.88,2,93.871,Saudi Arabia,OCO
2,38.0,0.8974356673241878,45.0,0.9,2,93.643,Saudi Arabia,OCO
2,39.0,0.9230766863905931,46.0,0.92,2,93.757,Saudi Arabia,OCO
2,40.0,0.9487177054569985,47.0,0.94,2,95.294,Saudi Arabia,OCO
2,41.0,0.9743587245234039,48.0,0.96,2,93.481,Saudi Arabia,OCO
2,42.0,0.9999997435898093,49.0,0.98,2,93.813,Saudi Arabia,OCO
0,2.0,0.0,2.0,0.04,1,97.415,Saudi Arabia,BEA
0,3.0,0.24999937500156252,3.0,0.06,1,95.515,Saudi Arabia,BEA
0,4.0,0.49999875000312505,4.0,0.08,1,95.645,Saudi Arabia,BEA
0,5.0,0.7499981250046875,5.0,0.1,1,95.593,Saudi Arabia,BEA
0,6.0,0.9999975000062501,6.0,0.12,1,96.122,Saudi Arabia,BEA
2,3.0,0.0,10.0,0.2,2,98.427,Saudi Arabia,BEA
2,4.0,0.02499999375000156,11.0,0.22,2,95.645,Saudi Arabia,BEA
2,5.0,0.04999998750000312,12.0,0.24,2,94.907,Saudi Arabia,BEA
2,6.0,0.07499998125000468,13.0,0.26,2,95.153,Saudi Arabia,BEA
2,7.0,0.09999997500000624,14.0,0.28,2,95.479,Saudi Arabia,BEA
2,8.0,0.12499996875000781,15.0,0.3,2,95.118,Saudi Arabia,BEA
2,9.0,0.14999996250000935,16.0,0.32,2,94.715,Saudi Arabia,BEA
2,10.0,0.1749999562500109,17.0,0.34,2,94.681,Saudi Arabia,BEA
2,11.0,0.19999995000001247,18.0,0.36,2,95.27,Saudi Arabia,BEA
2,12.0,0.22499994375001403,19.0,0.38,2,95.616,Saudi Arabia,BEA
2,13.0,0.24999993750001562,20.0,0.4,2,94.828,Saudi Arabia,BEA
2,14.0,0.27499993125001715,21.0,0.42,2,94.368,Saudi Arabia,BEA
2,15.0,0.2999999250000187,22.0,0.44,2,94.559,Saudi Arabia,BEA
2,16.0,0.32499991875002027,23.0,0.46,2,94.128,Saudi Arabia,BEA
2,17.0,0.3499999125000218,24.0,0.48,2,93.966,Saudi Arabia,BEA
2,18.0,0.3749999062500234,25.0,0.5,2,93.924,Saudi Arabia,BEA
2,19.0,0.39999990000002494,26.0,0.52,2,93.788,Saudi Arabia,BEA
2,20.0,0.4249998937500265,27.0,0.54,2,93.808,Saudi Arabia,BEA
2,21.0,0.44999988750002806,28.0,0.56,2,93.639,Saudi Arabia,BEA
2,22.0,0.4749998812500297,29.0,0.58,2,93.379,Saudi Arabia,BEA
2,23.0,0.49999987500003124,30.0,0.6,2,93.771,Saudi Arabia,BEA
2,24.0,0.5249998687500328,31.0,0.62,2,93.446,Saudi Arabia,BEA
2,25.0,0.5499998625000343,32.0,0.64,2,93.086,Saudi Arabia,BEA
2,26.0,0.5749998562500359,33.0,0.66,2,93.551,Saudi Arabia,BEA
2,27.0,0.5999998500000374,34.0,0.68,2,93.256,Saudi Arabia,BEA
2,28.0,0.624999843750039,35.0,0.7,2,93.266,Saudi Arabia,BEA
2,29.0,0.6499998375000405,36.0,0.72,2,93.053,Saudi Arabia,BEA
2,30.0,0.6749998312500421,37.0,0.74,2,93.052,Saudi Arabia,BEA
2,31.0,0.6999998250000437,38.0,0.76,2,92.708,Saudi Arabia,BEA
2,32.0,0.7249998187500453,39.0,0.78,2,92.756,Saudi Arabia,BEA
2,33.0,0.7499998125000468,40.0,0.8,2,92.607,Saudi Arabia,BEA
2,34.0,0.7749998062500484,41.0,0.82,2,92.691,Saudi Arabia,BEA
2,35.0,0.7999998000000499,42.0,0.84,2,92.656,Saudi Arabia,BEA
2,36.0,0.8249997937500515,43.0,0.86,2,92.672,Saudi Arabia,BEA
2,37.0,0.849999787500053,44.0,0.88,2,92.322,Saudi Arabia,BEA
2,38.0,0.8749997812500546,45.0,0.9,2,92.613,Saudi Arabia,BEA
2,39.0,0.8999997750000561,46.0,0.92,2,92.749,Saudi Arabia,BEA
2,40.0,0.9249997687500577,47.0,0.94,2,92.583,Saudi Arabia,BEA
2,41.0,0.9499997625000594,48.0,0.96,2,92.262,Saudi Arabia,BEA
2,42.0,0.9749997562500609,49.0,0.98,2,92.484,Saudi Arabia,BEA
2,43.0,0.9999997500000625,50.0,1.0,2,92.186,Saudi Arabia,BEA
1,2.0,0.0,2.0,0.04,1,95.246,Saudi Arabia,NOR
1,3.0,0.029411756055365862,3.0,0.06,1,95.079,Saudi Arabia,NOR
1,4.0,0.058823512110731724,4.0,0.08,1,94.897,Saudi Arabia,NOR
1,5.0,0.08823526816609759,5.0,0.1,1,94.902,Saudi Arabia,NOR
1,6.0,0.11764702422146345,6.0,0.12,1,95.014,Saudi Arabia,NOR
1,10.0,0.2352940484429269,10.0,0.2,1,94.352,Saudi Arabia,NOR
1,11.0,0.2647058044982928,11.0,0.22,1,93.674,Saudi Arabia,NOR
1,12.0,0.2941175605536586,12.0,0.24,1,93.877,Saudi Arabia,NOR
1,13.0,0.3235293166090245,13.0,0.26,1,95.131,Saudi Arabia,NOR
1,14.0,0.35294107266439034,14.0,0.28,1,93.971,Saudi Arabia,NOR
1,15.0,0.38235282871975623,15.0,0.3,1,93.944,Saudi Arabia,NOR
1,16.0,0.41176458477512207,16.0,0.32,1,93.858,Saudi Arabia,NOR
1,17.0,0.44117634083048796,17.0,0.34,1,94.497,Saudi Arabia,NOR
1,18.0,0.4705880968858538,18.0,0.36,1,95.607,Saudi Arabia,NOR
1,19.0,0.4999998529412197,19.0,0.38,1,94.194,Saudi Arabia,NOR
1,20.0,0.5294116089965856,20.0,0.4,1,94.003,Saudi Arabia,NOR
1,21.0,0.5588233650519514,21.0,0.42,1,93.941,Saudi Arabia,NOR
1,22.0,0.5882351211073172,22.0,0.44,1,93.698,Saudi Arabia,NOR
1,23.0,0.6176468771626832,23.0,0.46,1,93.824,Saudi Arabia,NOR
1,24.0,0.647058633218049,24.0,0.48,1,93.561,Saudi Arabia,NOR
1,25.0,0.6764703892734149,25.0,0.5,1,93.572,Saudi Arabia,NOR
1,26.0,0.7058821453287807,26.0,0.52,1,93.792,Saudi Arabia,NOR
1,27.0,0.7352939013841466,27.0,0.54,1,94.718,Saudi Arabia,NOR
1,28.0,0.7647056574395125,28.0,0.56,1,93.794,Saudi Arabia,NOR
1,29.0,0.7941174134948783,29.0,0.58,1,93.631,Saudi Arabia,NOR
1,30.0,0.8235291695502441,30.0,0.6,1,93.65,Saudi Arabia,NOR
1,31.0,0.8529409256056101,31.0,0.62,1,93.562,Saudi Arabia,NOR
1,32.0,0.8823526816609759,32.0,0.64,1,93.309,Saudi Arabia,NOR
1,33.0,0.9117644377163417,33.0,0.66,1,93.514,Saudi Arabia,NOR
1,34.0,0.9411761937717076,34.0,0.68,1,93.399,Saudi Arabia,NOR
1,35.0,0.9705879498270735,35.0,0.7,1,93.571,Saudi Arabia,NOR
1,36.0,0.9999997058824394,36.0,0.72,1,93.573,Saudi Arabia,NOR
0,8.0,0.0,39.0,0.78,2,92.106,Saudi Arabia,NOR
0,9.0,0.09090900826453795,40.0,0.8,2,91.944,Saudi Arabia,NOR
0,10.0,0.1818180165290759,41.0,0.82,2,92.095,Saudi Arabia,NOR
0,11.0,0.2727270247936138,42.0,0.84,2,92.202,Saudi Arabia,NOR
0,12.0,0.3636360330581518,43.0,0.86,2,92.399,Saudi Arabia,NOR
0,13.0,0.45454504132268975,44.0,0.88,2,92.151,Saudi Arabia,NOR
0,14.0,0.5454540495872277,45.0,0.9,2,92.205,Saudi Arabia,NOR
0,15.0,0.6363630578517656,46.0,0.92,2,92.502,Saudi Arabia,NOR
0,16.0,0.7272720661163036,47.0,0.94,2,92.153,Saudi Arabia,NOR
0,17.0,0.8181810743808415,48.0,0.96,2,92.369,Saudi Arabia,NOR
0,18.0,0.9090900826453795,49.0,0.98,2,92.388,Saudi Arabia,NOR
0,19.0,0.9999990909099173,50.0,1.0,2,92.841,Saudi Arabia,NOR
1,2.0,0.0,2.0,0.04,1,95.541,Saudi Arabia,HAM
1,3.0,0.030303021120296626,3.0,0.06,1,95.184,Saudi Arabia,HAM
1,4.0,0.06060604224059325,4.0,0.08,1,95.672,Saudi Arabia,HAM
1,5.0,0.09090906336088989,5.0,0.1,1,95.107,Saudi Arabia,HAM
1,6.0,0.1212120844811865,6.0,0.12,1,95.077,Saudi Arabia,HAM
1,10.0,0.242424168962373,10.0,0.2,1,95.257,Saudi Arabia,HAM
1,11.0,0.27272719008266966,11.0,0.22,1,94.334,Saudi Arabia,HAM
1,12.0,0.30303021120296625,12.0,0.24,1,94.018,Saudi Arabia,HAM
1,13.0,0.3333332323232629,13.0,0.26,1,95.312,Saudi Arabia,HAM
1,14.0,0.36363625344355954,14.0,0.28,1,94.341,Saudi Arabia,HAM
1,15.0,0.39393927456385613,15.0,0.3,1,95.355,Saudi Arabia,HAM
1,16.0,0.4242422956841528,16.0,0.32,1,94.435,Saudi Arabia,HAM
1,17.0,0.45454531680444943,17.0,0.34,1,94.811,Saudi Arabia,HAM
1,18.0,0.484848337924746,18.0,0.36,1,94.307,Saudi Arabia,HAM
1,19.0,0.5151513590450426,19.0,0.38,1,94.524,Saudi Arabia,HAM
1,20.0,0.5454543801653393,20.0,0.4,1,94.225,Saudi Arabia,HAM
1,21.0,0.5757574012856359,21.0,0.42,1,94.016,Saudi Arabia,HAM
1,22.0,0.6060604224059325,22.0,0.44,1,94.419,Saudi Arabia,HAM
1,23.0,0.6363634435262292,23.0,0.46,1,94.041,Saudi Arabia,HAM
1,24.0,0.6666664646465258,24.0,0.48,1,94.025,Saudi Arabia,HAM
1,25.0,0.6969694857668224,25.0,0.5,1,93.532,Saudi Arabia,HAM
1,26.0,0.7272725068871191,26.0,0.52,1,93.518,Saudi Arabia,HAM
1,27.0,0.7575755280074157,27.0,0.54,1,93.918,Saudi Arabia,HAM
1,28.0,0.7878785491277123,28.0,0.56,1,93.56,Saudi Arabia,HAM
1,29.0,0.818181570248009,29.0,0.58,1,93.567,Saudi Arabia,HAM
1,30.0,0.8484845913683056,30.0,0.6,1,93.354,Saudi Arabia,HAM
1,31.0,0.8787876124886022,31.0,0.62,1,93.384,Saudi Arabia,HAM
1,32.0,0.9090906336088989,32.0,0.64,1,93.406,Saudi Arabia,HAM
1,33.0,0.9393936547291954,33.0,0.66,1,93.36,Saudi Arabia,HAM
1,34.0,0.969696675849492,34.0,0.68,1,93.693,Saudi Arabia,HAM
1,35.0,0.9999996969697887,35.0,0.7,1,93.742,Saudi Arabia,HAM
0,5.0,0.0,38.0,0.76,2,91.746,Saudi Arabia,HAM
0,6.0,0.08333326388894677,39.0,0.78,2,92.315,Saudi Arabia,HAM
0,7.0,0.16666652777789354,40.0,0.8,2,92.37,Saudi Arabia,HAM
0,8.0,0.24999979166684028,41.0,0.82,2,92.201,Saudi Arabia,HAM
0,9.0,0.33333305555578707,42.0,0.84,2,92.027,Saudi Arabia,HAM
0,10.0,0.4166663194447338,43.0,0.86,2,92.041,Saudi Arabia,HAM
0,11.0,0.49999958333368055,44.0,0.88,2,92.232,Saudi Arabia,HAM
0,12.0,0.5833328472226273,45.0,0.9,2,91.943,Saudi Arabia,HAM
0,13.0,0.6666661111115741,46.0,0.92,2,93.036,Saudi Arabia,HAM
0,14.0,0.7499993750005208,47.0,0.94,2,92.106,Saudi Arabia,HAM
0,15.0,0.8333326388894676,48.0,0.96,2,92.381,Saudi Arabia,HAM
0,16.0,0.9166659027784144,49.0,0.98,2,92.615,Saudi Arabia,HAM
0,17.0,0.9999991666673611,50.0,1.0,2,93.314,Saudi Arabia,HAM
1,2.0,0.0,2.0,0.04,1,95.146,Saudi Arabia,RUS
1,3.0,0.24999937500156252,3.0,0.06,1,95.219,Saudi Arabia,RUS
1,4.0,0.49999875000312505,4.0,0.08,1,95.033,Saudi Arabia,RUS
1,5.0,0.7499981250046875,5.0,0.1,1,95.15,Saudi Arabia,RUS
1,6.0,0.9999975000062501,6.0,0.12,1,95.06,Saudi Arabia,RUS
2,3.0,0.0,10.0,0.2,2,97.943,Saudi Arabia,RUS
2,4.0,0.02499999375000156,11.0,0.22,2,95.048,Saudi Arabia,RUS
2,5.0,0.04999998750000312,12.0,0.24,2,94.488,Saudi Arabia,RUS
2,6.0,0.07499998125000468,13.0,0.26,2,95.082,Saudi Arabia,RUS
2,7.0,0.09999997500000624,14.0,0.28,2,94.379,Saudi Arabia,RUS
2,8.0,0.12499996875000781,15.0,0.3,2,94.803,Saudi Arabia,RUS
2,9.0,0.14999996250000935,16.0,0.32,2,94.638,Saudi Arabia,RUS
2,10.0,0.1749999562500109,17.0,0.34,2,94.907,Saudi Arabia,RUS
2,11.0,0.19999995000001247,18.0,0.36,2,94.559,Saudi Arabia,RUS
2,12.0,0.22499994375001403,19.0,0.38,2,94.395,Saudi Arabia,RUS
2,13.0,0.24999993750001562,20.0,0.4,2,94.457,Saudi Arabia,RUS
2,14.0,0.27499993125001715,21.0,0.42,2,94.144,Saudi Arabia,RUS
2,15.0,0.2999999250000187,22.0,0.44,2,94.264,Saudi Arabia,RUS
2,16.0,0.32499991875002027,23.0,0.46,2,94.099,Saudi Arabia,RUS
2,17.0,0.3499999125000218,24.0,0.48,2,94.256,Saudi Arabia,RUS
2,18.0,0.3749999062500234,25.0,0.5,2,94.077,Saudi Arabia,RUS
2,19.0,0.39999990000002494,26.0,0.52,2,93.737,Saudi Arabia,RUS
2,20.0,0.4249998937500265,27.0,0.54,2,93.571,Saudi Arabia,RUS
2,21.0,0.44999988750002806,28.0,0.56,2,93.775,Saudi Arabia,RUS
2,22.0,0.4749998812500297,29.0,0.58,2,93.643,Saudi Arabia,RUS
2,23.0,0.49999987500003124,30.0,0.6,2,93.631,Saudi Arabia,RUS
2,24.0,0.5249998687500328,31.0,0.62,2,93.565,Saudi Arabia,RUS
2,25.0,0.5499998625000343,32.0,0.64,2,93.39,Saudi Arabia,RUS
2,26.0,0.5749998562500359,33.0,0.66,2,93.32,Saudi Arabia,RUS
2,27.0,0.5999998500000374,34.0,0.68,2,93.309,Saudi Arabia,RUS
2,28.0,0.624999843750039,35.0,0.7,2,93.081,Saudi Arabia,RUS
2,29.0,0.6499998375000405,36.0,0.72,2,93.125,Saudi Arabia,RUS
2,30.0,0.6749998312500421,37.0,0.74,2,93.258,Saudi Arabia,RUS
2,31.0,0.6999998250000437,38.0,0.76,2,93.018,Saudi Arabia,RUS
2,32.0,0.7249998187500453,39.0,0.78,2,92.607,Saudi Arabia,RUS
2,33.0,0.7499998125000468,40.0,0.8,2,92.487,Saudi Arabia,RUS
2,34.0,0.7749998062500484,41.0,0.82,2,92.458,Saudi Arabia,RUS
2,35.0,0.7999998000000499,42.0,0.84,2,92.254,Saudi Arabia,RUS
2,36.0,0.8249997937500515,43.0,0.86,2,92.499,Saudi Arabia,RUS
2,37.0,0.849999787500053,44.0,0.88,2,92.571,Saudi Arabia,RUS
2,38.0,0.8749997812500546,45.0,0.9,2,92.573,Saudi Arabia,RUS
2,39.0,0.8999997750000561,46.0,0.92,2,92.64,Saudi Arabia,RUS
2,40.0,0.9249997687500577,47.0,0.94,2,92.494,Saudi Arabia,RUS
2,41.0,0.9499997625000594,48.0,0.96,2,92.88,Saudi Arabia,RUS
2,42.0,0.9749997562500609,49.0,0.98,2,92.68,Saudi Arabia,RUS
2,43.0,0.9999997500000625,50.0,1.0,2,95.145,Saudi Arabia,RUS
0,2.0,0.0,2.0,0.04,1,98.474,Saudi Arabia,BOT
0,3.0,0.24999937500156252,3.0,0.06,1,96.966,Saudi Arabia,BOT
0,4.0,0.49999875000312505,4.0,0.08,1,96.417,Saudi Arabia,BOT
0,5.0,0.7499981250046875,5.0,0.1,1,96.244,Saudi Arabia,BOT
0,6.0,0.9999975000062501,6.0,0.12,1,96.225,Saudi Arabia,BOT
2,3.0,0.0,10.0,0.2,2,100.082,Saudi Arabia,BOT
2,4.0,0.04166664930556279,11.0,0.22,2,96.456,Saudi Arabia,BOT
2,5.0,0.08333329861112558,12.0,0.24,2,95.827,Saudi Arabia,BOT
2,6.0,0.12499994791668836,13.0,0.26,2,95.447,Saudi Arabia,BOT
2,7.0,0.16666659722225116,14.0,0.28,2,95.424,Saudi Arabia,BOT
2,8.0,0.20833324652781396,15.0,0.3,2,95.721,Saudi Arabia,BOT
2,9.0,0.24999989583337673,16.0,0.32,2,96.825,Saudi Arabia,BOT
2,10.0,0.2916665451389395,17.0,0.34,2,97.238,Saudi Arabia,BOT
2,11.0,0.3333331944445023,18.0,0.36,2,96.058,Saudi Arabia,BOT
2,12.0,0.3749998437500651,19.0,0.38,2,95.828,Saudi Arabia,BOT
2,13.0,0.4166664930556279,20.0,0.4,2,96.253,Saudi Arabia,BOT
2,14.0,0.4583331423611907,21.0,0.42,2,96.801,Saudi Arabia,BOT
2,15.0,0.49999979166675346,22.0,0.44,2,96.425,Saudi Arabia,BOT
2,16.0,0.5416664409723163,23.0,0.46,2,96.251,Saudi Arabia,BOT
2,17.0,0.583333090277879,24.0,0.48,2,96.902,Saudi Arabia,BOT
2,18.0,0.6249997395834419,25.0,0.5,2,95.619,Saudi Arabia,BOT
2,19.0,0.6666663888890046,26.0,0.52,2,95.319,Saudi Arabia,BOT
2,20.0,0.7083330381945674,27.0,0.54,2,95.254,Saudi Arabia,BOT
2,21.0,0.7499996875001302,28.0,0.56,2,95.324,Saudi Arabia,BOT
2,22.0,0.791666336805693,29.0,0.58,2,94.857,Saudi Arabia,BOT
2,23.0,0.8333329861112558,30.0,0.6,2,95.313,Saudi Arabia,BOT
2,24.0,0.8749996354168186,31.0,0.62,2,95.415,Saudi Arabia,BOT
2,25.0,0.9166662847223814,32.0,0.64,2,95.173,Saudi Arabia,BOT
2,26.0,0.9583329340279442,33.0,0.66,2,95.792,Saudi Arabia,BOT
2,27.0,0.9999995833335069,34.0,0.68,2,95.721,Saudi Arabia,BOT
0,2.0,0.0,37.0,0.74,3,93.08,Saudi Arabia,BOT
0,3.0,0.08333326388894677,38.0,0.76,3,92.927,Saudi Arabia,BOT
0,4.0,0.16666652777789354,39.0,0.78,3,93.028,Saudi Arabia,BOT
0,5.0,0.24999979166684028,40.0,0.8,3,93.175,Saudi Arabia,BOT
0,6.0,0.33333305555578707,41.0,0.82,3,93.194,Saudi Arabia,BOT
0,7.0,0.4166663194447338,42.0,0.84,3,92.996,Saudi Arabia,BOT
0,8.0,0.49999958333368055,43.0,0.86,3,93.068,Saudi Arabia,BOT
0,9.0,0.5833328472226273,44.0,0.88,3,95.201,Saudi Arabia,BOT
0,10.0,0.6666661111115741,45.0,0.9,3,92.903,Saudi Arabia,BOT
0,11.0,0.7499993750005208,46.0,0.92,3,92.948,Saudi Arabia,BOT
0,12.0,0.8333326388894676,47.0,0.94,3,92.852,Saudi Arabia,BOT
0,13.0,0.9166659027784144,48.0,0.96,3,92.947,Saudi Arabia,BOT
0,14.0,0.9999991666673611,49.0,0.98,3,92.706,Saudi Arabia,BOT
1,2.0,0.0,2.0,0.04,1,95.082,Saudi Arabia,PIA
1,3.0,0.24999937500156252,3.0,0.06,1,94.379,Saudi Arabia,PIA
1,4.0,0.49999875000312505,4.0,0.08,1,94.589,Saudi Arabia,PIA
1,5.0,0.7499981250046875,5.0,0.1,1,94.557,Saudi Arabia,PIA
1,6.0,0.9999975000062501,6.0,0.12,1,94.409,Saudi Arabia,PIA
2,4.0,0.0,10.0,0.2,2,96.768,Saudi Arabia,PIA
2,5.0,0.02499999375000156,11.0,0.22,2,94.448,Saudi Arabia,PIA
2,6.0,0.04999998750000312,12.0,0.24,2,93.946,Saudi Arabia,PIA
2,7.0,0.07499998125000468,13.0,0.26,2,94.34,Saudi Arabia,PIA
2,8.0,0.09999997500000624,14.0,0.28,2,94.431,Saudi Arabia,PIA
2,9.0,0.12499996875000781,15.0,0.3,2,94.309,Saudi Arabia,PIA
2,10.0,0.14999996250000935,16.0,0.32,2,94.379,Saudi Arabia,PIA
2,11.0,0.1749999562500109,17.0,0.34,2,95.057,Saudi Arabia,PIA
2,12.0,0.19999995000001247,18.0,0.36,2,94.075,Saudi Arabia,PIA
2,13.0,0.22499994375001403,19.0,0.38,2,94.631,Saudi Arabia,PIA
2,14.0,0.24999993750001562,20.0,0.4,2,94.324,Saudi Arabia,PIA
2,15.0,0.27499993125001715,21.0,0.42,2,93.793,Saudi Arabia,PIA
2,16.0,0.2999999250000187,22.0,0.44,2,94.76,Saudi Arabia,PIA
2,17.0,0.32499991875002027,23.0,0.46,2,93.715,Saudi Arabia,PIA
2,18.0,0.3499999125000218,24.0,0.48,2,94.097,Saudi Arabia,PIA
2,19.0,0.3749999062500234,25.0,0.5,2,93.694,Saudi Arabia,PIA
2,20.0,0.39999990000002494,26.0,0.52,2,93.312,Saudi Arabia,PIA
2,21.0,0.4249998937500265,27.0,0.54,2,93.998,Saudi Arabia,PIA
2,22.0,0.44999988750002806,28.0,0.56,2,93.527,Saudi Arabia,PIA
2,23.0,0.4749998812500297,29.0,0.58,2,93.821,Saudi Arabia,PIA
2,24.0,0.49999987500003124,30.0,0.6,2,93.376,Saudi Arabia,PIA
2,25.0,0.5249998687500328,31.0,0.62,2,93.352,Saudi Arabia,PIA
2,26.0,0.5499998625000343,32.0,0.64,2,93.261,Saudi Arabia,PIA
2,27.0,0.5749998562500359,33.0,0.66,2,93.29,Saudi Arabia,PIA
2,28.0,0.5999998500000374,34.0,0.68,2,93.405,Saudi Arabia,PIA
2,29.0,0.624999843750039,35.0,0.7,2,94.118,Saudi Arabia,PIA
2,30.0,0.6499998375000405,36.0,0.72,2,93.029,Saudi Arabia,PIA
2,31.0,0.6749998312500421,37.0,0.74,2,92.934,Saudi Arabia,PIA
2,32.0,0.6999998250000437,38.0,0.76,2,93.087,Saudi Arabia,PIA
2,33.0,0.7249998187500453,39.0,0.78,2,92.675,Saudi Arabia,PIA
2,34.0,0.7499998125000468,40.0,0.8,2,92.603,Saudi Arabia,PIA
2,35.0,0.7749998062500484,41.0,0.82,2,92.545,Saudi Arabia,PIA
2,36.0,0.7999998000000499,42.0,0.84,2,92.453,Saudi Arabia,PIA
2,37.0,0.8249997937500515,43.0,0.86,2,92.521,Saudi Arabia,PIA
2,38.0,0.849999787500053,44.0,0.88,2,92.539,Saudi Arabia,PIA
2,39.0,0.8749997812500546,45.0,0.9,2,92.31,Saudi Arabia,PIA
2,40.0,0.8999997750000561,46.0,0.92,2,92.557,Saudi Arabia,PIA
2,41.0,0.9249997687500577,47.0,0.94,2,92.574,Saudi Arabia,PIA
2,42.0,0.9499997625000594,48.0,0.96,2,92.657,Saudi Arabia,PIA
2,43.0,0.9749997562500609,49.0,0.98,2,92.588,Saudi Arabia,PIA
2,44.0,0.9999997500000625,50.0,1.0,2,92.769,Saudi Arabia,PIA
1,2.0,0.0,2.0,0.03508771929824561,1,84.099,Australia,VER
1,3.0,0.9999900000999989,3.0,0.05263157894736842,1,83.115,Australia,VER
1,2.0,0.0,2.0,0.03508771929824561,1,84.649,Australia,GAS
1,3.0,0.0714285204081997,3.0,0.05263157894736842,1,83.851,Australia,GAS
1,4.0,0.1428570408163994,4.0,0.07017543859649122,1,83.7,Australia,GAS
1,5.0,0.21428556122459913,5.0,0.08771929824561403,1,84.526,Australia,GAS
1,6.0,0.2857140816327988,6.0,0.10526315789473684,1,83.912,Australia,GAS
1,7.0,0.35714260204099857,7.0,0.12280701754385964,1,83.445,Australia,GAS
1,8.0,0.42857112244919826,8.0,0.14035087719298245,1,83.879,Australia,GAS
1,9.0,0.49999964285739795,9.0,0.15789473684210525,1,83.829,Australia,GAS
1,10.0,0.5714281632655976,10.0,0.17543859649122806,1,83.856,Australia,GAS
1,11.0,0.6428566836737974,11.0,0.19298245614035087,1,85.397,Australia,GAS
1,12.0,0.7142852040819971,12.0,0.21052631578947367,1,84.625,Australia,GAS
1,13.0,0.7857137244901968,13.0,0.22807017543859648,1,84.049,Australia,GAS
1,14.0,0.8571422448983965,14.0,0.24561403508771928,1,84.104,Australia,GAS
1,15.0,0.9285707653065962,15.0,0.2631578947368421,1,84.1,Australia,GAS
1,16.0,0.9999992857147959,16.0,0.2807017543859649,1,85.367,Australia,GAS
2,2.0,0.0,19.0,0.3333333333333333,2,83.922,Australia,GAS
2,3.0,0.04761902494332146,20.0,0.3508771929824561,2,83.662,Australia,GAS
2,4.0,0.09523804988664292,21.0,0.3684210526315789,2,83.241,Australia,GAS
2,5.0,0.14285707482996438,22.0,0.38596491228070173,2,83.045,Australia,GAS
2,6.0,0.19047609977328583,23.0,0.40350877192982454,2,82.929,Australia,GAS
2,7.0,0.2380951247166073,24.0,0.42105263157894735,2,83.001,Australia,GAS
2,8.0,0.28571414965992875,25.0,0.43859649122807015,2,82.933,Australia,GAS
2,9.0,0.3333331746032502,26.0,0.45614035087719296,2,83.015,Australia,GAS
2,10.0,0.38095219954657167,27.0,0.47368421052631576,2,82.904,Australia,GAS
2,11.0,0.4285712244898931,28.0,0.49122807017543857,2,82.674,Australia,GAS
2,12.0,0.4761902494332146,29.0,0.5087719298245614,2,82.708,Australia,GAS
2,13.0,0.523809274376536,30.0,0.5263157894736842,2,82.99,Australia,GAS
2,14.0,0.5714282993198575,31.0,0.543859649122807,2,82.727,Australia,GAS
2,15.0,0.619047324263179,32.0,0.5614035087719298,2,83.245,Australia,GAS
2,16.0,0.6666663492065004,33.0,0.5789473684210527,2,83.215,Australia,GAS
2,17.0,0.7142853741498219,34.0,0.5964912280701754,2,83.036,Australia,GAS
2,18.0,0.7619043990931433,35.0,0.6140350877192983,2,83.225,Australia,GAS
2,19.0,0.8095234240364647,36.0,0.631578947368421,2,82.84,Australia,GAS
2,20.0,0.8571424489797862,37.0,0.6491228070175439,2,83.326,Australia,GAS
2,21.0,0.9047614739231077,38.0,0.6666666666666666,2,85.109,Australia,GAS
2,22.0,0.9523804988664292,39.0,0.6842105263157895,2,83.016,Australia,GAS
2,23.0,0.9999995238097505,40.0,0.7017543859649122,2,85.02,Australia,GAS
2,2.0,0.0,43.0,0.7543859649122807,3,84.419,Australia,GAS
2,3.0,0.08333326388894677,44.0,0.7719298245614035,3,81.447,Australia,GAS
2,4.0,0.16666652777789354,45.0,0.7894736842105263,3,82.079,Australia,GAS
2,5.0,0.24999979166684028,46.0,0.8070175438596491,3,81.22,Australia,GAS
2,6.0,0.33333305555578707,47.0,0.8245614035087719,3,81.275,Australia,GAS
2,7.0,0.4166663194447338,48.0,0.8421052631578947,3,81.211,Australia,GAS
2,8.0,0.49999958333368055,49.0,0.8596491228070176,3,81.34,Australia,GAS
2,9.0,0.5833328472226273,50.0,0.8771929824561403,3,81.222,Australia,GAS
2,10.0,0.6666661111115741,51.0,0.8947368421052632,3,81.09,Australia,GAS
2,11.0,0.7499993750005208,52.0,0.9122807017543859,3,81.161,Australia,GAS
2,12.0,0.8333326388894676,53.0,0.9298245614035088,3,81.324,Australia,GAS
2,13.0,0.9166659027784144,54.0,0.9473684210526315,3,83.034,Australia,GAS
2,14.0,0.9999991666673611,55.0,0.9649122807017544,3,81.427,Australia,GAS
1,2.0,0.0,2.0,0.03508771929824561,1,83.381,Australia,PER
1,3.0,0.09090900826453795,3.0,0.05263157894736842,1,83.165,Australia,PER
1,4.0,0.1818180165290759,4.0,0.07017543859649122,1,83.398,Australia,PER
1,5.0,0.2727270247936138,5.0,0.08771929824561403,1,83.364,Australia,PER
1,6.0,0.3636360330581518,6.0,0.10526315789473684,1,83.024,Australia,PER
1,7.0,0.45454504132268975,7.0,0.12280701754385964,1,82.804,Australia,PER
1,8.0,0.5454540495872277,8.0,0.14035087719298245,1,83.048,Australia,PER
1,9.0,0.6363630578517656,9.0,0.15789473684210525,1,82.97,Australia,PER
1,10.0,0.7272720661163036,10.0,0.17543859649122806,1,82.68,Australia,PER
1,11.0,0.8181810743808415,11.0,0.19298245614035087,1,82.921,Australia,PER
1,12.0,0.9090900826453795,12.0,0.21052631578947367,1,83.704,Australia,PER
1,13.0,0.9999990909099173,13.0,0.22807017543859648,1,83.664,Australia,PER
2,2.0,0.0,16.0,0.2807017543859649,2,84.122,Australia,PER
2,5.0,0.16666657407412552,19.0,0.3333333333333333,2,81.84,Australia,PER
2,6.0,0.2222220987655007,20.0,0.3508771929824561,2,81.711,Australia,PER
2,7.0,0.27777762345687584,21.0,0.3684210526315789,2,82.051,Australia,PER
2,8.0,0.33333314814825105,22.0,0.38596491228070173,2,81.869,Australia,PER
2,9.0,0.3888886728396262,23.0,0.40350877192982454,2,81.849,Australia,PER
2,10.0,0.4444441975310014,24.0,0.42105263157894735,2,81.527,Australia,PER
2,11.0,0.49999972222237654,25.0,0.43859649122807015,2,81.495,Australia,PER
2,12.0,0.5555552469137517,26.0,0.45614035087719296,2,82.246,Australia,PER
2,13.0,0.611110771605127,27.0,0.47368421052631576,2,81.557,Australia,PER
2,14.0,0.6666662962965021,28.0,0.49122807017543857,2,82.152,Australia,PER
2,15.0,0.7222218209878772,29.0,0.5087719298245614,2,82.126,Australia,PER
2,16.0,0.7777773456792524,30.0,0.5263157894736842,2,82.18,Australia,PER
2,17.0,0.8333328703706276,31.0,0.543859649122807,2,82.359,Australia,PER
2,18.0,0.8888883950620028,32.0,0.5614035087719298,2,82.441,Australia,PER
2,19.0,0.9444439197533779,33.0,0.5789473684210527,2,82.566,Australia,PER
2,20.0,0.9999994444447531,34.0,0.5964912280701754,2,82.962,Australia,PER
2,2.0,0.0,37.0,0.6491228070175439,3,81.218,Australia,PER
2,3.0,0.05263155124655198,38.0,0.6666666666666666,3,81.245,Australia,PER
2,4.0,0.10526310249310396,39.0,0.6842105263157895,3,81.448,Australia,PER
2,5.0,0.15789465373965592,40.0,0.7017543859649122,3,81.045,Australia,PER
2,6.0,0.21052620498620792,41.0,0.7192982456140351,3,80.998,Australia,PER
2,7.0,0.2631577562327599,42.0,0.7368421052631579,3,81.35,Australia,PER
2,8.0,0.31578930747931183,43.0,0.7543859649122807,3,80.798,Australia,PER
2,9.0,0.36842085872586383,44.0,0.7719298245614035,3,80.706,Australia,PER
2,10.0,0.42105240997241583,45.0,0.7894736842105263,3,80.769,Australia,PER
2,11.0,0.4736839612189678,46.0,0.8070175438596491,3,80.428,Australia,PER
2,12.0,0.5263155124655198,47.0,0.8245614035087719,3,80.388,Australia,PER
2,13.0,0.5789470637120717,48.0,0.8421052631578947,3,80.836,Australia,PER
2,14.0,0.6315786149586237,49.0,0.8596491228070176,3,80.76,Australia,PER
2,15.0,0.6842101662051757,50.0,0.8771929824561403,3,80.871,Australia,PER
2,16.0,0.7368417174517277,51.0,0.8947368421052632,3,81.038,Australia,PER
2,17.0,0.7894732686982796,52.0,0.9122807017543859,3,81.15,Australia,PER
2,18.0,0.8421048199448317,53.0,0.9298245614035088,3,81.544,Australia,PER
2,19.0,0.8947363711913836,54.0,0.9473684210526315,3,81.63,Australia,PER
2,20.0,0.9473679224379356,55.0,0.9649122807017544,3,81.616,Australia,PER
2,21.0,0.9999994736844876,56.0,0.9824561403508771,3,81.849,Australia,PER
2,3.0,0.0,2.0,0.03508771929824561,1,84.284,Australia,ALO
2,4.0,0.0714285204081997,3.0,0.05263157894736842,1,82.978,Australia,ALO
2,5.0,0.1428570408163994,4.0,0.07017543859649122,1,83.742,Australia,ALO
2,6.0,0.21428556122459913,5.0,0.08771929824561403,1,83.294,Australia,ALO
2,7.0,0.2857140816327988,6.0,0.10526315789473684,1,83.196,Australia,ALO
2,8.0,0.35714260204099857,7.0,0.12280701754385964,1,82.795,Australia,ALO
2,9.0,0.42857112244919826,8.0,0.14035087719298245,1,82.769,Australia,ALO
2,10.0,0.49999964285739795,9.0,0.15789473684210525,1,83.345,Australia,ALO
2,11.0,0.5714281632655976,10.0,0.17543859649122806,1,82.608,Australia,ALO
2,12.0,0.6428566836737974,11.0,0.19298245614035087,1,82.939,Australia,ALO
2,13.0,0.7142852040819971,12.0,0.21052631578947367,1,82.904,Australia,ALO
2,14.0,0.7857137244901968,13.0,0.22807017543859648,1,83.187,Australia,ALO
2,15.0,0.8571422448983965,14.0,0.24561403508771928,1,83.455,Australia,ALO
2,16.0,0.9285707653065962,15.0,0.2631578947368421,1,83.138,Australia,ALO
2,17.0,0.9999992857147959,16.0,0.2807017543859649,1,83.239,Australia,ALO
1,3.0,0.0,19.0,0.3333333333333333,2,82.928,Australia,ALO
1,4.0,0.04761902494332146,20.0,0.3508771929824561,2,82.831,Australia,ALO
1,5.0,0.09523804988664292,21.0,0.3684210526315789,2,82.704,Australia,ALO
1,6.0,0.14285707482996438,22.0,0.38596491228070173,2,82.478,Australia,ALO
1,7.0,0.19047609977328583,23.0,0.40350877192982454,2,82.441,Australia,ALO
1,8.0,0.2380951247166073,24.0,0.42105263157894735,2,82.287,Australia,ALO
1,9.0,0.28571414965992875,25.0,0.43859649122807015,2,82.708,Australia,ALO
1,10.0,0.3333331746032502,26.0,0.45614035087719296,2,82.988,Australia,ALO
1,11.0,0.38095219954657167,27.0,0.47368421052631576,2,83.257,Australia,ALO
1,12.0,0.4285712244898931,28.0,0.49122807017543857,2,82.259,Australia,ALO
1,13.0,0.4761902494332146,29.0,0.5087719298245614,2,81.98,Australia,ALO
1,14.0,0.523809274376536,30.0,0.5263157894736842,2,82.175,Australia,ALO
1,15.0,0.5714282993198575,31.0,0.543859649122807,2,82.355,Australia,ALO
1,16.0,0.619047324263179,32.0,0.5614035087719298,2,82.491,Australia,ALO
1,17.0,0.6666663492065004,33.0,0.5789473684210527,2,82.649,Australia,ALO
1,18.0,0.7142853741498219,34.0,0.5964912280701754,2,82.918,Australia,ALO
1,19.0,0.7619043990931433,35.0,0.6140350877192983,2,85.73,Australia,ALO
1,20.0,0.8095234240364647,36.0,0.631578947368421,2,82.714,Australia,ALO
1,21.0,0.8571424489797862,37.0,0.6491228070175439,2,82.862,Australia,ALO
1,22.0,0.9047614739231077,38.0,0.6666666666666666,2,82.566,Australia,ALO
1,23.0,0.9523804988664292,39.0,0.6842105263157895,2,82.772,Australia,ALO
1,24.0,0.9999995238097505,40.0,0.7017543859649122,2,82.714,Australia,ALO
2,3.0,0.0,43.0,0.7543859649122807,3,81.724,Australia,ALO
2,4.0,0.07692301775152481,44.0,0.7719298245614035,3,81.394,Australia,ALO
2,5.0,0.15384603550304962,45.0,0.7894736842105263,3,81.454,Australia,ALO
2,6.0,0.23076905325457442,46.0,0.8070175438596491,3,81.344,Australia,ALO
2,7.0,0.30769207100609924,47.0,0.8245614035087719,3,81.183,Australia,ALO
2,8.0,0.38461508875762407,48.0,0.8421052631578947,3,81.347,Australia,ALO
2,9.0,0.46153810650914884,49.0,0.8596491228070176,3,81.122,Australia,ALO
2,10.0,0.5384611242606736,50.0,0.8771929824561403,3,80.736,Australia,ALO
2,11.0,0.6153841420121985,51.0,0.8947368421052632,3,80.938,Australia,ALO
2,12.0,0.6923071597637233,52.0,0.9122807017543859,3,80.493,Australia,ALO
2,13.0,0.7692301775152481,53.0,0.9298245614035088,3,80.867,Australia,ALO
2,14.0,0.8461531952667729,54.0,0.9473684210526315,3,81.035,Australia,ALO
2,15.0,0.9230762130182977,55.0,0.9649122807017544,3,80.952,Australia,ALO
2,16.0,0.9999992307698226,56.0,0.9824561403508771,3,80.752,Australia,ALO
1,2.0,0.0,2.0,0.03508771929824561,1,83.014,Australia,LEC
1,3.0,0.16666638888935187,3.0,0.05263157894736842,1,82.776,Australia,LEC
1,4.0,0.33333277777870374,4.0,0.07017543859649122,1,82.519,Australia,LEC
1,5.0,0.4999991666680556,5.0,0.08771929824561403,1,82.632,Australia,LEC
1,6.0,0.6666655555574075,6.0,0.10526315789473684,1,82.673,Australia,LEC
1,7.0,0.8333319444467593,7.0,0.12280701754385964,1,82.684,Australia,LEC
1,8.0,0.9999983333361112,8.0,0.14035087719298245,1,82.983,Australia,LEC
2,2.0,0.0,11.0,0.19298245614035087,2,82.647,Australia,LEC
2,3.0,0.04545452479339782,12.0,0.21052631578947367,2,81.841,Australia,LEC
2,4.0,0.09090904958679565,13.0,0.22807017543859648,2,82.222,Australia,LEC
2,5.0,0.13636357438019348,14.0,0.24561403508771928,2,81.952,Australia,LEC
2,6.0,0.1818180991735913,15.0,0.2631578947368421,2,81.735,Australia,LEC
2,7.0,0.2272726239669891,16.0,0.2807017543859649,2,82.247,Australia,LEC
2,10.0,0.3636361983471826,19.0,0.3333333333333333,2,81.881,Australia,LEC
2,11.0,0.40909072314058037,20.0,0.3508771929824561,2,81.885,Australia,LEC
2,12.0,0.4545452479339782,21.0,0.3684210526315789,2,82.058,Australia,LEC
2,13.0,0.49999977272737606,22.0,0.38596491228070173,2,81.722,Australia,LEC
2,14.0,0.5454542975207739,23.0,0.40350877192982454,2,81.932,Australia,LEC
2,15.0,0.5909088223141716,24.0,0.42105263157894735,2,81.852,Australia,LEC
2,16.0,0.6363633471075695,25.0,0.43859649122807015,2,81.951,Australia,LEC
2,17.0,0.6818178719009673,26.0,0.45614035087719296,2,82.042,Australia,LEC
2,18.0,0.7272723966943652,27.0,0.47368421052631576,2,81.822,Australia,LEC
2,19.0,0.772726921487763,28.0,0.49122807017543857,2,81.969,Australia,LEC
2,20.0,0.8181814462811607,29.0,0.5087719298245614,2,82.433,Australia,LEC
2,21.0,0.8636359710745586,30.0,0.5263157894736842,2,82.284,Australia,LEC
2,22.0,0.9090904958679564,31.0,0.543859649122807,2,81.996,Australia,LEC
2,23.0,0.9545450206613543,32.0,0.5614035087719298,2,81.841,Australia,LEC
2,24.0,0.9999995454547521,33.0,0.5789473684210527,2,82.022,Australia,LEC
2,2.0,0.0,36.0,0.631578947368421,3,81.942,Australia,LEC
2,3.0,0.04761902494332146,37.0,0.6491228070175439,3,80.688,Australia,LEC
2,4.0,0.09523804988664292,38.0,0.6666666666666666,3,80.949,Australia,LEC
2,5.0,0.14285707482996438,39.0,0.6842105263157895,3,80.909,Australia,LEC
2,6.0,0.19047609977328583,40.0,0.7017543859649122,3,80.953,Australia,LEC
2,7.0,0.2380951247166073,41.0,0.7192982456140351,3,80.675,Australia,LEC
2,8.0,0.28571414965992875,42.0,0.7368421052631579,3,80.849,Australia,LEC
2,9.0,0.3333331746032502,43.0,0.7543859649122807,3,80.853,Australia,LEC
2,10.0,0.38095219954657167,44.0,0.7719298245614035,3,80.56,Australia,LEC
2,11.0,0.4285712244898931,45.0,0.7894736842105263,3,80.408,Australia,LEC
2,12.0,0.4761902494332146,46.0,0.8070175438596491,3,80.76,Australia,LEC
2,13.0,0.523809274376536,47.0,0.8245614035087719,3,79.999,Australia,LEC
2,14.0,0.5714282993198575,48.0,0.8421052631578947,3,80.349,Australia,LEC
2,15.0,0.619047324263179,49.0,0.8596491228070176,3,80.144,Australia,LEC
2,16.0,0.6666663492065004,50.0,0.8771929824561403,3,79.925,Australia,LEC
2,17.0,0.7142853741498219,51.0,0.8947368421052632,3,80.215,Australia,LEC
2,18.0,0.7619043990931433,52.0,0.9122807017543859,3,80.331,Australia,LEC
2,19.0,0.8095234240364647,53.0,0.9298245614035088,3,80.463,Australia,LEC
2,20.0,0.8571424489797862,54.0,0.9473684210526315,3,80.32,Australia,LEC
2,21.0,0.9047614739231077,55.0,0.9649122807017544,3,80.962,Australia,LEC
2,22.0,0.9523804988664292,56.0,0.9824561403508771,3,79.813,Australia,LEC
2,23.0,0.9999995238097505,57.0,1.0,3,80.871,Australia,LEC
1,3.0,0.0,2.0,0.03508771929824561,1,83.551,Australia,STR
1,4.0,0.19999960000080003,3.0,0.05263157894736842,1,83.196,Australia,STR
1,5.0,0.39999920000160005,4.0,0.07017543859649122,1,83.454,Australia,STR
1,6.0,0.5999988000024,5.0,0.08771929824561403,1,83.337,Australia,STR
1,7.0,0.7999984000032001,6.0,0.10526315789473684,1,83.027,Australia,STR
1,8.0,0.9999980000040001,7.0,0.12280701754385964,1,83.019,Australia,STR
2,3.0,0.0,10.0,0.17543859649122806,2,82.883,Australia,STR
2,4.0,0.03846152366864474,11.0,0.19298245614035087,2,82.718,Australia,STR
2,5.0,0.07692304733728948,12.0,0.21052631578947367,2,83.063,Australia,STR
2,6.0,0.11538457100593423,13.0,0.22807017543859648,2,83.322,Australia,STR
2,7.0,0.15384609467457896,14.0,0.24561403508771928,2,83.106,Australia,STR
2,8.0,0.1923076183432237,15.0,0.2631578947368421,2,83.45,Australia,STR
2,9.0,0.23076914201186846,16.0,0.2807017543859649,2,84.65,Australia,STR
2,12.0,0.3461537130178027,19.0,0.3333333333333333,2,83.105,Australia,STR
2,13.0,0.3846152366864474,20.0,0.3508771929824561,2,82.922,Australia,STR
2,14.0,0.4230767603550922,21.0,0.3684210526315789,2,82.628,Australia,STR
2,15.0,0.4615382840237369,22.0,0.38596491228070173,2,82.905,Australia,STR
2,16.0,0.49999980769238167,23.0,0.40350877192982454,2,82.861,Australia,STR
2,17.0,0.5384613313610264,24.0,0.42105263157894735,2,82.852,Australia,STR
2,18.0,0.5769228550296711,25.0,0.43859649122807015,2,82.941,Australia,STR
2,19.0,0.6153843786983159,26.0,0.45614035087719296,2,83.294,Australia,STR
2,20.0,0.6538459023669606,27.0,0.47368421052631576,2,83.192,Australia,STR
2,21.0,0.6923074260356054,28.0,0.49122807017543857,2,83.059,Australia,STR
2,22.0,0.7307689497042501,29.0,0.5087719298245614,2,83.135,Australia,STR
2,23.0,0.7692304733728949,30.0,0.5263157894736842,2,83.124,Australia,STR
2,24.0,0.8076919970415396,31.0,0.543859649122807,2,83.521,Australia,STR
2,25.0,0.8461535207101843,32.0,0.5614035087719298,2,83.157,Australia,STR
2,26.0,0.8846150443788291,33.0,0.5789473684210527,2,83.266,Australia,STR
2,27.0,0.9230765680474738,34.0,0.5964912280701754,2,83.114,Australia,STR
2,28.0,0.9615380917161186,35.0,0.6140350877192983,2,83.398,Australia,STR
2,29.0,0.9999996153847633,36.0,0.631578947368421,2,83.207,Australia,STR
2,3.0,0.0,39.0,0.6842105263157895,3,82.042,Australia,STR
2,4.0,0.058823494809708936,40.0,0.7017543859649122,3,82.1,Australia,STR
2,5.0,0.11764698961941787,41.0,0.7192982456140351,3,82.244,Australia,STR
2,6.0,0.1764704844291268,42.0,0.7368421052631579,3,81.829,Australia,STR
2,7.0,0.23529397923883574,43.0,0.7543859649122807,3,81.722,Australia,STR
2,8.0,0.29411747404854466,44.0,0.7719298245614035,3,81.992,Australia,STR
2,9.0,0.3529409688582536,45.0,0.7894736842105263,3,81.603,Australia,STR
2,10.0,0.41176446366796254,46.0,0.8070175438596491,3,81.431,Australia,STR
2,11.0,0.4705879584776715,47.0,0.8245614035087719,3,81.014,Australia,STR
2,12.0,0.5294114532873805,48.0,0.8421052631578947,3,81.109,Australia,STR
2,13.0,0.5882349480970893,49.0,0.8596491228070176,3,80.93,Australia,STR
2,14.0,0.6470584429067983,50.0,0.8771929824561403,3,80.991,Australia,STR
2,15.0,0.7058819377165072,51.0,0.8947368421052632,3,81.121,Australia,STR
2,16.0,0.7647054325262161,52.0,0.9122807017543859,3,81.213,Australia,STR
2,17.0,0.8235289273359251,53.0,0.9298245614035088,3,81.063,Australia,STR
2,18.0,0.882352422145634,54.0,0.9473684210526315,3,81.13,Australia,STR
2,19.0,0.941175916955343,55.0,0.9649122807017544,3,81.272,Australia,STR
2,20.0,0.9999994117650519,56.0,0.9824561403508771,3,81.233,Australia,STR
1,2.0,0.0,2.0,0.03508771929824561,1,84.248,Australia,MAG
1,3.0,0.24999937500156252,3.0,0.05263157894736842,1,83.565,Australia,MAG
1,4.0,0.49999875000312505,4.0,0.07017543859649122,1,83.529,Australia,MAG
1,5.0,0.7499981250046875,5.0,0.08771929824561403,1,83.961,Australia,MAG
1,6.0,0.9999975000062501,6.0,0.10526315789473684,1,83.954,Australia,MAG
2,2.0,0.0,9.0,0.15789473684210525,2,83.662,Australia,MAG
2,3.0,0.043478241965981754,10.0,0.17543859649122806,2,83.671,Australia,MAG
2,4.0,0.08695648393196351,11.0,0.19298245614035087,2,83.322,Australia,MAG
2,5.0,0.13043472589794528,12.0,0.21052631578947367,2,83.11,Australia,MAG
2,6.0,0.17391296786392701,13.0,0.22807017543859648,2,83.063,Australia,MAG
2,7.0,0.21739120982990878,14.0,0.24561403508771928,2,82.905,Australia,MAG
2,8.0,0.26086945179589055,15.0,0.2631578947368421,2,83.668,Australia,MAG
2,9.0,0.30434769376187226,16.0,0.2807017543859649,2,83.561,Australia,MAG
2,11.0,0.3913041776938358,18.0,0.3157894736842105,2,83.125,Australia,MAG
2,12.0,0.43478241965981757,19.0,0.3333333333333333,2,82.848,Australia,MAG
2,13.0,0.4782606616257993,20.0,0.3508771929824561,2,82.809,Australia,MAG
2,14.0,0.5217389035917811,21.0,0.3684210526315789,2,82.86,Australia,MAG
2,15.0,0.5652171455577628,22.0,0.38596491228070173,2,83.315,Australia,MAG
2,16.0,0.6086953875237445,23.0,0.40350877192982454,2,84.285,Australia,MAG
2,17.0,0.6521736294897263,24.0,0.42105263157894735,2,83.33,Australia,MAG
2,18.0,0.6956518714557081,25.0,0.43859649122807015,2,83.502,Australia,MAG
2,19.0,0.7391301134216899,26.0,0.45614035087719296,2,83.485,Australia,MAG
2,20.0,0.7826083553876716,27.0,0.47368421052631576,2,83.525,Australia,MAG
2,21.0,0.8260865973536533,28.0,0.49122807017543857,2,83.467,Australia,MAG
2,22.0,0.8695648393196351,29.0,0.5087719298245614,2,83.456,Australia,MAG
2,23.0,0.9130430812856168,30.0,0.5263157894736842,2,83.407,Australia,MAG
2,24.0,0.9565213232515986,31.0,0.543859649122807,2,83.216,Australia,MAG
2,25.0,0.9999995652175804,32.0,0.5614035087719298,2,83.396,Australia,MAG
2,2.0,0.0,35.0,0.6140350877192983,3,82.34,Australia,MAG
2,3.0,0.04761902494332146,36.0,0.631578947368421,3,82.109,Australia,MAG
2,4.0,0.09523804988664292,37.0,0.6491228070175439,3,82.261,Australia,MAG
2,5.0,0.14285707482996438,38.0,0.6666666666666666,3,82.085,Australia,MAG
2,6.0,0.19047609977328583,39.0,0.6842105263157895,3,81.845,Australia,MAG
2,7.0,0.2380951247166073,40.0,0.7017543859649122,3,81.771,Australia,MAG
2,8.0,0.28571414965992875,41.0,0.7192982456140351,3,83.189,Australia,MAG
2,9.0,0.3333331746032502,42.0,0.7368421052631579,3,81.914,Australia,MAG
2,10.0,0.38095219954657167,43.0,0.7543859649122807,3,82.053,Australia,MAG
2,11.0,0.4285712244898931,44.0,0.7719298245614035,3,81.082,Australia,MAG
2,12.0,0.4761902494332146,45.0,0.7894736842105263,3,81.637,Australia,MAG
2,13.0,0.523809274376536,46.0,0.8070175438596491,3,81.463,Australia,MAG
2,14.0,0.5714282993198575,47.0,0.8245614035087719,3,81.538,Australia,MAG
2,15.0,0.619047324263179,48.0,0.8421052631578947,3,81.67,Australia,MAG
2,16.0,0.6666663492065004,49.0,0.8596491228070176,3,81.386,Australia,MAG
2,17.0,0.7142853741498219,50.0,0.8771929824561403,3,81.666,Australia,MAG
2,18.0,0.7619043990931433,51.0,0.8947368421052632,3,81.42,Australia,MAG
2,19.0,0.8095234240364647,52.0,0.9122807017543859,3,81.631,Australia,MAG
2,20.0,0.8571424489797862,53.0,0.9298245614035088,3,81.663,Australia,MAG
2,21.0,0.9047614739231077,54.0,0.9473684210526315,3,85.255,Australia,MAG
2,22.0,0.9523804988664292,55.0,0.9649122807017544,3,84.951,Australia,MAG
2,23.0,0.9999995238097505,56.0,0.9824561403508771,3,83.198,Australia,MAG
1,2.0,0.0,2.0,0.03508771929824561,1,83.807,Australia,TSU
1,3.0,0.16666638888935187,3.0,0.05263157894736842,1,83.203,Australia,TSU
1,4.0,0.33333277777870374,4.0,0.07017543859649122,1,83.434,Australia,TSU
1,5.0,0.4999991666680556,5.0,0.08771929824561403,1,83.31,Australia,TSU
1,6.0,0.6666655555574075,6.0,0.10526315789473684,1,83.445,Australia,TSU
1,7.0,0.8333319444467593,7.0,0.12280701754385964,1,82.864,Australia,TSU
1,8.0,0.9999983333361112,8.0,0.14035087719298245,1,83.381,Australia,TSU
2,2.0,0.0,11.0,0.19298245614035087,2,82.898,Australia,TSU
2,3.0,0.04166664930556279,12.0,0.21052631578947367,2,82.799,Australia,TSU
2,4.0,0.08333329861112558,13.0,0.22807017543859648,2,83.032,Australia,TSU
2,5.0,0.12499994791668836,14.0,0.24561403508771928,2,82.823,Australia,TSU
2,6.0,0.16666659722225116,15.0,0.2631578947368421,2,83.336,Australia,TSU
2,7.0,0.20833324652781396,16.0,0.2807017543859649,2,83.252,Australia,TSU
2,10.0,0.3333331944445023,19.0,0.3333333333333333,2,82.994,Australia,TSU
2,11.0,0.3749998437500651,20.0,0.3508771929824561,2,83.048,Australia,TSU
2,12.0,0.4166664930556279,21.0,0.3684210526315789,2,82.968,Australia,TSU
2,13.0,0.4583331423611907,22.0,0.38596491228070173,2,82.673,Australia,TSU
2,14.0,0.49999979166675346,23.0,0.40350877192982454,2,82.953,Australia,TSU
2,15.0,0.5416664409723163,24.0,0.42105263157894735,2,83.026,Australia,TSU
2,16.0,0.583333090277879,25.0,0.43859649122807015,2,83.001,Australia,TSU
2,17.0,0.6249997395834419,26.0,0.45614035087719296,2,83.302,Australia,TSU
2,18.0,0.6666663888890046,27.0,0.47368421052631576,2,83.248,Australia,TSU
2,19.0,0.7083330381945674,28.0,0.49122807017543857,2,83.075,Australia,TSU
2,20.0,0.7499996875001302,29.0,0.5087719298245614,2,83.498,Australia,TSU
2,21.0,0.791666336805693,30.0,0.5263157894736842,2,83.382,Australia,TSU
2,22.0,0.8333329861112558,31.0,0.543859649122807,2,83.367,Australia,TSU
2,23.0,0.8749996354168186,32.0,0.5614035087719298,2,83.39,Australia,TSU
2,24.0,0.9166662847223814,33.0,0.5789473684210527,2,83.226,Australia,TSU
2,25.0,0.9583329340279442,34.0,0.5964912280701754,2,83.323,Australia,TSU
2,26.0,0.9999995833335069,35.0,0.6140350877192983,2,83.289,Australia,TSU
2,2.0,0.0,38.0,0.6666666666666666,3,81.924,Australia,TSU
2,3.0,0.055555524691375174,39.0,0.6842105263157895,3,82.247,Australia,TSU
2,4.0,0.11111104938275035,40.0,0.7017543859649122,3,83.218,Australia,TSU
2,5.0,0.16666657407412552,41.0,0.7192982456140351,3,81.764,Australia,TSU
2,6.0,0.2222220987655007,42.0,0.7368421052631579,3,81.784,Australia,TSU
2,7.0,0.27777762345687584,43.0,0.7543859649122807,3,81.928,Australia,TSU
2,8.0,0.33333314814825105,44.0,0.7719298245614035,3,81.824,Australia,TSU
2,9.0,0.3888886728396262,45.0,0.7894736842105263,3,81.696,Australia,TSU
2,10.0,0.4444441975310014,46.0,0.8070175438596491,3,81.134,Australia,TSU
2,11.0,0.49999972222237654,47.0,0.8245614035087719,3,81.254,Australia,TSU
2,12.0,0.5555552469137517,48.0,0.8421052631578947,3,81.174,Australia,TSU
2,13.0,0.611110771605127,49.0,0.8596491228070176,3,81.303,Australia,TSU
2,14.0,0.6666662962965021,50.0,0.8771929824561403,3,81.285,Australia,TSU
2,15.0,0.7222218209878772,51.0,0.8947368421052632,3,81.568,Australia,TSU
2,16.0,0.7777773456792524,52.0,0.9122807017543859,3,81.647,Australia,TSU
2,17.0,0.8333328703706276,53.0,0.9298245614035088,3,81.553,Australia,TSU
2,18.0,0.8888883950620028,54.0,0.9473684210526315,3,81.716,Australia,TSU
2,19.0,0.9444439197533779,55.0,0.9649122807017544,3,81.677,Australia,TSU
2,20.0,0.9999994444447531,56.0,0.9824561403508771,3,81.812,Australia,TSU
1,2.0,0.0,2.0,0.03508771929824561,1,84.536,Australia,ALB
1,3.0,0.3333322222259259,3.0,0.05263157894736842,1,83.606,Australia,ALB
1,4.0,0.6666644444518518,4.0,0.07017543859649122,1,83.438,Australia,ALB
1,5.0,0.9999966666777778,5.0,0.08771929824561403,1,83.916,Australia,ALB
2,2.0,0.0,8.0,0.14035087719298245,2,83.72,Australia,ALB
2,3.0,0.055555524691375174,9.0,0.15789473684210525,2,83.645,Australia,ALB
2,4.0,0.11111104938275035,10.0,0.17543859649122806,2,83.852,Australia,ALB
2,5.0,0.16666657407412552,11.0,0.19298245614035087,2,83.254,Australia,ALB
2,6.0,0.2222220987655007,12.0,0.21052631578947367,2,82.767,Australia,ALB
2,7.0,0.27777762345687584,13.0,0.22807017543859648,2,83.183,Australia,ALB
2,8.0,0.33333314814825105,14.0,0.24561403508771928,2,82.978,Australia,ALB
2,9.0,0.3888886728396262,15.0,0.2631578947368421,2,83.027,Australia,ALB
2,10.0,0.4444441975310014,16.0,0.2807017543859649,2,82.963,Australia,ALB
2,12.0,0.5555552469137517,18.0,0.3157894736842105,2,84.344,Australia,ALB
2,13.0,0.611110771605127,19.0,0.3333333333333333,2,83.022,Australia,ALB
2,14.0,0.6666662962965021,20.0,0.3508771929824561,2,82.607,Australia,ALB
2,15.0,0.7222218209878772,21.0,0.3684210526315789,2,83.066,Australia,ALB
2,16.0,0.7777773456792524,22.0,0.38596491228070173,2,83.301,Australia,ALB
2,17.0,0.8333328703706276,23.0,0.40350877192982454,2,83.198,Australia,ALB
2,18.0,0.8888883950620028,24.0,0.42105263157894735,2,83.513,Australia,ALB
2,19.0,0.9444439197533779,25.0,0.43859649122807015,2,83.671,Australia,ALB
2,20.0,0.9999994444447531,26.0,0.45614035087719296,2,83.525,Australia,ALB
2,2.0,0.0,29.0,0.5087719298245614,3,82.792,Australia,ALB
2,3.0,0.03703702331962099,30.0,0.5263157894736842,3,82.898,Australia,ALB
2,4.0,0.07407404663924198,31.0,0.543859649122807,3,82.949,Australia,ALB
2,5.0,0.11111106995886298,32.0,0.5614035087719298,3,82.901,Australia,ALB
2,6.0,0.14814809327848397,33.0,0.5789473684210527,3,83.188,Australia,ALB
2,7.0,0.18518511659810497,34.0,0.5964912280701754,3,83.061,Australia,ALB
2,8.0,0.22222213991772596,35.0,0.6140350877192983,3,83.135,Australia,ALB
2,9.0,0.25925916323734693,36.0,0.631578947368421,3,84.486,Australia,ALB
2,10.0,0.29629618655696793,37.0,0.6491228070175439,3,82.918,Australia,ALB
2,11.0,0.33333320987658893,38.0,0.6666666666666666,3,82.154,Australia,ALB
2,12.0,0.37037023319620993,39.0,0.6842105263157895,3,82.011,Australia,ALB
2,13.0,0.40740725651583093,40.0,0.7017543859649122,3,81.74,Australia,ALB
2,14.0,0.4444442798354519,41.0,0.7192982456140351,3,83.574,Australia,ALB
2,15.0,0.4814813031550729,42.0,0.7368421052631579,3,81.73,Australia,ALB
2,16.0,0.5185183264746939,43.0,0.7543859649122807,3,82.292,Australia,ALB
2,17.0,0.5555553497943149,44.0,0.7719298245614035,3,82.499,Australia,ALB
2,18.0,0.5925923731139359,45.0,0.7894736842105263,3,81.907,Australia,ALB
2,19.0,0.6296293964335569,46.0,0.8070175438596491,3,81.618,Australia,ALB
2,20.0,0.6666664197531779,47.0,0.8245614035087719,3,81.845,Australia,ALB
2,21.0,0.7037034430727989,48.0,0.8421052631578947,3,81.927,Australia,ALB
2,22.0,0.7407404663924199,49.0,0.8596491228070176,3,81.918,Australia,ALB
2,23.0,0.7777774897120409,50.0,0.8771929824561403,3,82.219,Australia,ALB
2,24.0,0.8148145130316619,51.0,0.8947368421052632,3,82.319,Australia,ALB
2,25.0,0.8518515363512829,52.0,0.9122807017543859,3,82.184,Australia,ALB
2,26.0,0.8888885596709039,53.0,0.9298245614035088,3,82.399,Australia,ALB
2,27.0,0.9259255829905249,54.0,0.9473684210526315,3,84.131,Australia,ALB
2,28.0,0.9629626063101459,55.0,0.9649122807017544,3,82.312,Australia,ALB
2,29.0,0.9999996296297669,56.0,0.9824561403508771,3,84.19,Australia,ALB
0,2.0,0.0,2.0,0.03508771929824561,1,84.379,Australia,ZHO
0,3.0,0.3333322222259259,3.0,0.05263157894736842,1,83.912,Australia,ZHO
0,4.0,0.6666644444518518,4.0,0.07017543859649122,1,83.948,Australia,ZHO
0,5.0,0.9999966666777778,5.0,0.08771929824561403,1,84.161,Australia,ZHO
2,3.0,0.0,8.0,0.14035087719298245,2,84.402,Australia,ZHO
2,4.0,0.03846152366864474,9.0,0.15789473684210525,2,83.624,Australia,ZHO
2,5.0,0.07692304733728948,10.0,0.17543859649122806,2,83.66,Australia,ZHO
2,6.0,0.11538457100593423,11.0,0.19298245614035087,2,83.447,Australia,ZHO
2,7.0,0.15384609467457896,12.0,0.21052631578947367,2,83.177,Australia,ZHO
2,8.0,0.1923076183432237,13.0,0.22807017543859648,2,83.471,Australia,ZHO
2,9.0,0.23076914201186846,14.0,0.24561403508771928,2,83.302,Australia,ZHO
2,10.0,0.2692306656805132,15.0,0.2631578947368421,2,83.329,Australia,ZHO
2,11.0,0.30769218934915793,16.0,0.2807017543859649,2,83.339,Australia,ZHO
2,13.0,0.3846152366864474,18.0,0.3157894736842105,2,84.958,Australia,ZHO
2,14.0,0.4230767603550922,19.0,0.3333333333333333,2,83.537,Australia,ZHO
2,15.0,0.4615382840237369,20.0,0.3508771929824561,2,83.069,Australia,ZHO
2,16.0,0.49999980769238167,21.0,0.3684210526315789,2,83.473,Australia,ZHO
2,17.0,0.5384613313610264,22.0,0.38596491228070173,2,83.431,Australia,ZHO
2,18.0,0.5769228550296711,23.0,0.40350877192982454,2,83.264,Australia,ZHO
2,19.0,0.6153843786983159,24.0,0.42105263157894735,2,83.196,Australia,ZHO
2,20.0,0.6538459023669606,25.0,0.43859649122807015,2,83.031,Australia,ZHO
2,21.0,0.6923074260356054,26.0,0.45614035087719296,2,83.062,Australia,ZHO
2,22.0,0.7307689497042501,27.0,0.47368421052631576,2,83.097,Australia,ZHO
2,23.0,0.7692304733728949,28.0,0.49122807017543857,2,83.023,Australia,ZHO
2,24.0,0.8076919970415396,29.0,0.5087719298245614,2,82.602,Australia,ZHO
2,25.0,0.8461535207101843,30.0,0.5263157894736842,2,82.989,Australia,ZHO
2,26.0,0.8846150443788291,31.0,0.543859649122807,2,82.826,Australia,ZHO
2,27.0,0.9230765680474738,32.0,0.5614035087719298,2,83.17,Australia,ZHO
2,28.0,0.9615380917161186,33.0,0.5789473684210527,2,83.246,Australia,ZHO
2,29.0,0.9999996153847633,34.0,0.5964912280701754,2,83.068,Australia,ZHO
2,2.0,0.0,37.0,0.6491228070175439,3,82.598,Australia,ZHO
2,3.0,0.055555524691375174,38.0,0.6666666666666666,3,82.43,Australia,ZHO
2,4.0,0.11111104938275035,39.0,0.6842105263157895,3,82.008,Australia,ZHO
2,5.0,0.16666657407412552,40.0,0.7017543859649122,3,81.908,Australia,ZHO
2,6.0,0.2222220987655007,41.0,0.7192982456140351,3,83.999,Australia,ZHO
2,7.0,0.27777762345687584,42.0,0.7368421052631579,3,82.195,Australia,ZHO
2,8.0,0.33333314814825105,43.0,0.7543859649122807,3,83.827,Australia,ZHO
2,9.0,0.3888886728396262,44.0,0.7719298245614035,3,82.147,Australia,ZHO
2,10.0,0.4444441975310014,45.0,0.7894736842105263,3,81.609,Australia,ZHO
2,11.0,0.49999972222237654,46.0,0.8070175438596491,3,81.663,Australia,ZHO
2,12.0,0.5555552469137517,47.0,0.8245614035087719,3,81.776,Australia,ZHO
2,13.0,0.611110771605127,48.0,0.8421052631578947,3,83.135,Australia,ZHO
2,14.0,0.6666662962965021,49.0,0.8596491228070176,3,81.327,Australia,ZHO
2,15.0,0.7222218209878772,50.0,0.8771929824561403,3,81.831,Australia,ZHO
2,16.0,0.7777773456792524,51.0,0.8947368421052632,3,81.83,Australia,ZHO
2,17.0,0.8333328703706276,52.0,0.9122807017543859,3,82.06,Australia,ZHO
2,18.0,0.8888883950620028,53.0,0.9298245614035088,3,82.184,Australia,ZHO
2,19.0,0.9444439197533779,54.0,0.9473684210526315,3,82.067,Australia,ZHO
2,20.0,0.9999994444447531,55.0,0.9649122807017544,3,81.798,Australia,ZHO
2,2.0,0.0,2.0,0.03508771929824561,1,84.707,Australia,HUL
2,3.0,0.0714285204081997,3.0,0.05263157894736842,1,83.576,Australia,HUL
2,4.0,0.1428570408163994,4.0,0.07017543859649122,1,83.731,Australia,HUL
2,5.0,0.21428556122459913,5.0,0.08771929824561403,1,84.465,Australia,HUL
2,6.0,0.2857140816327988,6.0,0.10526315789473684,1,83.747,Australia,HUL
2,7.0,0.35714260204099857,7.0,0.12280701754385964,1,83.868,Australia,HUL
2,8.0,0.42857112244919826,8.0,0.14035087719298245,1,83.838,Australia,HUL
2,9.0,0.49999964285739795,9.0,0.15789473684210525,1,83.856,Australia,HUL
2,10.0,0.5714281632655976,10.0,0.17543859649122806,1,83.777,Australia,HUL
2,11.0,0.6428566836737974,11.0,0.19298245614035087,1,85.07,Australia,HUL
2,12.0,0.7142852040819971,12.0,0.21052631578947367,1,84.824,Australia,HUL
2,13.0,0.7857137244901968,13.0,0.22807017543859648,1,83.953,Australia,HUL
2,14.0,0.8571422448983965,14.0,0.24561403508771928,1,83.965,Australia,HUL
2,15.0,0.9285707653065962,15.0,0.2631578947368421,1,84.281,Australia,HUL
2,16.0,0.9999992857147959,16.0,0.2807017543859649,1,84.025,Australia,HUL
1,2.0,0.0,19.0,0.3333333333333333,2,82.247,Australia,HUL
1,3.0,0.06666662222225185,20.0,0.3508771929824561,2,82.406,Australia,HUL
1,4.0,0.1333332444445037,21.0,0.3684210526315789,2,82.479,Australia,HUL
1,5.0,0.19999986666675557,22.0,0.38596491228070173,2,82.439,Australia,HUL
1,6.0,0.2666664888890074,23.0,0.40350877192982454,2,82.152,Australia,HUL
1,7.0,0.3333331111112593,24.0,0.42105263157894735,2,82.528,Australia,HUL
1,8.0,0.39999973333351113,25.0,0.43859649122807015,2,82.974,Australia,HUL
1,9.0,0.46666635555576297,26.0,0.45614035087719296,2,83.693,Australia,HUL
1,10.0,0.5333329777780148,27.0,0.47368421052631576,2,83.385,Australia,HUL
1,11.0,0.5999996000002666,28.0,0.49122807017543857,2,83.338,Australia,HUL
1,12.0,0.6666662222225186,29.0,0.5087719298245614,2,83.167,Australia,HUL
1,13.0,0.7333328444447704,30.0,0.5263157894736842,2,83.299,Australia,HUL
1,14.0,0.7999994666670223,31.0,0.543859649122807,2,83.139,Australia,HUL
1,15.0,0.8666660888892741,32.0,0.5614035087719298,2,82.892,Australia,HUL
1,16.0,0.9333327111115259,33.0,0.5789473684210527,2,82.91,Australia,HUL
1,17.0,0.9999993333337778,34.0,0.5964912280701754,2,83.143,Australia,HUL
2,2.0,0.0,37.0,0.6491228070175439,3,81.63,Australia,HUL
2,3.0,0.05263155124655198,38.0,0.6666666666666666,3,82.025,Australia,HUL
2,4.0,0.10526310249310396,39.0,0.6842105263157895,3,81.896,Australia,HUL
2,5.0,0.15789465373965592,40.0,0.7017543859649122,3,82.823,Australia,HUL
2,6.0,0.21052620498620792,41.0,0.7192982456140351,3,82.016,Australia,HUL
2,7.0,0.2631577562327599,42.0,0.7368421052631579,3,82.173,Australia,HUL
2,8.0,0.31578930747931183,43.0,0.7543859649122807,3,81.909,Australia,HUL
2,9.0,0.36842085872586383,44.0,0.7719298245614035,3,81.73,Australia,HUL
2,10.0,0.42105240997241583,45.0,0.7894736842105263,3,81.532,Australia,HUL
2,11.0,0.4736839612189678,46.0,0.8070175438596491,3,81.145,Australia,HUL
2,12.0,0.5263155124655198,47.0,0.8245614035087719,3,81.629,Australia,HUL
2,13.0,0.5789470637120717,48.0,0.8421052631578947,3,81.602,Australia,HUL
2,14.0,0.6315786149586237,49.0,0.8596491228070176,3,81.728,Australia,HUL
2,15.0,0.6842101662051757,50.0,0.8771929824561403,3,82.102,Australia,HUL
2,16.0,0.7368417174517277,51.0,0.8947368421052632,3,81.73,Australia,HUL
2,17.0,0.7894732686982796,52.0,0.9122807017543859,3,81.781,Australia,HUL
2,18.0,0.8421048199448317,53.0,0.9298245614035088,3,81.758,Australia,HUL
2,19.0,0.8947363711913836,54.0,0.9473684210526315,3,82.021,Australia,HUL
2,20.0,0.9473679224379356,55.0,0.9649122807017544,3,82.697,Australia,HUL
2,21.0,0.9999994736844876,56.0,0.9824561403508771,3,82.274,Australia,HUL
0,2.0,0.0,2.0,0.03508771929824561,1,84.826,Australia,RIC
0,3.0,0.49999750001249993,3.0,0.05263157894736842,1,83.84,Australia,RIC
0,4.0,0.9999950000249999,4.0,0.07017543859649122,1,84.095,Australia,RIC
2,2.0,0.0,7.0,0.12280701754385964,2,84.04,Australia,RIC
2,3.0,0.04761902494332146,8.0,0.14035087719298245,2,83.608,Australia,RIC
2,4.0,0.09523804988664292,9.0,0.15789473684210525,2,83.491,Australia,RIC
2,5.0,0.14285707482996438,10.0,0.17543859649122806,2,83.245,Australia,RIC
2,6.0,0.19047609977328583,11.0,0.19298245614035087,2,83.083,Australia,RIC
2,7.0,0.2380951247166073,12.0,0.21052631578947367,2,83.058,Australia,RIC
2,8.0,0.28571414965992875,13.0,0.22807017543859648,2,82.904,Australia,RIC
2,9.0,0.3333331746032502,14.0,0.24561403508771928,2,82.877,Australia,RIC
2,10.0,0.38095219954657167,15.0,0.2631578947368421,2,82.83,Australia,RIC
2,11.0,0.4285712244898931,16.0,0.2807017543859649,2,83.143,Australia,RIC
2,13.0,0.523809274376536,18.0,0.3157894736842105,2,85.117,Australia,RIC
2,14.0,0.5714282993198575,19.0,0.3333333333333333,2,83.024,Australia,RIC
2,15.0,0.619047324263179,20.0,0.3508771929824561,2,83.127,Australia,RIC
2,16.0,0.6666663492065004,21.0,0.3684210526315789,2,83.187,Australia,RIC
2,17.0,0.7142853741498219,22.0,0.38596491228070173,2,83.105,Australia,RIC
2,18.0,0.7619043990931433,23.0,0.40350877192982454,2,83.012,Australia,RIC
2,19.0,0.8095234240364647,24.0,0.42105263157894735,2,83.292,Australia,RIC
2,20.0,0.8571424489797862,25.0,0.43859649122807015,2,83.547,Australia,RIC
2,21.0,0.9047614739231077,26.0,0.45614035087719296,2,83.357,Australia,RIC
2,22.0,0.9523804988664292,27.0,0.47368421052631576,2,83.885,Australia,RIC
2,23.0,0.9999995238097505,28.0,0.49122807017543857,2,83.863,Australia,RIC
2,2.0,0.0,31.0,0.543859649122807,3,82.938,Australia,RIC
2,3.0,0.0399999840000064,32.0,0.5614035087719298,3,82.738,Australia,RIC
2,4.0,0.0799999680000128,33.0,0.5789473684210527,3,82.443,Australia,RIC
2,5.0,0.1199999520000192,34.0,0.5964912280701754,3,82.709,Australia,RIC
2,6.0,0.1599999360000256,35.0,0.6140350877192983,3,83.49,Australia,RIC
2,7.0,0.199999920000032,36.0,0.631578947368421,3,85.131,Australia,RIC
2,8.0,0.2399999040000384,37.0,0.6491228070175439,3,82.438,Australia,RIC
2,9.0,0.2799998880000448,38.0,0.6666666666666666,3,82.38,Australia,RIC
2,10.0,0.3199998720000512,39.0,0.6842105263157895,3,82.172,Australia,RIC
2,11.0,0.3599998560000576,40.0,0.7017543859649122,3,81.387,Australia,RIC
2,12.0,0.399999840000064,41.0,0.7192982456140351,3,81.608,Australia,RIC
2,13.0,0.4399998240000704,42.0,0.7368421052631579,3,81.888,Australia,RIC
2,14.0,0.4799998080000768,43.0,0.7543859649122807,3,81.648,Australia,RIC
2,15.0,0.5199997920000832,44.0,0.7719298245614035,3,81.313,Australia,RIC
2,16.0,0.5599997760000897,45.0,0.7894736842105263,3,81.33,Australia,RIC
2,17.0,0.599999760000096,46.0,0.8070175438596491,3,81.239,Australia,RIC
2,18.0,0.6399997440001024,47.0,0.8245614035087719,3,81.3,Australia,RIC
2,19.0,0.6799997280001088,48.0,0.8421052631578947,3,81.492,Australia,RIC
2,20.0,0.7199997120001153,49.0,0.8596491228070176,3,81.606,Australia,RIC
2,21.0,0.7599996960001216,50.0,0.8771929824561403,3,81.782,Australia,RIC
2,22.0,0.799999680000128,51.0,0.8947368421052632,3,81.769,Australia,RIC
2,23.0,0.8399996640001344,52.0,0.9122807017543859,3,81.884,Australia,RIC
2,24.0,0.8799996480001409,53.0,0.9298245614035088,3,84.232,Australia,RIC
2,25.0,0.9199996320001472,54.0,0.9473684210526315,3,82.568,Australia,RIC
2,26.0,0.9599996160001536,55.0,0.9649122807017544,3,83.611,Australia,RIC
2,27.0,0.99999960000016,56.0,0.9824561403508771,3,83.839,Australia,RIC
1,2.0,0.0,2.0,0.03508771929824561,1,84.68,Australia,OCO
1,3.0,0.16666638888935187,3.0,0.05263157894736842,1,83.577,Australia,OCO
1,4.0,0.33333277777870374,4.0,0.07017543859649122,1,83.574,Australia,OCO
1,5.0,0.4999991666680556,5.0,0.08771929824561403,1,83.784,Australia,OCO
1,6.0,0.6666655555574075,6.0,0.10526315789473684,1,83.841,Australia,OCO
1,7.0,0.8333319444467593,7.0,0.12280701754385964,1,83.198,Australia,OCO
1,8.0,0.9999983333361112,8.0,0.14035087719298245,1,82.98,Australia,OCO
2,2.0,0.0,11.0,0.19298245614035087,2,83.339,Australia,OCO
2,3.0,0.24999937500156252,12.0,0.21052631578947367,2,82.882,Australia,OCO
2,4.0,0.49999875000312505,13.0,0.22807017543859648,2,82.956,Australia,OCO
2,5.0,0.7499981250046875,14.0,0.24561403508771928,2,83.119,Australia,OCO
2,6.0,0.9999975000062501,15.0,0.2631578947368421,2,83.091,Australia,OCO
2,2.0,0.0,18.0,0.3157894736842105,3,82.587,Australia,OCO
2,3.0,0.043478241965981754,19.0,0.3333333333333333,3,82.88,Australia,OCO
2,4.0,0.08695648393196351,20.0,0.3508771929824561,3,82.814,Australia,OCO
2,5.0,0.13043472589794528,21.0,0.3684210526315789,3,82.663,Australia,OCO
2,6.0,0.17391296786392701,22.0,0.38596491228070173,3,82.803,Australia,OCO
2,7.0,0.21739120982990878,23.0,0.40350877192982454,3,82.713,Australia,OCO
2,8.0,0.26086945179589055,24.0,0.42105263157894735,3,82.759,Australia,OCO
2,9.0,0.30434769376187226,25.0,0.43859649122807015,3,82.797,Australia,OCO
2,10.0,0.34782593572785403,26.0,0.45614035087719296,3,82.892,Australia,OCO
2,11.0,0.3913041776938358,27.0,0.47368421052631576,3,82.901,Australia,OCO
2,12.0,0.43478241965981757,28.0,0.49122807017543857,3,83.108,Australia,OCO
2,13.0,0.4782606616257993,29.0,0.5087719298245614,3,83.117,Australia,OCO
2,14.0,0.5217389035917811,30.0,0.5263157894736842,3,83.04,Australia,OCO
2,15.0,0.5652171455577628,31.0,0.543859649122807,3,82.921,Australia,OCO
2,16.0,0.6086953875237445,32.0,0.5614035087719298,3,82.909,Australia,OCO
2,17.0,0.6521736294897263,33.0,0.5789473684210527,3,82.996,Australia,OCO
2,18.0,0.6956518714557081,34.0,0.5964912280701754,3,85.483,Australia,OCO
2,19.0,0.7391301134216899,35.0,0.6140350877192983,3,83.239,Australia,OCO
2,20.0,0.7826083553876716,36.0,0.631578947368421,3,84.94,Australia,OCO
2,21.0,0.8260865973536533,37.0,0.6491228070175439,3,82.834,Australia,OCO
2,22.0,0.8695648393196351,38.0,0.6666666666666666,3,83.627,Australia,OCO
2,23.0,0.9130430812856168,39.0,0.6842105263157895,3,82.706,Australia,OCO
2,24.0,0.9565213232515986,40.0,0.7017543859649122,3,82.989,Australia,OCO
2,25.0,0.9999995652175804,41.0,0.7192982456140351,3,83.162,Australia,OCO
2,9.0,0.0,44.0,0.7719298245614035,4,81.597,Australia,OCO
2,10.0,0.09090900826453795,45.0,0.7894736842105263,4,81.354,Australia,OCO
2,11.0,0.1818180165290759,46.0,0.8070175438596491,4,83.041,Australia,OCO
2,12.0,0.2727270247936138,47.0,0.8245614035087719,4,81.464,Australia,OCO
2,13.0,0.3636360330581518,48.0,0.8421052631578947,4,81.549,Australia,OCO
2,14.0,0.45454504132268975,49.0,0.8596491228070176,4,81.678,Australia,OCO
2,15.0,0.5454540495872277,50.0,0.8771929824561403,4,81.633,Australia,OCO
2,16.0,0.6363630578517656,51.0,0.8947368421052632,4,81.951,Australia,OCO
2,17.0,0.7272720661163036,52.0,0.9122807017543859,4,82.155,Australia,OCO
2,18.0,0.8181810743808415,53.0,0.9298245614035088,4,82.207,Australia,OCO
2,19.0,0.9090900826453795,54.0,0.9473684210526315,4,82.229,Australia,OCO
2,20.0,0.9999990909099173,55.0,0.9649122807017544,4,82.304,Australia,OCO
1,2.0,0.0,2.0,0.03508771929824561,1,83.183,Australia,NOR
1,3.0,0.09090900826453795,3.0,0.05263157894736842,1,82.656,Australia,NOR
1,4.0,0.1818180165290759,4.0,0.07017543859649122,1,82.609,Australia,NOR
1,5.0,0.2727270247936138,5.0,0.08771929824561403,1,82.685,Australia,NOR
1,6.0,0.3636360330581518,6.0,0.10526315789473684,1,82.632,Australia,NOR
1,7.0,0.45454504132268975,7.0,0.12280701754385964,1,82.744,Australia,NOR
1,8.0,0.5454540495872277,8.0,0.14035087719298245,1,82.63,Australia,NOR
1,9.0,0.6363630578517656,9.0,0.15789473684210525,1,82.727,Australia,NOR
1,10.0,0.7272720661163036,10.0,0.17543859649122806,1,82.695,Australia,NOR
1,11.0,0.8181810743808415,11.0,0.19298245614035087,1,82.936,Australia,NOR
1,12.0,0.9090900826453795,12.0,0.21052631578947367,1,82.814,Australia,NOR
1,13.0,0.9999990909099173,13.0,0.22807017543859648,1,83.153,Australia,NOR
2,3.0,0.0,16.0,0.2807017543859649,2,81.936,Australia,NOR
2,6.0,0.13043472589794528,19.0,0.3333333333333333,2,82.356,Australia,NOR
2,7.0,0.17391296786392701,20.0,0.3508771929824561,2,81.642,Australia,NOR
2,8.0,0.21739120982990878,21.0,0.3684210526315789,2,81.907,Australia,NOR
2,9.0,0.26086945179589055,22.0,0.38596491228070173,2,81.749,Australia,NOR
2,10.0,0.30434769376187226,23.0,0.40350877192982454,2,81.745,Australia,NOR
2,11.0,0.34782593572785403,24.0,0.42105263157894735,2,81.562,Australia,NOR
2,12.0,0.3913041776938358,25.0,0.43859649122807015,2,81.713,Australia,NOR
2,13.0,0.43478241965981757,26.0,0.45614035087719296,2,81.611,Australia,NOR
2,14.0,0.4782606616257993,27.0,0.47368421052631576,2,81.976,Australia,NOR
2,15.0,0.5217389035917811,28.0,0.49122807017543857,2,81.837,Australia,NOR
2,16.0,0.5652171455577628,29.0,0.5087719298245614,2,81.864,Australia,NOR
2,17.0,0.6086953875237445,30.0,0.5263157894736842,2,81.982,Australia,NOR
2,18.0,0.6521736294897263,31.0,0.543859649122807,2,81.848,Australia,NOR
2,19.0,0.6956518714557081,32.0,0.5614035087719298,2,81.574,Australia,NOR
2,20.0,0.7391301134216899,33.0,0.5789473684210527,2,81.692,Australia,NOR
2,21.0,0.7826083553876716,34.0,0.5964912280701754,2,81.769,Australia,NOR
2,22.0,0.8260865973536533,35.0,0.6140350877192983,2,81.51,Australia,NOR
2,23.0,0.8695648393196351,36.0,0.631578947368421,2,81.446,Australia,NOR
2,24.0,0.9130430812856168,37.0,0.6491228070175439,2,81.662,Australia,NOR
2,25.0,0.9565213232515986,38.0,0.6666666666666666,2,81.518,Australia,NOR
2,26.0,0.9999995652175804,39.0,0.6842105263157895,2,81.901,Australia,NOR
2,3.0,0.0,42.0,0.7368421052631579,3,81.025,Australia,NOR
2,4.0,0.06666662222225185,43.0,0.7543859649122807,3,80.652,Australia,NOR
2,5.0,0.1333332444445037,44.0,0.7719298245614035,3,80.613,Australia,NOR
2,6.0,0.19999986666675557,45.0,0.7894736842105263,3,80.62,Australia,NOR
2,7.0,0.2666664888890074,46.0,0.8070175438596491,3,79.971,Australia,NOR
2,8.0,0.3333331111112593,47.0,0.8245614035087719,3,80.188,Australia,NOR
2,9.0,0.39999973333351113,48.0,0.8421052631578947,3,80.26,Australia,NOR
2,10.0,0.46666635555576297,49.0,0.8596491228070176,3,79.915,Australia,NOR
2,11.0,0.5333329777780148,50.0,0.8771929824561403,3,80.151,Australia,NOR
2,12.0,0.5999996000002666,51.0,0.8947368421052632,3,80.261,Australia,NOR
2,13.0,0.6666662222225186,52.0,0.9122807017543859,3,79.959,Australia,NOR
2,14.0,0.7333328444447704,53.0,0.9298245614035088,3,80.267,Australia,NOR
2,15.0,0.7999994666670223,54.0,0.9473684210526315,3,80.107,Australia,NOR
2,16.0,0.8666660888892741,55.0,0.9649122807017544,3,80.294,Australia,NOR
2,17.0,0.9333327111115259,56.0,0.9824561403508771,3,80.481,Australia,NOR
2,18.0,0.9999993333337778,57.0,1.0,3,80.571,Australia,NOR
0,2.0,0.0,2.0,0.03508771929824561,1,84.055,Australia,HAM
0,3.0,0.24999937500156252,3.0,0.05263157894736842,1,83.07,Australia,HAM
0,4.0,0.49999875000312505,4.0,0.07017543859649122,1,83.436,Australia,HAM
0,5.0,0.7499981250046875,5.0,0.08771929824561403,1,83.556,Australia,HAM
0,6.0,0.9999975000062501,6.0,0.10526315789473684,1,83.165,Australia,HAM
2,2.0,0.0,9.0,0.15789473684210525,2,82.555,Australia,HAM
2,3.0,0.16666638888935187,10.0,0.17543859649122806,2,84.295,Australia,HAM
2,4.0,0.33333277777870374,11.0,0.19298245614035087,2,82.444,Australia,HAM
2,5.0,0.4999991666680556,12.0,0.21052631578947367,2,83.041,Australia,HAM
2,6.0,0.6666655555574075,13.0,0.22807017543859648,2,83.246,Australia,HAM
2,7.0,0.8333319444467593,14.0,0.24561403508771928,2,82.712,Australia,HAM
2,8.0,0.9999983333361112,15.0,0.2631578947368421,2,84.141,Australia,HAM
1,2.0,0.0,2.0,0.03508771929824561,1,82.6,Australia,SAI
1,3.0,0.07692301775152481,3.0,0.05263157894736842,1,83.006,Australia,SAI
1,4.0,0.15384603550304962,4.0,0.07017543859649122,1,82.433,Australia,SAI
1,5.0,0.23076905325457442,5.0,0.08771929824561403,1,82.629,Australia,SAI
1,6.0,0.30769207100609924,6.0,0.10526315789473684,1,82.572,Australia,SAI
1,7.0,0.38461508875762407,7.0,0.12280701754385964,1,82.434,Australia,SAI
1,8.0,0.46153810650914884,8.0,0.14035087719298245,1,82.303,Australia,SAI
1,9.0,0.5384611242606736,9.0,0.15789473684210525,1,82.025,Australia,SAI
1,10.0,0.6153841420121985,10.0,0.17543859649122806,1,81.715,Australia,SAI
1,11.0,0.6923071597637233,11.0,0.19298245614035087,1,81.938,Australia,SAI
1,12.0,0.7692301775152481,12.0,0.21052631578947367,1,82.175,Australia,SAI
1,13.0,0.8461531952667729,13.0,0.22807017543859648,1,82.205,Australia,SAI
1,14.0,0.9230762130182977,14.0,0.24561403508771928,1,82.487,Australia,SAI
1,15.0,0.9999992307698226,15.0,0.2631578947368421,1,82.62,Australia,SAI
2,3.0,0.0,19.0,0.3333333333333333,2,81.811,Australia,SAI
2,4.0,0.04761902494332146,20.0,0.3508771929824561,2,81.602,Australia,SAI
2,5.0,0.09523804988664292,21.0,0.3684210526315789,2,81.931,Australia,SAI
2,6.0,0.14285707482996438,22.0,0.38596491228070173,2,81.471,Australia,SAI
2,7.0,0.19047609977328583,23.0,0.40350877192982454,2,81.531,Australia,SAI
2,8.0,0.2380951247166073,24.0,0.42105263157894735,2,81.458,Australia,SAI
2,9.0,0.28571414965992875,25.0,0.43859649122807015,2,81.243,Australia,SAI
2,10.0,0.3333331746032502,26.0,0.45614035087719296,2,81.078,Australia,SAI
2,11.0,0.38095219954657167,27.0,0.47368421052631576,2,81.457,Australia,SAI
2,12.0,0.4285712244898931,28.0,0.49122807017543857,2,81.44,Australia,SAI
2,13.0,0.4761902494332146,29.0,0.5087719298245614,2,81.489,Australia,SAI
2,14.0,0.523809274376536,30.0,0.5263157894736842,2,81.623,Australia,SAI
2,15.0,0.5714282993198575,31.0,0.543859649122807,2,81.282,Australia,SAI
2,16.0,0.619047324263179,32.0,0.5614035087719298,2,81.205,Australia,SAI
2,17.0,0.6666663492065004,33.0,0.5789473684210527,2,81.495,Australia,SAI
2,18.0,0.7142853741498219,34.0,0.5964912280701754,2,81.717,Australia,SAI
2,19.0,0.7619043990931433,35.0,0.6140350877192983,2,81.721,Australia,SAI
2,20.0,0.8095234240364647,36.0,0.631578947368421,2,82.018,Australia,SAI
2,21.0,0.8571424489797862,37.0,0.6491228070175439,2,81.971,Australia,SAI
2,22.0,0.9047614739231077,38.0,0.6666666666666666,2,81.412,Australia,SAI
2,23.0,0.9523804988664292,39.0,0.6842105263157895,2,81.554,Australia,SAI
2,24.0,0.9999995238097505,40.0,0.7017543859649122,2,81.443,Australia,SAI
2,2.0,0.0,43.0,0.7543859649122807,3,80.73,Australia,SAI
2,3.0,0.0714285204081997,44.0,0.7719298245614035,3,80.767,Australia,SAI
2,4.0,0.1428570408163994,45.0,0.7894736842105263,3,80.223,Australia,SAI
2,5.0,0.21428556122459913,46.0,0.8070175438596491,3,80.374,Australia,SAI
2,6.0,0.2857140816327988,47.0,0.8245614035087719,3,80.203,Australia,SAI
2,7.0,0.35714260204099857,48.0,0.8421052631578947,3,80.031,Australia,SAI
2,8.0,0.42857112244919826,49.0,0.8596491228070176,3,80.281,Australia,SAI
2,9.0,0.49999964285739795,50.0,0.8771929824561403,3,80.45,Australia,SAI
2,10.0,0.5714281632655976,51.0,0.8947368421052632,3,80.083,Australia,SAI
2,11.0,0.6428566836737974,52.0,0.9122807017543859,3,80.209,Australia,SAI
2,12.0,0.7142852040819971,53.0,0.9298245614035088,3,80.615,Australia,SAI
2,13.0,0.7857137244901968,54.0,0.9473684210526315,3,80.582,Australia,SAI
2,14.0,0.8571422448983965,55.0,0.9649122807017544,3,80.753,Australia,SAI
2,15.0,0.9285707653065962,56.0,0.9824561403508771,3,81.098,Australia,SAI
2,16.0,0.9999992857147959,57.0,1.0,3,80.882,Australia,SAI
1,2.0,0.0,2.0,0.03508771929824561,1,83.347,Australia,RUS
1,3.0,0.19999960000080003,3.0,0.05263157894736842,1,83.037,Australia,RUS
1,4.0,0.39999920000160005,4.0,0.07017543859649122,1,83.571,Australia,RUS
1,5.0,0.5999988000024,5.0,0.08771929824561403,1,83.172,Australia,RUS
1,6.0,0.7999984000032001,6.0,0.10526315789473684,1,83.119,Australia,RUS
1,7.0,0.9999980000040001,7.0,0.12280701754385964,1,82.764,Australia,RUS
2,2.0,0.0,10.0,0.17543859649122806,2,82.737,Australia,RUS
2,3.0,0.029411756055365862,11.0,0.19298245614035087,2,82.716,Australia,RUS
2,4.0,0.058823512110731724,12.0,0.21052631578947367,2,83.022,Australia,RUS
2,5.0,0.08823526816609759,13.0,0.22807017543859648,2,83.438,Australia,RUS
2,6.0,0.11764702422146345,14.0,0.24561403508771928,2,83.39,Australia,RUS
2,7.0,0.1470587802768293,15.0,0.2631578947368421,2,84.086,Australia,RUS
2,8.0,0.17647053633219517,16.0,0.2807017543859649,2,83.366,Australia,RUS
2,11.0,0.2647058044982928,19.0,0.3333333333333333,2,82.4,Australia,RUS
2,12.0,0.2941175605536586,20.0,0.3508771929824561,2,82.434,Australia,RUS
2,13.0,0.3235293166090245,21.0,0.3684210526315789,2,83.429,Australia,RUS
2,14.0,0.35294107266439034,22.0,0.38596491228070173,2,82.838,Australia,RUS
2,15.0,0.38235282871975623,23.0,0.40350877192982454,2,83.012,Australia,RUS
2,16.0,0.41176458477512207,24.0,0.42105263157894735,2,82.942,Australia,RUS
2,17.0,0.44117634083048796,25.0,0.43859649122807015,2,82.703,Australia,RUS
2,18.0,0.4705880968858538,26.0,0.45614035087719296,2,82.885,Australia,RUS
2,19.0,0.4999998529412197,27.0,0.47368421052631576,2,83.138,Australia,RUS
2,20.0,0.5294116089965856,28.0,0.49122807017543857,2,83.096,Australia,RUS
2,21.0,0.5588233650519514,29.0,0.5087719298245614,2,82.663,Australia,RUS
2,22.0,0.5882351211073172,30.0,0.5263157894736842,2,82.663,Australia,RUS
2,23.0,0.6176468771626832,31.0,0.543859649122807,2,82.515,Australia,RUS
2,24.0,0.647058633218049,32.0,0.5614035087719298,2,82.71,Australia,RUS
2,25.0,0.6764703892734149,33.0,0.5789473684210527,2,82.461,Australia,RUS
2,26.0,0.7058821453287807,34.0,0.5964912280701754,2,82.353,Australia,RUS
2,27.0,0.7352939013841466,35.0,0.6140350877192983,2,82.591,Australia,RUS
2,28.0,0.7647056574395125,36.0,0.631578947368421,2,82.537,Australia,RUS
2,29.0,0.7941174134948783,37.0,0.6491228070175439,2,82.408,Australia,RUS
2,30.0,0.8235291695502441,38.0,0.6666666666666666,2,82.175,Australia,RUS
2,31.0,0.8529409256056101,39.0,0.6842105263157895,2,82.167,Australia,RUS
2,32.0,0.8823526816609759,40.0,0.7017543859649122,2,82.473,Australia,RUS
2,33.0,0.9117644377163417,41.0,0.7192982456140351,2,82.319,Australia,RUS
2,34.0,0.9411761937717076,42.0,0.7368421052631579,2,82.257,Australia,RUS
2,35.0,0.9705879498270735,43.0,0.7543859649122807,2,82.111,Australia,RUS
2,36.0,0.9999997058824394,44.0,0.7719298245614035,2,82.097,Australia,RUS
2,2.0,0.0,47.0,0.8245614035087719,3,80.326,Australia,RUS
2,3.0,0.11111098765445816,48.0,0.8421052631578947,3,80.739,Australia,RUS
2,4.0,0.22222197530891633,49.0,0.8596491228070176,3,80.808,Australia,RUS
2,5.0,0.3333329629633745,50.0,0.8771929824561403,3,80.982,Australia,RUS
2,6.0,0.44444395061783265,51.0,0.8947368421052632,3,80.695,Australia,RUS
2,7.0,0.5555549382722909,52.0,0.9122807017543859,3,80.529,Australia,RUS
2,8.0,0.666665925926749,53.0,0.9298245614035088,3,80.284,Australia,RUS
2,9.0,0.7777769135812072,54.0,0.9473684210526315,3,81.194,Australia,RUS
2,10.0,0.8888879012356653,55.0,0.9649122807017544,3,80.791,Australia,RUS
2,11.0,0.9999988888901234,56.0,0.9824561403508771,3,80.655,Australia,RUS
1,3.0,0.0,2.0,0.03508771929824561,1,84.344,Australia,BOT
1,4.0,0.19999960000080003,3.0,0.05263157894736842,1,83.272,Australia,BOT
1,5.0,0.39999920000160005,4.0,0.07017543859649122,1,83.705,Australia,BOT
1,6.0,0.5999988000024,5.0,0.08771929824561403,1,83.56,Australia,BOT
1,7.0,0.7999984000032001,6.0,0.10526315789473684,1,83.122,Australia,BOT
1,8.0,0.9999980000040001,7.0,0.12280701754385964,1,83.738,Australia,BOT
2,3.0,0.0,10.0,0.17543859649122806,2,83.161,Australia,BOT
2,4.0,0.0399999840000064,11.0,0.19298245614035087,2,83.44,Australia,BOT
2,5.0,0.0799999680000128,12.0,0.21052631578947367,2,82.976,Australia,BOT
2,6.0,0.1199999520000192,13.0,0.22807017543859648,2,83.159,Australia,BOT
2,7.0,0.1599999360000256,14.0,0.24561403508771928,2,83.395,Australia,BOT
2,8.0,0.199999920000032,15.0,0.2631578947368421,2,83.329,Australia,BOT
2,11.0,0.3199998720000512,18.0,0.3157894736842105,2,82.609,Australia,BOT
2,12.0,0.3599998560000576,19.0,0.3333333333333333,2,82.597,Australia,BOT
2,13.0,0.399999840000064,20.0,0.3508771929824561,2,82.694,Australia,BOT
2,14.0,0.4399998240000704,21.0,0.3684210526315789,2,82.439,Australia,BOT
2,15.0,0.4799998080000768,22.0,0.38596491228070173,2,82.722,Australia,BOT
2,16.0,0.5199997920000832,23.0,0.40350877192982454,2,82.34,Australia,BOT
2,17.0,0.5599997760000897,24.0,0.42105263157894735,2,82.91,Australia,BOT
2,18.0,0.599999760000096,25.0,0.43859649122807015,2,82.551,Australia,BOT
2,19.0,0.6399997440001024,26.0,0.45614035087719296,2,83.067,Australia,BOT
2,20.0,0.6799997280001088,27.0,0.47368421052631576,2,82.934,Australia,BOT
2,21.0,0.7199997120001153,28.0,0.49122807017543857,2,82.948,Australia,BOT
2,22.0,0.7599996960001216,29.0,0.5087719298245614,2,82.835,Australia,BOT
2,23.0,0.799999680000128,30.0,0.5263157894736842,2,82.998,Australia,BOT
2,24.0,0.8399996640001344,31.0,0.543859649122807,2,83.01,Australia,BOT
2,25.0,0.8799996480001409,32.0,0.5614035087719298,2,82.897,Australia,BOT
2,26.0,0.9199996320001472,33.0,0.5789473684210527,2,82.851,Australia,BOT
2,27.0,0.9599996160001536,34.0,0.5964912280701754,2,86.453,Australia,BOT
2,28.0,0.99999960000016,35.0,0.6140350877192983,2,83.446,Australia,BOT
2,2.0,0.0,38.0,0.6666666666666666,3,81.755,Australia,BOT
2,3.0,0.058823494809708936,39.0,0.6842105263157895,3,81.646,Australia,BOT
2,4.0,0.11764698961941787,40.0,0.7017543859649122,3,81.533,Australia,BOT
2,5.0,0.1764704844291268,41.0,0.7192982456140351,3,82.008,Australia,BOT
2,6.0,0.23529397923883574,42.0,0.7368421052631579,3,85.18,Australia,BOT
2,7.0,0.29411747404854466,43.0,0.7543859649122807,3,82.889,Australia,BOT
2,8.0,0.3529409688582536,44.0,0.7719298245614035,3,83.241,Australia,BOT
2,9.0,0.41176446366796254,45.0,0.7894736842105263,3,81.711,Australia,BOT
2,10.0,0.4705879584776715,46.0,0.8070175438596491,3,81.554,Australia,BOT
2,11.0,0.5294114532873805,47.0,0.8245614035087719,3,81.583,Australia,BOT
2,12.0,0.5882349480970893,48.0,0.8421052631578947,3,81.422,Australia,BOT
2,13.0,0.6470584429067983,49.0,0.8596491228070176,3,81.457,Australia,BOT
2,14.0,0.7058819377165072,50.0,0.8771929824561403,3,83.898,Australia,BOT
2,15.0,0.7647054325262161,51.0,0.8947368421052632,3,81.649,Australia,BOT
2,16.0,0.8235289273359251,52.0,0.9122807017543859,3,82.056,Australia,BOT
2,17.0,0.882352422145634,53.0,0.9298245614035088,3,81.82,Australia,BOT
2,18.0,0.941175916955343,54.0,0.9473684210526315,3,82.029,Australia,BOT
2,19.0,0.9999994117650519,55.0,0.9649122807017544,3,82.01,Australia,BOT
1,2.0,0.0,2.0,0.03508771929824561,1,83.232,Australia,PIA
1,3.0,0.16666638888935187,3.0,0.05263157894736842,1,82.669,Australia,PIA
1,4.0,0.33333277777870374,4.0,0.07017543859649122,1,82.581,Australia,PIA
1,5.0,0.4999991666680556,5.0,0.08771929824561403,1,82.594,Australia,PIA
1,6.0,0.6666655555574075,6.0,0.10526315789473684,1,82.582,Australia,PIA
1,7.0,0.8333319444467593,7.0,0.12280701754385964,1,82.877,Australia,PIA
1,8.0,0.9999983333361112,8.0,0.14035087719298245,1,83.052,Australia,PIA
2,3.0,0.0,11.0,0.19298245614035087,2,82.728,Australia,PIA
2,4.0,0.03703702331962099,12.0,0.21052631578947367,2,82.948,Australia,PIA
2,5.0,0.07407404663924198,13.0,0.22807017543859648,2,82.426,Australia,PIA
2,6.0,0.11111106995886298,14.0,0.24561403508771928,2,81.968,Australia,PIA
2,7.0,0.14814809327848397,15.0,0.2631578947368421,2,81.961,Australia,PIA
2,8.0,0.18518511659810497,16.0,0.2807017543859649,2,82.015,Australia,PIA
2,11.0,0.29629618655696793,19.0,0.3333333333333333,2,81.871,Australia,PIA
2,12.0,0.33333320987658893,20.0,0.3508771929824561,2,82.085,Australia,PIA
2,13.0,0.37037023319620993,21.0,0.3684210526315789,2,81.923,Australia,PIA
2,14.0,0.40740725651583093,22.0,0.38596491228070173,2,82.013,Australia,PIA
2,15.0,0.4444442798354519,23.0,0.40350877192982454,2,81.817,Australia,PIA
2,16.0,0.4814813031550729,24.0,0.42105263157894735,2,81.83,Australia,PIA
2,17.0,0.5185183264746939,25.0,0.43859649122807015,2,81.597,Australia,PIA
2,18.0,0.5555553497943149,26.0,0.45614035087719296,2,82.243,Australia,PIA
2,19.0,0.5925923731139359,27.0,0.47368421052631576,2,82.287,Australia,PIA
2,20.0,0.6296293964335569,28.0,0.49122807017543857,2,82.204,Australia,PIA
2,21.0,0.6666664197531779,29.0,0.5087719298245614,2,83.479,Australia,PIA
2,22.0,0.7037034430727989,30.0,0.5263157894736842,2,82.52,Australia,PIA
2,23.0,0.7407404663924199,31.0,0.543859649122807,2,82.133,Australia,PIA
2,24.0,0.7777774897120409,32.0,0.5614035087719298,2,81.989,Australia,PIA
2,25.0,0.8148145130316619,33.0,0.5789473684210527,2,82.1,Australia,PIA
2,26.0,0.8518515363512829,34.0,0.5964912280701754,2,82.238,Australia,PIA
2,27.0,0.8888885596709039,35.0,0.6140350877192983,2,82.059,Australia,PIA
2,28.0,0.9259255829905249,36.0,0.631578947368421,2,82.047,Australia,PIA
2,29.0,0.9629626063101459,37.0,0.6491228070175439,2,81.89,Australia,PIA
2,30.0,0.9999996296297669,38.0,0.6666666666666666,2,85.203,Australia,PIA
2,3.0,0.0,41.0,0.7192982456140351,3,81.424,Australia,PIA
2,4.0,0.06666662222225185,42.0,0.7368421052631579,3,81.08,Australia,PIA
2,5.0,0.1333332444445037,43.0,0.7543859649122807,3,80.485,Australia,PIA
2,6.0,0.19999986666675557,44.0,0.7719298245614035,3,80.395,Australia,PIA
2,7.0,0.2666664888890074,45.0,0.7894736842105263,3,80.223,Australia,PIA
2,8.0,0.3333331111112593,46.0,0.8070175438596491,3,80.615,Australia,PIA
2,9.0,0.39999973333351113,47.0,0.8245614035087719,3,80.682,Australia,PIA
2,10.0,0.46666635555576297,48.0,0.8421052631578947,3,80.588,Australia,PIA
2,11.0,0.5333329777780148,49.0,0.8596491228070176,3,80.352,Australia,PIA
2,12.0,0.5999996000002666,50.0,0.8771929824561403,3,80.496,Australia,PIA
2,13.0,0.6666662222225186,51.0,0.8947368421052632,3,80.718,Australia,PIA
2,14.0,0.7333328444447704,52.0,0.9122807017543859,3,80.295,Australia,PIA
2,15.0,0.7999994666670223,53.0,0.9298245614035088,3,80.308,Australia,PIA
2,16.0,0.8666660888892741,54.0,0.9473684210526315,3,80.199,Australia,PIA
2,17.0,0.9333327111115259,55.0,0.9649122807017544,3,80.754,Australia,PIA
2,18.0,0.9999993333337778,56.0,0.9824561403508771,3,80.357,Australia,PIA
