compound_encoded,TyreLife,tyre_life_norm,LapNumber,lapnumber_norm,StintNumber,LapTimeSeconds,Race,Driver
1,2.0,0.0,2.0,0.03773584905660377,1,85.396,Monza,LEC
1,3.0,0.08333326388894677,3.0,0.05660377358490566,1,85.179,Monza,LEC
1,4.0,0.16666652777789354,4.0,0.07547169811320754,1,84.81,Monza,LEC
1,5.0,0.24999979166684028,5.0,0.09433962264150944,1,84.603,Monza,LEC
1,6.0,0.33333305555578707,6.0,0.11320754716981132,1,84.663,Monza,LEC
1,7.0,0.4166663194447338,7.0,0.1320754716981132,1,84.434,Monza,LEC
1,8.0,0.49999958333368055,8.0,0.1509433962264151,1,84.569,Monza,LEC
1,9.0,0.5833328472226273,9.0,0.16981132075471697,1,84.362,Monza,LEC
1,10.0,0.6666661111115741,10.0,0.18867924528301888,1,84.432,Monza,LEC
1,11.0,0.7499993750005208,11.0,0.20754716981132076,1,84.846,Monza,LEC
1,12.0,0.8333326388894676,12.0,0.22641509433962265,1,84.916,Monza,LEC
1,13.0,0.9166659027784144,13.0,0.24528301886792453,1,85.529,Monza,LEC
1,14.0,0.9999991666673611,14.0,0.2641509433962264,1,85.606,Monza,LEC
2,2.0,0.0,17.0,0.32075471698113206,2,84.27,Monza,LEC
2,3.0,0.027777770061730538,18.0,0.33962264150943394,2,83.875,Monza,LEC
2,4.0,0.055555540123461075,19.0,0.3584905660377358,2,84.203,Monza,LEC
2,5.0,0.0833333101851916,20.0,0.37735849056603776,2,83.826,Monza,LEC
2,6.0,0.11111108024692215,21.0,0.39622641509433965,2,83.88,Monza,LEC
2,7.0,0.13888885030865267,22.0,0.41509433962264153,2,83.768,Monza,LEC
2,8.0,0.1666666203703832,23.0,0.4339622641509434,2,83.864,Monza,LEC
2,9.0,0.19444439043211376,24.0,0.4528301886792453,2,83.64,Monza,LEC
2,10.0,0.2222221604938443,25.0,0.4716981132075472,2,83.59,Monza,LEC
2,11.0,0.24999993055557482,26.0,0.49056603773584906,2,83.321,Monza,LEC
2,12.0,0.27777770061730533,27.0,0.5094339622641509,2,83.534,Monza,LEC
2,13.0,0.3055554706790359,28.0,0.5283018867924528,2,83.284,Monza,LEC
2,14.0,0.3333332407407664,29.0,0.5471698113207547,2,83.229,Monza,LEC
2,15.0,0.36111101080249697,30.0,0.5660377358490566,2,83.359,Monza,LEC
2,16.0,0.3888887808642275,31.0,0.5849056603773585,2,83.972,Monza,LEC
2,17.0,0.41666655092595806,32.0,0.6037735849056604,2,83.274,Monza,LEC
2,18.0,0.4444443209876886,33.0,0.6226415094339622,2,83.226,Monza,LEC
2,19.0,0.4722220910494191,34.0,0.6415094339622641,2,83.43,Monza,LEC
2,20.0,0.49999986111114963,35.0,0.660377358490566,2,83.681,Monza,LEC
2,21.0,0.5277776311728802,36.0,0.6792452830188679,2,83.714,Monza,LEC
2,22.0,0.5555554012346107,37.0,0.6981132075471698,2,83.55,Monza,LEC
2,23.0,0.5833331712963412,38.0,0.7169811320754716,2,83.624,Monza,LEC
2,24.0,0.6111109413580718,39.0,0.7358490566037735,2,83.718,Monza,LEC
2,25.0,0.6388887114198023,40.0,0.7547169811320755,2,83.69,Monza,LEC
2,26.0,0.6666664814815328,41.0,0.7735849056603774,2,83.611,Monza,LEC
2,27.0,0.6944442515432634,42.0,0.7924528301886793,2,83.67,Monza,LEC
2,28.0,0.7222220216049939,43.0,0.8113207547169812,2,83.867,Monza,LEC
2,29.0,0.7499997916667245,44.0,0.8301886792452831,2,83.43,Monza,LEC
2,30.0,0.777777561728455,45.0,0.8490566037735849,2,83.731,Monza,LEC
2,31.0,0.8055553317901856,46.0,0.8679245283018868,2,83.597,Monza,LEC
2,32.0,0.8333331018519161,47.0,0.8867924528301887,2,83.676,Monza,LEC
2,33.0,0.8611108719136467,48.0,0.9056603773584906,2,83.518,Monza,LEC
2,34.0,0.8888886419753772,49.0,0.9245283018867925,2,83.467,Monza,LEC
2,35.0,0.9166664120371076,50.0,0.9433962264150944,2,83.461,Monza,LEC
2,36.0,0.9444441820988382,51.0,0.9622641509433962,2,83.555,Monza,LEC
2,37.0,0.9722219521605687,52.0,0.9811320754716981,2,83.75,Monza,LEC
2,38.0,0.9999997222222993,53.0,1.0,2,83.268,Monza,LEC
1,2.0,0.0,2.0,0.03773584905660377,1,85.116,Monza,PIA
1,3.0,0.07692301775152481,3.0,0.05660377358490566,1,85.261,Monza,PIA
1,4.0,0.15384603550304962,4.0,0.07547169811320754,1,84.695,Monza,PIA
1,5.0,0.23076905325457442,5.0,0.09433962264150944,1,84.66,Monza,PIA
1,6.0,0.30769207100609924,6.0,0.11320754716981132,1,84.603,Monza,PIA
1,7.0,0.38461508875762407,7.0,0.1320754716981132,1,84.418,Monza,PIA
1,8.0,0.46153810650914884,8.0,0.1509433962264151,1,84.57,Monza,PIA
1,9.0,0.5384611242606736,9.0,0.16981132075471697,1,84.375,Monza,PIA
1,10.0,0.6153841420121985,10.0,0.18867924528301888,1,84.077,Monza,PIA
1,11.0,0.6923071597637233,11.0,0.20754716981132076,1,84.247,Monza,PIA
1,12.0,0.7692301775152481,12.0,0.22641509433962265,1,84.748,Monza,PIA
1,13.0,0.8461531952667729,13.0,0.24528301886792453,1,84.67,Monza,PIA
1,14.0,0.9230762130182977,14.0,0.2641509433962264,1,85.048,Monza,PIA
1,15.0,0.9999992307698226,15.0,0.2830188679245283,1,85.166,Monza,PIA
2,2.0,0.0,18.0,0.33962264150943394,2,84.028,Monza,PIA
2,3.0,0.05263155124655198,19.0,0.3584905660377358,2,84.602,Monza,PIA
2,4.0,0.10526310249310396,20.0,0.37735849056603776,2,83.986,Monza,PIA
2,5.0,0.15789465373965592,21.0,0.39622641509433965,2,83.903,Monza,PIA
2,6.0,0.21052620498620792,22.0,0.41509433962264153,2,83.647,Monza,PIA
2,7.0,0.2631577562327599,23.0,0.4339622641509434,2,83.66,Monza,PIA
2,8.0,0.31578930747931183,24.0,0.4528301886792453,2,83.315,Monza,PIA
2,9.0,0.36842085872586383,25.0,0.4716981132075472,2,83.23,Monza,PIA
2,10.0,0.42105240997241583,26.0,0.49056603773584906,2,83.133,Monza,PIA
2,11.0,0.4736839612189678,27.0,0.5094339622641509,2,83.088,Monza,PIA
2,12.0,0.5263155124655198,28.0,0.5283018867924528,2,83.168,Monza,PIA
2,13.0,0.5789470637120717,29.0,0.5471698113207547,2,83.066,Monza,PIA
2,14.0,0.6315786149586237,30.0,0.5660377358490566,2,82.968,Monza,PIA
2,15.0,0.6842101662051757,31.0,0.5849056603773585,2,83.221,Monza,PIA
2,16.0,0.7368417174517277,32.0,0.6037735849056604,2,83.48,Monza,PIA
2,17.0,0.7894732686982796,33.0,0.6226415094339622,2,83.148,Monza,PIA
2,18.0,0.8421048199448317,34.0,0.6415094339622641,2,83.456,Monza,PIA
2,19.0,0.8947363711913836,35.0,0.660377358490566,2,83.409,Monza,PIA
2,20.0,0.9473679224379356,36.0,0.6792452830188679,2,83.746,Monza,PIA
2,21.0,0.9999994736844876,37.0,0.6981132075471698,2,83.691,Monza,PIA
2,2.0,0.0,40.0,0.7547169811320755,3,82.264,Monza,PIA
2,3.0,0.07692301775152481,41.0,0.7735849056603774,3,82.066,Monza,PIA
2,4.0,0.15384603550304962,42.0,0.7924528301886793,3,82.331,Monza,PIA
2,5.0,0.23076905325457442,43.0,0.8113207547169812,3,82.092,Monza,PIA
2,6.0,0.30769207100609924,44.0,0.8301886792452831,3,82.628,Monza,PIA
2,7.0,0.38461508875762407,45.0,0.8490566037735849,3,83.675,Monza,PIA
2,8.0,0.46153810650914884,46.0,0.8679245283018868,3,82.537,Monza,PIA
2,9.0,0.5384611242606736,47.0,0.8867924528301887,3,82.253,Monza,PIA
2,10.0,0.6153841420121985,48.0,0.9056603773584906,3,82.725,Monza,PIA
2,11.0,0.6923071597637233,49.0,0.9245283018867925,3,82.945,Monza,PIA
2,12.0,0.7692301775152481,50.0,0.9433962264150944,3,82.586,Monza,PIA
2,13.0,0.8461531952667729,51.0,0.9622641509433962,3,82.424,Monza,PIA
2,14.0,0.9230762130182977,52.0,0.9811320754716981,3,81.948,Monza,PIA
2,15.0,0.9999992307698226,53.0,1.0,3,81.943,Monza,PIA
1,2.0,0.0,2.0,0.03773584905660377,1,85.458,Monza,NOR
1,3.0,0.09090900826453795,3.0,0.05660377358490566,1,85.11,Monza,NOR
1,4.0,0.1818180165290759,4.0,0.07547169811320754,1,85.168,Monza,NOR
1,5.0,0.2727270247936138,5.0,0.09433962264150944,1,84.674,Monza,NOR
1,6.0,0.3636360330581518,6.0,0.11320754716981132,1,84.768,Monza,NOR
1,7.0,0.45454504132268975,7.0,0.1320754716981132,1,84.531,Monza,NOR
1,8.0,0.5454540495872277,8.0,0.1509433962264151,1,84.674,Monza,NOR
1,9.0,0.6363630578517656,9.0,0.16981132075471697,1,84.664,Monza,NOR
1,10.0,0.7272720661163036,10.0,0.18867924528301888,1,84.391,Monza,NOR
1,11.0,0.8181810743808415,11.0,0.20754716981132076,1,84.448,Monza,NOR
1,12.0,0.9090900826453795,12.0,0.22641509433962265,1,84.655,Monza,NOR
1,13.0,0.9999990909099173,13.0,0.24528301886792453,1,85.359,Monza,NOR
2,2.0,0.0,16.0,0.3018867924528302,2,84.154,Monza,NOR
2,3.0,0.06666662222225185,17.0,0.32075471698113206,2,85.585,Monza,NOR
2,4.0,0.1333332444445037,18.0,0.33962264150943394,2,83.92,Monza,NOR
2,5.0,0.19999986666675557,19.0,0.3584905660377358,2,84.152,Monza,NOR
2,6.0,0.2666664888890074,20.0,0.37735849056603776,2,83.882,Monza,NOR
2,7.0,0.3333331111112593,21.0,0.39622641509433965,2,83.753,Monza,NOR
2,8.0,0.39999973333351113,22.0,0.41509433962264153,2,83.652,Monza,NOR
2,9.0,0.46666635555576297,23.0,0.4339622641509434,2,83.581,Monza,NOR
2,10.0,0.5333329777780148,24.0,0.4528301886792453,2,83.601,Monza,NOR
2,11.0,0.5999996000002666,25.0,0.4716981132075472,2,83.321,Monza,NOR
2,12.0,0.6666662222225186,26.0,0.49056603773584906,2,83.469,Monza,NOR
2,13.0,0.7333328444447704,27.0,0.5094339622641509,2,83.267,Monza,NOR
2,14.0,0.7999994666670223,28.0,0.5283018867924528,2,83.067,Monza,NOR
2,15.0,0.8666660888892741,29.0,0.5471698113207547,2,83.3,Monza,NOR
2,16.0,0.9333327111115259,30.0,0.5660377358490566,2,83.614,Monza,NOR
2,17.0,0.9999993333337778,31.0,0.5849056603773585,2,84.94,Monza,NOR
2,2.0,0.0,34.0,0.6415094339622641,3,82.837,Monza,NOR
2,3.0,0.05263155124655198,35.0,0.660377358490566,3,83.137,Monza,NOR
2,4.0,0.10526310249310396,36.0,0.6792452830188679,3,83.114,Monza,NOR
2,5.0,0.15789465373965592,37.0,0.6981132075471698,3,83.178,Monza,NOR
2,6.0,0.21052620498620792,38.0,0.7169811320754716,3,83.133,Monza,NOR
2,7.0,0.2631577562327599,39.0,0.7358490566037735,3,83.061,Monza,NOR
2,8.0,0.31578930747931183,40.0,0.7547169811320755,3,84.162,Monza,NOR
2,9.0,0.36842085872586383,41.0,0.7735849056603774,3,82.234,Monza,NOR
2,10.0,0.42105240997241583,42.0,0.7924528301886793,3,82.678,Monza,NOR
2,11.0,0.4736839612189678,43.0,0.8113207547169812,3,82.25,Monza,NOR
2,12.0,0.5263155124655198,44.0,0.8301886792452831,3,82.403,Monza,NOR
2,13.0,0.5789470637120717,45.0,0.8490566037735849,3,82.398,Monza,NOR
2,14.0,0.6315786149586237,46.0,0.8679245283018868,3,82.041,Monza,NOR
2,15.0,0.6842101662051757,47.0,0.8867924528301887,3,83.852,Monza,NOR
2,16.0,0.7368417174517277,48.0,0.9056603773584906,3,81.824,Monza,NOR
2,17.0,0.7894732686982796,49.0,0.9245283018867925,3,82.436,Monza,NOR
2,18.0,0.8421048199448317,50.0,0.9433962264150944,3,83.266,Monza,NOR
2,19.0,0.8947363711913836,51.0,0.9622641509433962,3,82.269,Monza,NOR
2,20.0,0.9473679224379356,52.0,0.9811320754716981,3,82.302,Monza,NOR
2,21.0,0.9999994736844876,53.0,1.0,3,81.432,Monza,NOR
1,2.0,0.0,2.0,0.03773584905660377,1,85.731,Monza,SAI
1,3.0,0.06249996093752441,3.0,0.05660377358490566,1,85.358,Monza,SAI
1,4.0,0.12499992187504883,4.0,0.07547169811320754,1,85.086,Monza,SAI
1,5.0,0.18749988281257324,5.0,0.09433962264150944,1,85.006,Monza,SAI
1,6.0,0.24999984375009765,6.0,0.11320754716981132,1,84.642,Monza,SAI
1,7.0,0.31249980468762206,7.0,0.1320754716981132,1,84.715,Monza,SAI
1,8.0,0.3749997656251465,8.0,0.1509433962264151,1,84.87,Monza,SAI
1,9.0,0.4374997265626709,9.0,0.16981132075471697,1,84.774,Monza,SAI
1,10.0,0.4999996875001953,10.0,0.18867924528301888,1,84.684,Monza,SAI
1,11.0,0.5624996484377197,11.0,0.20754716981132076,1,85.066,Monza,SAI
1,12.0,0.6249996093752441,12.0,0.22641509433962265,1,85.276,Monza,SAI
1,13.0,0.6874995703127685,13.0,0.24528301886792453,1,85.423,Monza,SAI
1,14.0,0.749999531250293,14.0,0.2641509433962264,1,85.234,Monza,SAI
1,15.0,0.8124994921878174,15.0,0.2830188679245283,1,85.183,Monza,SAI
1,16.0,0.8749994531253418,16.0,0.3018867924528302,1,85.341,Monza,SAI
1,17.0,0.9374994140628662,17.0,0.32075471698113206,1,85.407,Monza,SAI
1,18.0,0.9999993750003906,18.0,0.33962264150943394,1,85.678,Monza,SAI
2,2.0,0.0,21.0,0.39622641509433965,2,84.499,Monza,SAI
2,3.0,0.03124999023437805,22.0,0.41509433962264153,2,84.226,Monza,SAI
2,4.0,0.0624999804687561,23.0,0.4339622641509434,2,84.557,Monza,SAI
2,5.0,0.09374997070313415,24.0,0.4528301886792453,2,83.682,Monza,SAI
2,6.0,0.1249999609375122,25.0,0.4716981132075472,2,83.687,Monza,SAI
2,7.0,0.15624995117189025,26.0,0.49056603773584906,2,83.503,Monza,SAI
2,8.0,0.1874999414062683,27.0,0.5094339622641509,2,83.503,Monza,SAI
2,9.0,0.21874993164064635,28.0,0.5283018867924528,2,83.751,Monza,SAI
2,10.0,0.2499999218750244,29.0,0.5471698113207547,2,83.473,Monza,SAI
2,11.0,0.2812499121094024,30.0,0.5660377358490566,2,83.584,Monza,SAI
2,12.0,0.3124999023437805,31.0,0.5849056603773585,2,83.33,Monza,SAI
2,13.0,0.3437498925781585,32.0,0.6037735849056604,2,83.354,Monza,SAI
2,14.0,0.3749998828125366,33.0,0.6226415094339622,2,83.412,Monza,SAI
2,15.0,0.4062498730469146,34.0,0.6415094339622641,2,83.285,Monza,SAI
2,16.0,0.4374998632812927,35.0,0.660377358490566,2,83.334,Monza,SAI
2,17.0,0.4687498535156707,36.0,0.6792452830188679,2,83.27,Monza,SAI
2,18.0,0.4999998437500488,37.0,0.6981132075471698,2,83.29,Monza,SAI
2,19.0,0.5312498339844268,38.0,0.7169811320754716,2,83.551,Monza,SAI
2,20.0,0.5624998242188048,39.0,0.7358490566037735,2,83.809,Monza,SAI
2,21.0,0.593749814453183,40.0,0.7547169811320755,2,83.803,Monza,SAI
2,22.0,0.624999804687561,41.0,0.7735849056603774,2,83.337,Monza,SAI
2,23.0,0.656249794921939,42.0,0.7924528301886793,2,83.838,Monza,SAI
2,24.0,0.687499785156317,43.0,0.8113207547169812,2,83.793,Monza,SAI
2,25.0,0.7187497753906951,44.0,0.8301886792452831,2,83.931,Monza,SAI
2,26.0,0.7499997656250732,45.0,0.8490566037735849,2,85.113,Monza,SAI
2,27.0,0.7812497558594512,46.0,0.8679245283018868,2,84.001,Monza,SAI
2,28.0,0.8124997460938292,47.0,0.8867924528301887,2,84.09,Monza,SAI
2,29.0,0.8437497363282073,48.0,0.9056603773584906,2,84.939,Monza,SAI
2,30.0,0.8749997265625854,49.0,0.9245283018867925,2,83.921,Monza,SAI
2,31.0,0.9062497167969634,50.0,0.9433962264150944,2,83.769,Monza,SAI
2,32.0,0.9374997070313414,51.0,0.9622641509433962,2,83.754,Monza,SAI
2,33.0,0.9687496972657195,52.0,0.9811320754716981,2,83.722,Monza,SAI
2,34.0,0.9999996875000976,53.0,1.0,2,83.219,Monza,SAI
1,2.0,0.0,2.0,0.03773584905660377,1,86.043,Monza,HAM
1,3.0,0.08333326388894677,3.0,0.05660377358490566,1,85.63,Monza,HAM
1,4.0,0.16666652777789354,4.0,0.07547169811320754,1,85.722,Monza,HAM
1,5.0,0.24999979166684028,5.0,0.09433962264150944,1,84.771,Monza,HAM
1,6.0,0.33333305555578707,6.0,0.11320754716981132,1,84.919,Monza,HAM
1,7.0,0.4166663194447338,7.0,0.1320754716981132,1,85.205,Monza,HAM
1,8.0,0.49999958333368055,8.0,0.1509433962264151,1,84.871,Monza,HAM
1,9.0,0.5833328472226273,9.0,0.16981132075471697,1,85.035,Monza,HAM
1,10.0,0.6666661111115741,10.0,0.18867924528301888,1,84.909,Monza,HAM
1,11.0,0.7499993750005208,11.0,0.20754716981132076,1,84.938,Monza,HAM
1,12.0,0.8333326388894676,12.0,0.22641509433962265,1,84.932,Monza,HAM
1,13.0,0.9166659027784144,13.0,0.24528301886792453,1,85.329,Monza,HAM
1,14.0,0.9999991666673611,14.0,0.2641509433962264,1,85.817,Monza,HAM
2,2.0,0.0,17.0,0.32075471698113206,2,84.843,Monza,HAM
2,3.0,0.05263155124655198,18.0,0.33962264150943394,2,84.831,Monza,HAM
2,4.0,0.10526310249310396,19.0,0.3584905660377358,2,84.649,Monza,HAM
2,5.0,0.15789465373965592,20.0,0.37735849056603776,2,84.64,Monza,HAM
2,6.0,0.21052620498620792,21.0,0.39622641509433965,2,84.915,Monza,HAM
2,7.0,0.2631577562327599,22.0,0.41509433962264153,2,84.613,Monza,HAM
2,8.0,0.31578930747931183,23.0,0.4339622641509434,2,84.132,Monza,HAM
2,9.0,0.36842085872586383,24.0,0.4528301886792453,2,83.818,Monza,HAM
2,10.0,0.42105240997241583,25.0,0.4716981132075472,2,83.804,Monza,HAM
2,11.0,0.4736839612189678,26.0,0.49056603773584906,2,83.673,Monza,HAM
2,12.0,0.5263155124655198,27.0,0.5094339622641509,2,83.495,Monza,HAM
2,13.0,0.5789470637120717,28.0,0.5283018867924528,2,83.64,Monza,HAM
2,14.0,0.6315786149586237,29.0,0.5471698113207547,2,83.507,Monza,HAM
2,15.0,0.6842101662051757,30.0,0.5660377358490566,2,83.445,Monza,HAM
2,16.0,0.7368417174517277,31.0,0.5849056603773585,2,83.36,Monza,HAM
2,17.0,0.7894732686982796,32.0,0.6037735849056604,2,83.328,Monza,HAM
2,18.0,0.8421048199448317,33.0,0.6226415094339622,2,83.397,Monza,HAM
2,19.0,0.8947363711913836,34.0,0.6415094339622641,2,83.531,Monza,HAM
2,20.0,0.9473679224379356,35.0,0.660377358490566,2,83.378,Monza,HAM
2,21.0,0.9999994736844876,36.0,0.6792452830188679,2,83.601,Monza,HAM
2,2.0,0.0,39.0,0.7358490566037735,3,82.968,Monza,HAM
2,3.0,0.0714285204081997,40.0,0.7547169811320755,3,83.012,Monza,HAM
2,4.0,0.1428570408163994,41.0,0.7735849056603774,3,82.927,Monza,HAM
2,5.0,0.21428556122459913,42.0,0.7924528301886793,3,82.52,Monza,HAM
2,6.0,0.2857140816327988,43.0,0.8113207547169812,3,82.396,Monza,HAM
2,7.0,0.35714260204099857,44.0,0.8301886792452831,3,82.136,Monza,HAM
2,8.0,0.42857112244919826,45.0,0.8490566037735849,3,82.176,Monza,HAM
2,9.0,0.49999964285739795,46.0,0.8679245283018868,3,82.307,Monza,HAM
2,10.0,0.5714281632655976,47.0,0.8867924528301887,3,82.471,Monza,HAM
2,11.0,0.6428566836737974,48.0,0.9056603773584906,3,82.794,Monza,HAM
2,12.0,0.7142852040819971,49.0,0.9245283018867925,3,82.446,Monza,HAM
2,13.0,0.7857137244901968,50.0,0.9433962264150944,3,82.243,Monza,HAM
2,14.0,0.8571422448983965,51.0,0.9622641509433962,3,82.737,Monza,HAM
2,15.0,0.9285707653065962,52.0,0.9811320754716981,3,85.703,Monza,HAM
2,16.0,0.9999992857147959,53.0,1.0,3,81.512,Monza,HAM
2,2.0,0.0,2.0,0.03773584905660377,1,86.17,Monza,VER
2,3.0,0.05263155124655198,3.0,0.05660377358490566,1,85.855,Monza,VER
2,4.0,0.10526310249310396,4.0,0.07547169811320754,1,85.633,Monza,VER
2,5.0,0.15789465373965592,5.0,0.09433962264150944,1,85.218,Monza,VER
2,6.0,0.21052620498620792,6.0,0.11320754716981132,1,85.096,Monza,VER
2,7.0,0.2631577562327599,7.0,0.1320754716981132,1,85.042,Monza,VER
2,8.0,0.31578930747931183,8.0,0.1509433962264151,1,84.918,Monza,VER
2,9.0,0.36842085872586383,9.0,0.16981132075471697,1,85.05,Monza,VER
2,10.0,0.42105240997241583,10.0,0.18867924528301888,1,84.964,Monza,VER
2,11.0,0.4736839612189678,11.0,0.20754716981132076,1,84.978,Monza,VER
2,12.0,0.5263155124655198,12.0,0.22641509433962265,1,84.968,Monza,VER
2,13.0,0.5789470637120717,13.0,0.24528301886792453,1,84.957,Monza,VER
2,14.0,0.6315786149586237,14.0,0.2641509433962264,1,85.287,Monza,VER
2,15.0,0.6842101662051757,15.0,0.2830188679245283,1,85.746,Monza,VER
2,16.0,0.7368417174517277,16.0,0.3018867924528302,1,85.244,Monza,VER
2,17.0,0.7894732686982796,17.0,0.32075471698113206,1,85.34,Monza,VER
2,18.0,0.8421048199448317,18.0,0.33962264150943394,1,85.469,Monza,VER
2,19.0,0.8947363711913836,19.0,0.3584905660377358,1,85.537,Monza,VER
2,20.0,0.9473679224379356,20.0,0.37735849056603776,1,85.559,Monza,VER
2,21.0,0.9999994736844876,21.0,0.39622641509433965,1,85.381,Monza,VER
2,2.0,0.0,24.0,0.4528301886792453,2,83.545,Monza,VER
2,3.0,0.06249996093752441,25.0,0.4716981132075472,2,83.801,Monza,VER
2,4.0,0.12499992187504883,26.0,0.49056603773584906,2,83.618,Monza,VER
2,5.0,0.18749988281257324,27.0,0.5094339622641509,2,83.524,Monza,VER
2,6.0,0.24999984375009765,28.0,0.5283018867924528,2,83.509,Monza,VER
2,7.0,0.31249980468762206,29.0,0.5471698113207547,2,83.452,Monza,VER
2,8.0,0.3749997656251465,30.0,0.5660377358490566,2,83.542,Monza,VER
2,9.0,0.4374997265626709,31.0,0.5849056603773585,2,83.424,Monza,VER
2,10.0,0.4999996875001953,32.0,0.6037735849056604,2,83.49,Monza,VER
2,11.0,0.5624996484377197,33.0,0.6226415094339622,2,83.621,Monza,VER
2,12.0,0.6249996093752441,34.0,0.6415094339622641,2,83.576,Monza,VER
2,13.0,0.6874995703127685,35.0,0.660377358490566,2,83.589,Monza,VER
2,14.0,0.749999531250293,36.0,0.6792452830188679,2,83.559,Monza,VER
2,15.0,0.8124994921878174,37.0,0.6981132075471698,2,83.485,Monza,VER
2,16.0,0.8749994531253418,38.0,0.7169811320754716,2,83.427,Monza,VER
2,17.0,0.9374994140628662,39.0,0.7358490566037735,2,83.501,Monza,VER
2,18.0,0.9999993750003906,40.0,0.7547169811320755,2,84.337,Monza,VER
1,2.0,0.0,43.0,0.8113207547169812,3,81.745,Monza,VER
1,3.0,0.0999999000001,44.0,0.8301886792452831,3,83.045,Monza,VER
1,4.0,0.1999998000002,45.0,0.8490566037735849,3,83.363,Monza,VER
1,5.0,0.2999997000003,46.0,0.8679245283018868,3,82.941,Monza,VER
1,6.0,0.3999996000004,47.0,0.8867924528301887,3,82.52,Monza,VER
1,7.0,0.49999950000050003,48.0,0.9056603773584906,3,82.57,Monza,VER
1,8.0,0.5999994000006,49.0,0.9245283018867925,3,82.584,Monza,VER
1,9.0,0.6999993000007,50.0,0.9433962264150944,3,82.585,Monza,VER
1,10.0,0.7999992000008,51.0,0.9622641509433962,3,82.574,Monza,VER
1,11.0,0.8999991000009,52.0,0.9811320754716981,3,82.92,Monza,VER
1,12.0,0.9999990000010001,53.0,1.0,3,83.711,Monza,VER
1,2.0,0.0,2.0,0.03773584905660377,1,86.055,Monza,RUS
1,3.0,0.12499984375019532,3.0,0.05660377358490566,1,85.733,Monza,RUS
1,4.0,0.24999968750039064,4.0,0.07547169811320754,1,85.762,Monza,RUS
1,5.0,0.37499953125058594,5.0,0.09433962264150944,1,85.494,Monza,RUS
1,6.0,0.4999993750007813,6.0,0.11320754716981132,1,85.101,Monza,RUS
1,7.0,0.6249992187509766,7.0,0.1320754716981132,1,85.046,Monza,RUS
1,8.0,0.7499990625011719,8.0,0.1509433962264151,1,85.216,Monza,RUS
1,9.0,0.8749989062513672,9.0,0.16981132075471697,1,85.115,Monza,RUS
1,10.0,0.9999987500015626,10.0,0.18867924528301888,1,85.468,Monza,RUS
2,2.0,0.0,13.0,0.24528301886792453,2,84.546,Monza,RUS
2,3.0,0.05263155124655198,14.0,0.2641509433962264,2,84.548,Monza,RUS
2,4.0,0.10526310249310396,15.0,0.2830188679245283,2,84.56,Monza,RUS
2,5.0,0.15789465373965592,16.0,0.3018867924528302,2,84.692,Monza,RUS
2,6.0,0.21052620498620792,17.0,0.32075471698113206,2,84.546,Monza,RUS
2,7.0,0.2631577562327599,18.0,0.33962264150943394,2,84.521,Monza,RUS
2,8.0,0.31578930747931183,19.0,0.3584905660377358,2,84.706,Monza,RUS
2,9.0,0.36842085872586383,20.0,0.37735849056603776,2,85.504,Monza,RUS
2,10.0,0.42105240997241583,21.0,0.39622641509433965,2,84.626,Monza,RUS
2,11.0,0.4736839612189678,22.0,0.41509433962264153,2,84.711,Monza,RUS
2,12.0,0.5263155124655198,23.0,0.4339622641509434,2,84.624,Monza,RUS
2,13.0,0.5789470637120717,24.0,0.4528301886792453,2,84.621,Monza,RUS
2,14.0,0.6315786149586237,25.0,0.4716981132075472,2,85.174,Monza,RUS
2,15.0,0.6842101662051757,26.0,0.49056603773584906,2,83.575,Monza,RUS
2,16.0,0.7368417174517277,27.0,0.5094339622641509,2,83.732,Monza,RUS
2,17.0,0.7894732686982796,28.0,0.5283018867924528,2,83.383,Monza,RUS
2,18.0,0.8421048199448317,29.0,0.5471698113207547,2,83.516,Monza,RUS
2,19.0,0.8947363711913836,30.0,0.5660377358490566,2,83.177,Monza,RUS
2,20.0,0.9473679224379356,31.0,0.5849056603773585,2,85.331,Monza,RUS
2,21.0,0.9999994736844876,32.0,0.6037735849056604,2,83.542,Monza,RUS
2,2.0,0.0,35.0,0.660377358490566,3,82.944,Monza,RUS
2,3.0,0.055555524691375174,36.0,0.6792452830188679,3,83.333,Monza,RUS
2,4.0,0.11111104938275035,37.0,0.6981132075471698,3,83.158,Monza,RUS
2,5.0,0.16666657407412552,38.0,0.7169811320754716,3,85.166,Monza,RUS
2,6.0,0.2222220987655007,39.0,0.7358490566037735,3,83.142,Monza,RUS
2,7.0,0.27777762345687584,40.0,0.7547169811320755,3,82.886,Monza,RUS
2,8.0,0.33333314814825105,41.0,0.7735849056603774,3,84.039,Monza,RUS
2,9.0,0.3888886728396262,42.0,0.7924528301886793,3,82.799,Monza,RUS
2,10.0,0.4444441975310014,43.0,0.8113207547169812,3,82.939,Monza,RUS
2,11.0,0.49999972222237654,44.0,0.8301886792452831,3,82.923,Monza,RUS
2,12.0,0.5555552469137517,45.0,0.8490566037735849,3,82.685,Monza,RUS
2,13.0,0.611110771605127,46.0,0.8679245283018868,3,82.419,Monza,RUS
2,14.0,0.6666662962965021,47.0,0.8867924528301887,3,82.343,Monza,RUS
2,15.0,0.7222218209878772,48.0,0.9056603773584906,3,82.165,Monza,RUS
2,16.0,0.7777773456792524,49.0,0.9245283018867925,3,82.036,Monza,RUS
2,17.0,0.8333328703706276,50.0,0.9433962264150944,3,82.156,Monza,RUS
2,18.0,0.8888883950620028,51.0,0.9622641509433962,3,82.311,Monza,RUS
2,19.0,0.9444439197533779,52.0,0.9811320754716981,3,82.447,Monza,RUS
2,20.0,0.9999994444447531,53.0,1.0,3,82.7,Monza,RUS
2,2.0,0.0,2.0,0.03773584905660377,1,86.411,Monza,PER
2,3.0,0.0499999750000125,3.0,0.05660377358490566,1,85.757,Monza,PER
2,4.0,0.099999950000025,4.0,0.07547169811320754,1,85.805,Monza,PER
2,5.0,0.1499999250000375,5.0,0.09433962264150944,1,85.447,Monza,PER
2,6.0,0.19999990000005,6.0,0.11320754716981132,1,85.105,Monza,PER
2,7.0,0.24999987500006252,7.0,0.1320754716981132,1,85.434,Monza,PER
2,8.0,0.299999850000075,8.0,0.1509433962264151,1,85.186,Monza,PER
2,9.0,0.3499998250000875,9.0,0.16981132075471697,1,84.977,Monza,PER
2,10.0,0.3999998000001,10.0,0.18867924528301888,1,84.841,Monza,PER
2,11.0,0.4499997750001125,11.0,0.20754716981132076,1,84.773,Monza,PER
2,12.0,0.49999975000012503,12.0,0.22641509433962265,1,84.654,Monza,PER
2,13.0,0.5499997250001375,13.0,0.24528301886792453,1,85.041,Monza,PER
2,14.0,0.59999970000015,14.0,0.2641509433962264,1,85.229,Monza,PER
2,15.0,0.6499996750001625,15.0,0.2830188679245283,1,85.543,Monza,PER
2,16.0,0.699999650000175,16.0,0.3018867924528302,1,85.434,Monza,PER
2,17.0,0.7499996250001875,17.0,0.32075471698113206,1,85.444,Monza,PER
2,18.0,0.7999996000002,18.0,0.33962264150943394,1,85.448,Monza,PER
2,19.0,0.8499995750002125,19.0,0.3584905660377358,1,85.683,Monza,PER
2,20.0,0.899999550000225,20.0,0.37735849056603776,1,86.111,Monza,PER
2,21.0,0.9499995250002375,21.0,0.39622641509433965,1,85.864,Monza,PER
2,22.0,0.9999995000002501,22.0,0.41509433962264153,1,85.709,Monza,PER
2,2.0,0.0,25.0,0.4716981132075472,2,84.109,Monza,PER
2,3.0,0.11111098765445816,26.0,0.49056603773584906,2,83.975,Monza,PER
2,4.0,0.22222197530891633,27.0,0.5094339622641509,2,83.784,Monza,PER
2,5.0,0.3333329629633745,28.0,0.5283018867924528,2,83.598,Monza,PER
2,6.0,0.44444395061783265,29.0,0.5471698113207547,2,83.854,Monza,PER
2,7.0,0.5555549382722909,30.0,0.5660377358490566,2,83.474,Monza,PER
2,8.0,0.666665925926749,31.0,0.5849056603773585,2,85.086,Monza,PER
2,9.0,0.7777769135812072,32.0,0.6037735849056604,2,83.825,Monza,PER
2,10.0,0.8888879012356653,33.0,0.6226415094339622,2,83.473,Monza,PER
2,11.0,0.9999988888901234,34.0,0.6415094339622641,2,83.611,Monza,PER
1,2.0,0.0,37.0,0.6981132075471698,3,83.291,Monza,PER
1,3.0,0.06249996093752441,38.0,0.7169811320754716,3,86.243,Monza,PER
1,4.0,0.12499992187504883,39.0,0.7358490566037735,3,83.707,Monza,PER
1,5.0,0.18749988281257324,40.0,0.7547169811320755,3,83.393,Monza,PER
1,6.0,0.24999984375009765,41.0,0.7735849056603774,3,83.267,Monza,PER
1,7.0,0.31249980468762206,42.0,0.7924528301886793,3,83.908,Monza,PER
1,8.0,0.3749997656251465,43.0,0.8113207547169812,3,84.537,Monza,PER
1,9.0,0.4374997265626709,44.0,0.8301886792452831,3,83.617,Monza,PER
1,10.0,0.4999996875001953,45.0,0.8490566037735849,3,83.033,Monza,PER
1,11.0,0.5624996484377197,46.0,0.8679245283018868,3,82.996,Monza,PER
1,12.0,0.6249996093752441,47.0,0.8867924528301887,3,82.971,Monza,PER
1,13.0,0.6874995703127685,48.0,0.9056603773584906,3,83.315,Monza,PER
1,14.0,0.749999531250293,49.0,0.9245283018867925,3,83.612,Monza,PER
1,15.0,0.8124994921878174,50.0,0.9433962264150944,3,83.39,Monza,PER
1,16.0,0.8749994531253418,51.0,0.9622641509433962,3,83.415,Monza,PER
1,17.0,0.9374994140628662,52.0,0.9811320754716981,3,84.071,Monza,PER
1,18.0,0.9999993750003906,53.0,1.0,3,84.511,Monza,PER
1,2.0,0.0,2.0,0.03773584905660377,1,87.011,Monza,ALB
1,3.0,0.0714285204081997,3.0,0.05660377358490566,1,86.282,Monza,ALB
1,4.0,0.1428570408163994,4.0,0.07547169811320754,1,86.527,Monza,ALB
1,5.0,0.21428556122459913,5.0,0.09433962264150944,1,86.039,Monza,ALB
1,6.0,0.2857140816327988,6.0,0.11320754716981132,1,85.946,Monza,ALB
1,7.0,0.35714260204099857,7.0,0.1320754716981132,1,85.99,Monza,ALB
1,8.0,0.42857112244919826,8.0,0.1509433962264151,1,85.963,Monza,ALB
1,9.0,0.49999964285739795,9.0,0.16981132075471697,1,85.666,Monza,ALB
1,10.0,0.5714281632655976,10.0,0.18867924528301888,1,85.711,Monza,ALB
1,11.0,0.6428566836737974,11.0,0.20754716981132076,1,85.734,Monza,ALB
1,12.0,0.7142852040819971,12.0,0.22641509433962265,1,85.468,Monza,ALB
1,13.0,0.7857137244901968,13.0,0.24528301886792453,1,85.533,Monza,ALB
1,14.0,0.8571422448983965,14.0,0.2641509433962264,1,86.14,Monza,ALB
1,15.0,0.9285707653065962,15.0,0.2830188679245283,1,86.463,Monza,ALB
1,16.0,0.9999992857147959,16.0,0.3018867924528302,1,86.454,Monza,ALB
2,2.0,0.0,19.0,0.3584905660377358,2,85.254,Monza,ALB
2,3.0,0.029411756055365862,20.0,0.37735849056603776,2,85.074,Monza,ALB
2,4.0,0.058823512110731724,21.0,0.39622641509433965,2,84.86,Monza,ALB
2,5.0,0.08823526816609759,22.0,0.41509433962264153,2,85.053,Monza,ALB
2,6.0,0.11764702422146345,23.0,0.4339622641509434,2,85.132,Monza,ALB
2,7.0,0.1470587802768293,24.0,0.4528301886792453,2,85.196,Monza,ALB
2,8.0,0.17647053633219517,25.0,0.4716981132075472,2,84.707,Monza,ALB
2,9.0,0.20588229238756103,26.0,0.49056603773584906,2,85.065,Monza,ALB
2,10.0,0.2352940484429269,27.0,0.5094339622641509,2,84.949,Monza,ALB
2,11.0,0.2647058044982928,28.0,0.5283018867924528,2,84.793,Monza,ALB
2,12.0,0.2941175605536586,29.0,0.5471698113207547,2,84.871,Monza,ALB
2,13.0,0.3235293166090245,30.0,0.5660377358490566,2,84.754,Monza,ALB
2,14.0,0.35294107266439034,31.0,0.5849056603773585,2,85.229,Monza,ALB
2,15.0,0.38235282871975623,32.0,0.6037735849056604,2,84.412,Monza,ALB
2,16.0,0.41176458477512207,33.0,0.6226415094339622,2,86.282,Monza,ALB
2,17.0,0.44117634083048796,34.0,0.6415094339622641,2,85.57,Monza,ALB
2,18.0,0.4705880968858538,35.0,0.660377358490566,2,84.994,Monza,ALB
2,19.0,0.4999998529412197,36.0,0.6792452830188679,2,84.748,Monza,ALB
2,20.0,0.5294116089965856,37.0,0.6981132075471698,2,85.882,Monza,ALB
2,21.0,0.5588233650519514,38.0,0.7169811320754716,2,85.214,Monza,ALB
2,22.0,0.5882351211073172,39.0,0.7358490566037735,2,84.971,Monza,ALB
2,23.0,0.6176468771626832,40.0,0.7547169811320755,2,84.552,Monza,ALB
2,24.0,0.647058633218049,41.0,0.7735849056603774,2,84.372,Monza,ALB
2,25.0,0.6764703892734149,42.0,0.7924528301886793,2,84.874,Monza,ALB
2,26.0,0.7058821453287807,43.0,0.8113207547169812,2,84.669,Monza,ALB
2,27.0,0.7352939013841466,44.0,0.8301886792452831,2,84.678,Monza,ALB
2,28.0,0.7647056574395125,45.0,0.8490566037735849,2,84.569,Monza,ALB
2,29.0,0.7941174134948783,46.0,0.8679245283018868,2,84.554,Monza,ALB
2,30.0,0.8235291695502441,47.0,0.8867924528301887,2,84.383,Monza,ALB
2,31.0,0.8529409256056101,48.0,0.9056603773584906,2,84.149,Monza,ALB
2,32.0,0.8823526816609759,49.0,0.9245283018867925,2,84.262,Monza,ALB
2,33.0,0.9117644377163417,50.0,0.9433962264150944,2,83.956,Monza,ALB
2,34.0,0.9411761937717076,51.0,0.9622641509433962,2,83.921,Monza,ALB
2,35.0,0.9705879498270735,52.0,0.9811320754716981,2,83.955,Monza,ALB
2,36.0,0.9999997058824394,53.0,1.0,2,83.918,Monza,ALB
1,2.0,0.0,2.0,0.03773584905660377,1,87.205,Monza,MAG
1,3.0,0.09090900826453795,3.0,0.05660377358490566,1,86.584,Monza,MAG
1,4.0,0.1818180165290759,4.0,0.07547169811320754,1,86.372,Monza,MAG
1,5.0,0.2727270247936138,5.0,0.09433962264150944,1,86.142,Monza,MAG
1,6.0,0.3636360330581518,6.0,0.11320754716981132,1,85.902,Monza,MAG
1,7.0,0.45454504132268975,7.0,0.1320754716981132,1,85.825,Monza,MAG
1,8.0,0.5454540495872277,8.0,0.1509433962264151,1,85.966,Monza,MAG
1,9.0,0.6363630578517656,9.0,0.16981132075471697,1,85.785,Monza,MAG
1,10.0,0.7272720661163036,10.0,0.18867924528301888,1,85.799,Monza,MAG
1,11.0,0.8181810743808415,11.0,0.20754716981132076,1,86.04,Monza,MAG
1,12.0,0.9090900826453795,12.0,0.22641509433962265,1,86.145,Monza,MAG
1,13.0,0.9999990909099173,13.0,0.24528301886792453,1,86.286,Monza,MAG
2,2.0,0.0,16.0,0.3018867924528302,2,85.644,Monza,MAG
2,3.0,0.0270270197224271,17.0,0.32075471698113206,2,84.769,Monza,MAG
2,4.0,0.0540540394448542,18.0,0.33962264150943394,2,86.533,Monza,MAG
2,5.0,0.0810810591672813,19.0,0.3584905660377358,2,85.109,Monza,MAG
2,6.0,0.1081080788897084,20.0,0.37735849056603776,2,85.154,Monza,MAG
2,7.0,0.1351350986121355,21.0,0.39622641509433965,2,84.793,Monza,MAG
2,8.0,0.1621621183345626,22.0,0.41509433962264153,2,85.071,Monza,MAG
2,9.0,0.1891891380569897,23.0,0.4339622641509434,2,85.057,Monza,MAG
2,10.0,0.2162161577794168,24.0,0.4528301886792453,2,85.131,Monza,MAG
2,11.0,0.2432431775018439,25.0,0.4716981132075472,2,85.504,Monza,MAG
2,12.0,0.270270197224271,26.0,0.49056603773584906,2,85.199,Monza,MAG
2,13.0,0.2972972169466981,27.0,0.5094339622641509,2,84.64,Monza,MAG
2,14.0,0.3243242366691252,28.0,0.5283018867924528,2,84.415,Monza,MAG
2,15.0,0.3513512563915523,29.0,0.5471698113207547,2,84.799,Monza,MAG
2,16.0,0.3783782761139794,30.0,0.5660377358490566,2,84.573,Monza,MAG
2,17.0,0.4054052958364065,31.0,0.5849056603773585,2,84.458,Monza,MAG
2,18.0,0.4324323155588336,32.0,0.6037735849056604,2,84.408,Monza,MAG
2,19.0,0.4594593352812607,33.0,0.6226415094339622,2,84.853,Monza,MAG
2,20.0,0.4864863550036878,34.0,0.6415094339622641,2,84.702,Monza,MAG
2,21.0,0.5135133747261149,35.0,0.660377358490566,2,84.17,Monza,MAG
2,22.0,0.540540394448542,36.0,0.6792452830188679,2,84.276,Monza,MAG
2,23.0,0.5675674141709691,37.0,0.6981132075471698,2,83.95,Monza,MAG
2,24.0,0.5945944338933962,38.0,0.7169811320754716,2,84.803,Monza,MAG
2,25.0,0.6216214536158233,39.0,0.7358490566037735,2,84.463,Monza,MAG
2,26.0,0.6486484733382504,40.0,0.7547169811320755,2,84.282,Monza,MAG
2,27.0,0.6756754930606775,41.0,0.7735849056603774,2,84.625,Monza,MAG
2,28.0,0.7027025127831046,42.0,0.7924528301886793,2,84.628,Monza,MAG
2,29.0,0.7297295325055317,43.0,0.8113207547169812,2,84.605,Monza,MAG
2,30.0,0.7567565522279588,44.0,0.8301886792452831,2,85.205,Monza,MAG
2,31.0,0.7837835719503858,45.0,0.8490566037735849,2,84.272,Monza,MAG
2,32.0,0.810810591672813,46.0,0.8679245283018868,2,84.124,Monza,MAG
2,33.0,0.83783761139524,47.0,0.8867924528301887,2,83.971,Monza,MAG
2,34.0,0.8648646311176672,48.0,0.9056603773584906,2,83.741,Monza,MAG
2,35.0,0.8918916508400943,49.0,0.9245283018867925,2,83.708,Monza,MAG
2,36.0,0.9189186705625214,50.0,0.9433962264150944,2,83.603,Monza,MAG
2,37.0,0.9459456902849485,51.0,0.9622641509433962,2,83.437,Monza,MAG
2,38.0,0.9729727100073756,52.0,0.9811320754716981,2,83.691,Monza,MAG
2,39.0,0.9999997297298027,53.0,1.0,2,83.715,Monza,MAG
1,3.0,0.0,2.0,0.03773584905660377,1,87.236,Monza,ALO
1,4.0,0.11111098765445816,3.0,0.05660377358490566,1,86.41,Monza,ALO
1,5.0,0.22222197530891633,4.0,0.07547169811320754,1,86.411,Monza,ALO
1,6.0,0.3333329629633745,5.0,0.09433962264150944,1,86.218,Monza,ALO
1,7.0,0.44444395061783265,6.0,0.11320754716981132,1,85.911,Monza,ALO
1,8.0,0.5555549382722909,7.0,0.1320754716981132,1,85.95,Monza,ALO
1,9.0,0.666665925926749,8.0,0.1509433962264151,1,85.693,Monza,ALO
1,10.0,0.7777769135812072,9.0,0.16981132075471697,1,85.969,Monza,ALO
1,11.0,0.8888879012356653,10.0,0.18867924528301888,1,85.832,Monza,ALO
1,12.0,0.9999988888901234,11.0,0.20754716981132076,1,85.758,Monza,ALO
2,3.0,0.0,14.0,0.2641509433962264,2,85.832,Monza,ALO
2,4.0,0.0499999750000125,15.0,0.2830188679245283,2,84.67,Monza,ALO
2,5.0,0.099999950000025,16.0,0.3018867924528302,2,84.614,Monza,ALO
2,6.0,0.1499999250000375,17.0,0.32075471698113206,2,84.574,Monza,ALO
2,7.0,0.19999990000005,18.0,0.33962264150943394,2,84.882,Monza,ALO
2,8.0,0.24999987500006252,19.0,0.3584905660377358,2,85.314,Monza,ALO
2,9.0,0.299999850000075,20.0,0.37735849056603776,2,85.676,Monza,ALO
2,10.0,0.3499998250000875,21.0,0.39622641509433965,2,85.297,Monza,ALO
2,11.0,0.3999998000001,22.0,0.41509433962264153,2,85.451,Monza,ALO
2,12.0,0.4499997750001125,23.0,0.4339622641509434,2,85.017,Monza,ALO
2,13.0,0.49999975000012503,24.0,0.4528301886792453,2,84.588,Monza,ALO
2,14.0,0.5499997250001375,25.0,0.4716981132075472,2,84.504,Monza,ALO
2,15.0,0.59999970000015,26.0,0.49056603773584906,2,84.937,Monza,ALO
2,16.0,0.6499996750001625,27.0,0.5094339622641509,2,84.891,Monza,ALO
2,17.0,0.699999650000175,28.0,0.5283018867924528,2,84.725,Monza,ALO
2,18.0,0.7499996250001875,29.0,0.5471698113207547,2,85.011,Monza,ALO
2,19.0,0.7999996000002,30.0,0.5660377358490566,2,85.039,Monza,ALO
2,20.0,0.8499995750002125,31.0,0.5849056603773585,2,85.128,Monza,ALO
2,21.0,0.899999550000225,32.0,0.6037735849056604,2,85.099,Monza,ALO
2,22.0,0.9499995250002375,33.0,0.6226415094339622,2,85.289,Monza,ALO
2,23.0,0.9999995000002501,34.0,0.6415094339622641,2,85.083,Monza,ALO
2,4.0,0.0,37.0,0.6981132075471698,3,83.703,Monza,ALO
2,5.0,0.06249996093752441,38.0,0.7169811320754716,3,83.847,Monza,ALO
2,6.0,0.12499992187504883,39.0,0.7358490566037735,3,83.77,Monza,ALO
2,7.0,0.18749988281257324,40.0,0.7547169811320755,3,83.683,Monza,ALO
2,8.0,0.24999984375009765,41.0,0.7735849056603774,3,83.822,Monza,ALO
2,9.0,0.31249980468762206,42.0,0.7924528301886793,3,83.637,Monza,ALO
2,10.0,0.3749997656251465,43.0,0.8113207547169812,3,83.681,Monza,ALO
2,11.0,0.4374997265626709,44.0,0.8301886792452831,3,83.529,Monza,ALO
2,12.0,0.4999996875001953,45.0,0.8490566037735849,3,83.484,Monza,ALO
2,13.0,0.5624996484377197,46.0,0.8679245283018868,3,82.944,Monza,ALO
2,14.0,0.6249996093752441,47.0,0.8867924528301887,3,83.221,Monza,ALO
2,15.0,0.6874995703127685,48.0,0.9056603773584906,3,83.245,Monza,ALO
2,16.0,0.749999531250293,49.0,0.9245283018867925,3,83.525,Monza,ALO
2,17.0,0.8124994921878174,50.0,0.9433962264150944,3,83.511,Monza,ALO
2,18.0,0.8749994531253418,51.0,0.9622641509433962,3,83.468,Monza,ALO
2,19.0,0.9374994140628662,52.0,0.9811320754716981,3,83.761,Monza,ALO
2,20.0,0.9999993750003906,53.0,1.0,3,83.686,Monza,ALO
1,2.0,0.0,2.0,0.03773584905660377,1,87.845,Monza,COL
1,3.0,0.07692301775152481,3.0,0.05660377358490566,1,86.578,Monza,COL
1,4.0,0.15384603550304962,4.0,0.07547169811320754,1,86.25,Monza,COL
1,5.0,0.23076905325457442,5.0,0.09433962264150944,1,87.151,Monza,COL
1,6.0,0.30769207100609924,6.0,0.11320754716981132,1,86.057,Monza,COL
1,7.0,0.38461508875762407,7.0,0.1320754716981132,1,87.204,Monza,COL
1,8.0,0.46153810650914884,8.0,0.1509433962264151,1,86.385,Monza,COL
1,9.0,0.5384611242606736,9.0,0.16981132075471697,1,86.222,Monza,COL
1,10.0,0.6153841420121985,10.0,0.18867924528301888,1,86.289,Monza,COL
1,11.0,0.6923071597637233,11.0,0.20754716981132076,1,86.607,Monza,COL
1,12.0,0.7692301775152481,12.0,0.22641509433962265,1,86.5,Monza,COL
1,13.0,0.8461531952667729,13.0,0.24528301886792453,1,86.41,Monza,COL
1,14.0,0.9230762130182977,14.0,0.2641509433962264,1,86.93,Monza,COL
1,15.0,0.9999992307698226,15.0,0.2830188679245283,1,86.672,Monza,COL
2,2.0,0.0,18.0,0.33962264150943394,2,84.485,Monza,COL
2,3.0,0.028571420408165595,19.0,0.3584905660377358,2,84.928,Monza,COL
2,4.0,0.05714284081633119,20.0,0.37735849056603776,2,85.148,Monza,COL
2,5.0,0.08571426122449678,21.0,0.39622641509433965,2,84.784,Monza,COL
2,6.0,0.11428568163266238,22.0,0.41509433962264153,2,84.852,Monza,COL
2,7.0,0.14285710204082797,23.0,0.4339622641509434,2,84.649,Monza,COL
2,8.0,0.17142852244899356,24.0,0.4528301886792453,2,84.635,Monza,COL
2,9.0,0.19999994285715916,25.0,0.4716981132075472,2,84.916,Monza,COL
2,10.0,0.22857136326532476,26.0,0.49056603773584906,2,84.639,Monza,COL
2,11.0,0.25714278367349036,27.0,0.5094339622641509,2,84.497,Monza,COL
2,12.0,0.28571420408165593,28.0,0.5283018867924528,2,85.005,Monza,COL
2,13.0,0.31428562448982156,29.0,0.5471698113207547,2,85.634,Monza,COL
2,14.0,0.34285704489798713,30.0,0.5660377358490566,2,85.412,Monza,COL
2,15.0,0.37142846530615276,31.0,0.5849056603773585,2,85.586,Monza,COL
2,16.0,0.3999998857143183,32.0,0.6037735849056604,2,85.433,Monza,COL
2,17.0,0.42857130612248395,33.0,0.6226415094339622,2,84.868,Monza,COL
2,18.0,0.4571427265306495,34.0,0.6415094339622641,2,84.921,Monza,COL
2,19.0,0.4857141469388151,35.0,0.660377358490566,2,84.798,Monza,COL
2,20.0,0.5142855673469807,36.0,0.6792452830188679,2,84.84,Monza,COL
2,21.0,0.5428569877551463,37.0,0.6981132075471698,2,85.345,Monza,COL
2,22.0,0.5714284081633119,38.0,0.7169811320754716,2,85.194,Monza,COL
2,23.0,0.5999998285714775,39.0,0.7358490566037735,2,85.128,Monza,COL
2,24.0,0.6285712489796431,40.0,0.7547169811320755,2,85.147,Monza,COL
2,25.0,0.6571426693878087,41.0,0.7735849056603774,2,84.801,Monza,COL
2,26.0,0.6857140897959743,42.0,0.7924528301886793,2,84.62,Monza,COL
2,27.0,0.7142855102041399,43.0,0.8113207547169812,2,85.979,Monza,COL
2,28.0,0.7428569306123055,44.0,0.8301886792452831,2,85.161,Monza,COL
2,29.0,0.771428351020471,45.0,0.8490566037735849,2,84.812,Monza,COL
2,30.0,0.7999997714286367,46.0,0.8679245283018868,2,84.939,Monza,COL
2,31.0,0.8285711918368023,47.0,0.8867924528301887,2,84.697,Monza,COL
2,32.0,0.8571426122449679,48.0,0.9056603773584906,2,84.538,Monza,COL
2,33.0,0.8857140326531334,49.0,0.9245283018867925,2,84.474,Monza,COL
2,34.0,0.914285453061299,50.0,0.9433962264150944,2,84.3,Monza,COL
2,35.0,0.9428568734694647,51.0,0.9622641509433962,2,84.186,Monza,COL
2,36.0,0.9714282938776302,52.0,0.9811320754716981,2,84.429,Monza,COL
2,37.0,0.9999997142857958,53.0,1.0,2,83.728,Monza,COL
1,2.0,0.0,2.0,0.03773584905660377,1,87.177,Monza,RIC
1,3.0,0.12499984375019532,3.0,0.05660377358490566,1,86.588,Monza,RIC
1,4.0,0.24999968750039064,4.0,0.07547169811320754,1,86.488,Monza,RIC
1,5.0,0.37499953125058594,5.0,0.09433962264150944,1,86.251,Monza,RIC
1,6.0,0.4999993750007813,6.0,0.11320754716981132,1,85.899,Monza,RIC
1,7.0,0.6249992187509766,7.0,0.1320754716981132,1,85.713,Monza,RIC
1,8.0,0.7499990625011719,8.0,0.1509433962264151,1,85.993,Monza,RIC
1,9.0,0.8749989062513672,9.0,0.16981132075471697,1,85.815,Monza,RIC
1,10.0,0.9999987500015626,10.0,0.18867924528301888,1,86.111,Monza,RIC
2,3.0,0.0,13.0,0.24528301886792453,2,86.122,Monza,RIC
2,4.0,0.02499999375000156,14.0,0.2641509433962264,2,85.827,Monza,RIC
2,5.0,0.04999998750000312,15.0,0.2830188679245283,2,85.572,Monza,RIC
2,6.0,0.07499998125000468,16.0,0.3018867924528302,2,85.398,Monza,RIC
2,7.0,0.09999997500000624,17.0,0.32075471698113206,2,85.028,Monza,RIC
2,8.0,0.12499996875000781,18.0,0.33962264150943394,2,85.062,Monza,RIC
2,9.0,0.14999996250000935,19.0,0.3584905660377358,2,84.897,Monza,RIC
2,10.0,0.1749999562500109,20.0,0.37735849056603776,2,84.753,Monza,RIC
2,11.0,0.19999995000001247,21.0,0.39622641509433965,2,84.991,Monza,RIC
2,12.0,0.22499994375001403,22.0,0.41509433962264153,2,85.08,Monza,RIC
2,13.0,0.24999993750001562,23.0,0.4339622641509434,2,84.848,Monza,RIC
2,14.0,0.27499993125001715,24.0,0.4528301886792453,2,84.931,Monza,RIC
2,15.0,0.2999999250000187,25.0,0.4716981132075472,2,85.047,Monza,RIC
2,16.0,0.32499991875002027,26.0,0.49056603773584906,2,84.906,Monza,RIC
2,17.0,0.3499999125000218,27.0,0.5094339622641509,2,85.595,Monza,RIC
2,18.0,0.3749999062500234,28.0,0.5283018867924528,2,85.38,Monza,RIC
2,19.0,0.39999990000002494,29.0,0.5471698113207547,2,84.835,Monza,RIC
2,20.0,0.4249998937500265,30.0,0.5660377358490566,2,84.97,Monza,RIC
2,21.0,0.44999988750002806,31.0,0.5849056603773585,2,84.875,Monza,RIC
2,22.0,0.4749998812500297,32.0,0.6037735849056604,2,84.69,Monza,RIC
2,23.0,0.49999987500003124,33.0,0.6226415094339622,2,84.662,Monza,RIC
2,24.0,0.5249998687500328,34.0,0.6415094339622641,2,84.777,Monza,RIC
2,25.0,0.5499998625000343,35.0,0.660377358490566,2,85.588,Monza,RIC
2,26.0,0.5749998562500359,36.0,0.6792452830188679,2,85.081,Monza,RIC
2,27.0,0.5999998500000374,37.0,0.6981132075471698,2,85.095,Monza,RIC
2,28.0,0.624999843750039,38.0,0.7169811320754716,2,85.288,Monza,RIC
2,29.0,0.6499998375000405,39.0,0.7358490566037735,2,85.033,Monza,RIC
2,30.0,0.6749998312500421,40.0,0.7547169811320755,2,85.025,Monza,RIC
2,31.0,0.6999998250000437,41.0,0.7735849056603774,2,84.945,Monza,RIC
2,32.0,0.7249998187500453,42.0,0.7924528301886793,2,84.954,Monza,RIC
2,33.0,0.7499998125000468,43.0,0.8113207547169812,2,85.179,Monza,RIC
2,34.0,0.7749998062500484,44.0,0.8301886792452831,2,84.776,Monza,RIC
2,35.0,0.7999998000000499,45.0,0.8490566037735849,2,85.063,Monza,RIC
2,36.0,0.8249997937500515,46.0,0.8679245283018868,2,85.685,Monza,RIC
2,37.0,0.849999787500053,47.0,0.8867924528301887,2,84.775,Monza,RIC
2,38.0,0.8749997812500546,48.0,0.9056603773584906,2,84.518,Monza,RIC
2,39.0,0.8999997750000561,49.0,0.9245283018867925,2,84.617,Monza,RIC
2,40.0,0.9249997687500577,50.0,0.9433962264150944,2,84.817,Monza,RIC
2,41.0,0.9499997625000594,51.0,0.9622641509433962,2,84.639,Monza,RIC
2,42.0,0.9749997562500609,52.0,0.9811320754716981,2,84.219,Monza,RIC
2,43.0,0.9999997500000625,53.0,1.0,2,84.347,Monza,RIC
2,2.0,0.0,2.0,0.03773584905660377,1,86.837,Monza,OCO
2,3.0,0.03571427295918823,3.0,0.05660377358490566,1,86.466,Monza,OCO
2,4.0,0.07142854591837645,4.0,0.07547169811320754,1,86.297,Monza,OCO
2,5.0,0.10714281887756469,5.0,0.09433962264150944,1,86.568,Monza,OCO
2,6.0,0.1428570918367529,6.0,0.11320754716981132,1,85.684,Monza,OCO
2,7.0,0.17857136479594116,7.0,0.1320754716981132,1,86.006,Monza,OCO
2,8.0,0.21428563775512938,8.0,0.1509433962264151,1,86.053,Monza,OCO
2,9.0,0.2499999107143176,9.0,0.16981132075471697,1,85.369,Monza,OCO
2,10.0,0.2857141836735058,10.0,0.18867924528301888,1,86.035,Monza,OCO
2,11.0,0.32142845663269404,11.0,0.20754716981132076,1,86.349,Monza,OCO
2,12.0,0.3571427295918823,12.0,0.22641509433962265,1,85.954,Monza,OCO
2,13.0,0.39285700255107053,13.0,0.24528301886792453,1,86.059,Monza,OCO
2,14.0,0.42857127551025875,14.0,0.2641509433962264,1,86.307,Monza,OCO
2,15.0,0.464285548469447,15.0,0.2830188679245283,1,86.677,Monza,OCO
2,16.0,0.4999998214286352,16.0,0.3018867924528302,1,86.694,Monza,OCO
2,17.0,0.5357140943878235,17.0,0.32075471698113206,1,86.002,Monza,OCO
2,18.0,0.5714283673470116,18.0,0.33962264150943394,1,86.234,Monza,OCO
2,19.0,0.6071426403061999,19.0,0.3584905660377358,1,86.174,Monza,OCO
2,20.0,0.6428569132653881,20.0,0.37735849056603776,1,87.326,Monza,OCO
2,21.0,0.6785711862245764,21.0,0.39622641509433965,1,86.45,Monza,OCO
2,22.0,0.7142854591837646,22.0,0.41509433962264153,1,86.327,Monza,OCO
2,23.0,0.7499997321429528,23.0,0.4339622641509434,1,86.201,Monza,OCO
2,24.0,0.7857140051021411,24.0,0.4528301886792453,1,86.77,Monza,OCO
2,25.0,0.8214282780613292,25.0,0.4716981132075472,1,87.519,Monza,OCO
2,26.0,0.8571425510205175,26.0,0.49056603773584906,1,86.383,Monza,OCO
2,27.0,0.8928568239797058,27.0,0.5094339622641509,1,86.725,Monza,OCO
2,28.0,0.928571096938894,28.0,0.5283018867924528,1,86.013,Monza,OCO
2,29.0,0.9642853698980822,29.0,0.5471698113207547,1,86.099,Monza,OCO
2,30.0,0.9999996428572704,30.0,0.5660377358490566,1,86.025,Monza,OCO
1,2.0,0.0,33.0,0.6226415094339622,2,84.652,Monza,OCO
1,3.0,0.05263155124655198,34.0,0.6415094339622641,2,84.965,Monza,OCO
1,4.0,0.10526310249310396,35.0,0.660377358490566,2,85.019,Monza,OCO
1,5.0,0.15789465373965592,36.0,0.6792452830188679,2,84.942,Monza,OCO
1,6.0,0.21052620498620792,37.0,0.6981132075471698,2,84.613,Monza,OCO
1,7.0,0.2631577562327599,38.0,0.7169811320754716,2,84.845,Monza,OCO
1,8.0,0.31578930747931183,39.0,0.7358490566037735,2,85.267,Monza,OCO
1,9.0,0.36842085872586383,40.0,0.7547169811320755,2,85.211,Monza,OCO
1,10.0,0.42105240997241583,41.0,0.7735849056603774,2,85.06,Monza,OCO
1,11.0,0.4736839612189678,42.0,0.7924528301886793,2,85.119,Monza,OCO
1,12.0,0.5263155124655198,43.0,0.8113207547169812,2,86.111,Monza,OCO
1,13.0,0.5789470637120717,44.0,0.8301886792452831,2,84.669,Monza,OCO
1,14.0,0.6315786149586237,45.0,0.8490566037735849,2,84.587,Monza,OCO
1,15.0,0.6842101662051757,46.0,0.8679245283018868,2,84.449,Monza,OCO
1,16.0,0.7368417174517277,47.0,0.8867924528301887,2,84.506,Monza,OCO
1,17.0,0.7894732686982796,48.0,0.9056603773584906,2,84.458,Monza,OCO
1,18.0,0.8421048199448317,49.0,0.9245283018867925,2,85.79,Monza,OCO
1,19.0,0.8947363711913836,50.0,0.9433962264150944,2,85.688,Monza,OCO
1,20.0,0.9473679224379356,51.0,0.9622641509433962,2,84.59,Monza,OCO
1,21.0,0.9999994736844876,52.0,0.9811320754716981,2,84.343,Monza,OCO
1,2.0,0.0,2.0,0.03773584905660377,1,86.606,Monza,GAS
1,3.0,0.14285693877580175,3.0,0.05660377358490566,1,86.646,Monza,GAS
1,4.0,0.2857138775516035,4.0,0.07547169811320754,1,86.395,Monza,GAS
1,5.0,0.4285708163274053,5.0,0.09433962264150944,1,86.361,Monza,GAS
1,6.0,0.571427755103207,6.0,0.11320754716981132,1,86.042,Monza,GAS
1,7.0,0.7142846938790088,7.0,0.1320754716981132,1,85.82,Monza,GAS
1,8.0,0.8571416326548106,8.0,0.1509433962264151,1,86.465,Monza,GAS
1,9.0,0.9999985714306123,9.0,0.16981132075471697,1,87.148,Monza,GAS
2,2.0,0.0,12.0,0.22641509433962265,2,85.07,Monza,GAS
2,3.0,0.058823494809708936,13.0,0.24528301886792453,2,84.816,Monza,GAS
2,4.0,0.11764698961941787,14.0,0.2641509433962264,2,85.214,Monza,GAS
2,5.0,0.1764704844291268,15.0,0.2830188679245283,2,85.529,Monza,GAS
2,6.0,0.23529397923883574,16.0,0.3018867924528302,2,85.537,Monza,GAS
2,7.0,0.29411747404854466,17.0,0.32075471698113206,2,85.165,Monza,GAS
2,8.0,0.3529409688582536,18.0,0.33962264150943394,2,86.182,Monza,GAS
2,9.0,0.41176446366796254,19.0,0.3584905660377358,2,85.403,Monza,GAS
2,10.0,0.4705879584776715,20.0,0.37735849056603776,2,85.058,Monza,GAS
2,11.0,0.5294114532873805,21.0,0.39622641509433965,2,84.878,Monza,GAS
2,12.0,0.5882349480970893,22.0,0.41509433962264153,2,85.105,Monza,GAS
2,13.0,0.6470584429067983,23.0,0.4339622641509434,2,86.161,Monza,GAS
2,14.0,0.7058819377165072,24.0,0.4528301886792453,2,85.882,Monza,GAS
2,15.0,0.7647054325262161,25.0,0.4716981132075472,2,85.988,Monza,GAS
2,16.0,0.8235289273359251,26.0,0.49056603773584906,2,85.742,Monza,GAS
2,17.0,0.882352422145634,27.0,0.5094339622641509,2,87.191,Monza,GAS
2,18.0,0.941175916955343,28.0,0.5283018867924528,2,85.823,Monza,GAS
2,19.0,0.9999994117650519,29.0,0.5471698113207547,2,86.079,Monza,GAS
2,2.0,0.0,32.0,0.6037735849056604,3,84.423,Monza,GAS
2,3.0,0.0499999750000125,33.0,0.6226415094339622,3,84.252,Monza,GAS
2,4.0,0.099999950000025,34.0,0.6415094339622641,3,84.383,Monza,GAS
2,5.0,0.1499999250000375,35.0,0.660377358490566,3,84.822,Monza,GAS
2,6.0,0.19999990000005,36.0,0.6792452830188679,3,85.591,Monza,GAS
2,7.0,0.24999987500006252,37.0,0.6981132075471698,3,84.386,Monza,GAS
2,8.0,0.299999850000075,38.0,0.7169811320754716,3,85.229,Monza,GAS
2,9.0,0.3499998250000875,39.0,0.7358490566037735,3,84.591,Monza,GAS
2,10.0,0.3999998000001,40.0,0.7547169811320755,3,85.104,Monza,GAS
2,11.0,0.4499997750001125,41.0,0.7735849056603774,3,85.772,Monza,GAS
2,12.0,0.49999975000012503,42.0,0.7924528301886793,3,84.605,Monza,GAS
2,13.0,0.5499997250001375,43.0,0.8113207547169812,3,85.142,Monza,GAS
2,14.0,0.59999970000015,44.0,0.8301886792452831,3,86.175,Monza,GAS
2,15.0,0.6499996750001625,45.0,0.8490566037735849,3,85.425,Monza,GAS
2,16.0,0.699999650000175,46.0,0.8679245283018868,3,84.403,Monza,GAS
2,17.0,0.7499996250001875,47.0,0.8867924528301887,3,83.923,Monza,GAS
2,18.0,0.7999996000002,48.0,0.9056603773584906,3,84.036,Monza,GAS
2,19.0,0.8499995750002125,49.0,0.9245283018867925,3,83.852,Monza,GAS
2,20.0,0.899999550000225,50.0,0.9433962264150944,3,84.077,Monza,GAS
2,21.0,0.9499995250002375,51.0,0.9622641509433962,3,83.755,Monza,GAS
2,22.0,0.9999995000002501,52.0,0.9811320754716981,3,83.973,Monza,GAS
2,3.0,0.0,2.0,0.03773584905660377,1,88.377,Monza,BOT
2,4.0,0.033333322222225924,3.0,0.05660377358490566,1,86.918,Monza,BOT
2,5.0,0.06666664444445185,4.0,0.07547169811320754,1,86.324,Monza,BOT
2,6.0,0.09999996666667778,5.0,0.09433962264150944,1,88.242,Monza,BOT
2,7.0,0.1333332888889037,6.0,0.11320754716981132,1,86.499,Monza,BOT
2,8.0,0.16666661111112963,7.0,0.1320754716981132,1,86.359,Monza,BOT
2,9.0,0.19999993333335556,8.0,0.1509433962264151,1,86.206,Monza,BOT
2,10.0,0.2333332555555815,9.0,0.16981132075471697,1,86.188,Monza,BOT
2,11.0,0.2666665777778074,10.0,0.18867924528301888,1,86.118,Monza,BOT
2,12.0,0.29999990000003335,11.0,0.20754716981132076,1,86.47,Monza,BOT
2,13.0,0.33333322222225925,12.0,0.22641509433962265,1,86.207,Monza,BOT
2,14.0,0.3666665444444852,13.0,0.24528301886792453,1,86.349,Monza,BOT
2,15.0,0.3999998666667111,14.0,0.2641509433962264,1,86.481,Monza,BOT
2,16.0,0.433333188888937,15.0,0.2830188679245283,1,86.79,Monza,BOT
2,17.0,0.466666511111163,16.0,0.3018867924528302,1,86.569,Monza,BOT
2,18.0,0.4999998333333889,17.0,0.32075471698113206,1,86.396,Monza,BOT
2,19.0,0.5333331555556148,18.0,0.33962264150943394,1,86.359,Monza,BOT
2,20.0,0.5666664777778407,19.0,0.3584905660377358,1,86.456,Monza,BOT
2,21.0,0.5999998000000667,20.0,0.37735849056603776,1,86.803,Monza,BOT
2,22.0,0.6333331222222927,21.0,0.39622641509433965,1,87.23,Monza,BOT
2,23.0,0.6666664444445185,22.0,0.41509433962264153,1,87.404,Monza,BOT
2,24.0,0.6999997666667445,23.0,0.4339622641509434,1,86.943,Monza,BOT
2,25.0,0.7333330888889704,24.0,0.4528301886792453,1,86.542,Monza,BOT
2,26.0,0.7666664111111963,25.0,0.4716981132075472,1,86.863,Monza,BOT
2,27.0,0.7999997333334222,26.0,0.49056603773584906,1,86.885,Monza,BOT
2,28.0,0.8333330555556482,27.0,0.5094339622641509,1,86.309,Monza,BOT
2,29.0,0.866666377777874,28.0,0.5283018867924528,1,85.804,Monza,BOT
2,30.0,0.8999997000001,29.0,0.5471698113207547,1,86.827,Monza,BOT
2,31.0,0.933333022222326,30.0,0.5660377358490566,1,86.022,Monza,BOT
2,32.0,0.9666663444445519,31.0,0.5849056603773585,1,86.004,Monza,BOT
2,33.0,0.9999996666667778,32.0,0.6037735849056604,1,87.859,Monza,BOT
1,3.0,0.0,35.0,0.660377358490566,2,85.336,Monza,BOT
1,4.0,0.058823494809708936,36.0,0.6792452830188679,2,85.114,Monza,BOT
1,5.0,0.11764698961941787,37.0,0.6981132075471698,2,85.213,Monza,BOT
1,6.0,0.1764704844291268,38.0,0.7169811320754716,2,86.704,Monza,BOT
1,7.0,0.23529397923883574,39.0,0.7358490566037735,2,85.081,Monza,BOT
1,8.0,0.29411747404854466,40.0,0.7547169811320755,2,85.16,Monza,BOT
1,9.0,0.3529409688582536,41.0,0.7735849056603774,2,86.31,Monza,BOT
1,10.0,0.41176446366796254,42.0,0.7924528301886793,2,86.036,Monza,BOT
1,11.0,0.4705879584776715,43.0,0.8113207547169812,2,84.637,Monza,BOT
1,12.0,0.5294114532873805,44.0,0.8301886792452831,2,84.792,Monza,BOT
1,13.0,0.5882349480970893,45.0,0.8490566037735849,2,84.588,Monza,BOT
1,14.0,0.6470584429067983,46.0,0.8679245283018868,2,84.358,Monza,BOT
1,15.0,0.7058819377165072,47.0,0.8867924528301887,2,84.089,Monza,BOT
1,16.0,0.7647054325262161,48.0,0.9056603773584906,2,85.126,Monza,BOT
1,17.0,0.8235289273359251,49.0,0.9245283018867925,2,83.885,Monza,BOT
1,18.0,0.882352422145634,50.0,0.9433962264150944,2,84.357,Monza,BOT
1,19.0,0.941175916955343,51.0,0.9622641509433962,2,83.979,Monza,BOT
1,20.0,0.9999994117650519,52.0,0.9811320754716981,2,83.609,Monza,BOT
1,2.0,0.0,2.0,0.03773584905660377,1,87.512,Monza,HUL
1,3.0,0.49999750001249993,3.0,0.05660377358490566,1,86.434,Monza,HUL
1,4.0,0.9999950000249999,4.0,0.07547169811320754,1,86.541,Monza,HUL
2,2.0,0.0,7.0,0.1320754716981132,2,85.882,Monza,HUL
2,3.0,0.04166664930556279,8.0,0.1509433962264151,2,85.351,Monza,HUL
2,4.0,0.08333329861112558,9.0,0.16981132075471697,2,85.191,Monza,HUL
2,5.0,0.12499994791668836,10.0,0.18867924528301888,2,85.194,Monza,HUL
2,6.0,0.16666659722225116,11.0,0.20754716981132076,2,85.322,Monza,HUL
2,7.0,0.20833324652781396,12.0,0.22641509433962265,2,85.166,Monza,HUL
2,8.0,0.24999989583337673,13.0,0.24528301886792453,2,84.983,Monza,HUL
2,9.0,0.2916665451389395,14.0,0.2641509433962264,2,85.014,Monza,HUL
2,10.0,0.3333331944445023,15.0,0.2830188679245283,2,85.862,Monza,HUL
2,11.0,0.3749998437500651,16.0,0.3018867924528302,2,85.017,Monza,HUL
2,12.0,0.4166664930556279,17.0,0.32075471698113206,2,86.119,Monza,HUL
2,13.0,0.4583331423611907,18.0,0.33962264150943394,2,85.465,Monza,HUL
2,14.0,0.49999979166675346,19.0,0.3584905660377358,2,85.326,Monza,HUL
2,15.0,0.5416664409723163,20.0,0.37735849056603776,2,86.113,Monza,HUL
2,16.0,0.583333090277879,21.0,0.39622641509433965,2,85.735,Monza,HUL
2,17.0,0.6249997395834419,22.0,0.41509433962264153,2,85.565,Monza,HUL
2,18.0,0.6666663888890046,23.0,0.4339622641509434,2,85.632,Monza,HUL
2,19.0,0.7083330381945674,24.0,0.4528301886792453,2,85.608,Monza,HUL
2,20.0,0.7499996875001302,25.0,0.4716981132075472,2,85.716,Monza,HUL
2,21.0,0.791666336805693,26.0,0.49056603773584906,2,85.506,Monza,HUL
2,22.0,0.8333329861112558,27.0,0.5094339622641509,2,85.674,Monza,HUL
2,23.0,0.8749996354168186,28.0,0.5283018867924528,2,85.43,Monza,HUL
2,24.0,0.9166662847223814,29.0,0.5471698113207547,2,85.57,Monza,HUL
2,25.0,0.9583329340279442,30.0,0.5660377358490566,2,85.628,Monza,HUL
2,26.0,0.9999995833335069,31.0,0.5849056603773585,2,85.142,Monza,HUL
2,2.0,0.0,34.0,0.6415094339622641,3,83.587,Monza,HUL
2,3.0,0.055555524691375174,35.0,0.660377358490566,3,83.761,Monza,HUL
2,4.0,0.11111104938275035,36.0,0.6792452830188679,3,83.772,Monza,HUL
2,5.0,0.16666657407412552,37.0,0.6981132075471698,3,87.809,Monza,HUL
2,6.0,0.2222220987655007,38.0,0.7169811320754716,3,83.88,Monza,HUL
2,7.0,0.27777762345687584,39.0,0.7358490566037735,3,84.019,Monza,HUL
2,8.0,0.33333314814825105,40.0,0.7547169811320755,3,83.621,Monza,HUL
2,9.0,0.3888886728396262,41.0,0.7735849056603774,3,83.449,Monza,HUL
2,10.0,0.4444441975310014,42.0,0.7924528301886793,3,83.624,Monza,HUL
2,11.0,0.49999972222237654,43.0,0.8113207547169812,3,83.591,Monza,HUL
2,12.0,0.5555552469137517,44.0,0.8301886792452831,3,83.275,Monza,HUL
2,13.0,0.611110771605127,45.0,0.8490566037735849,3,83.807,Monza,HUL
2,14.0,0.6666662962965021,46.0,0.8679245283018868,3,84.107,Monza,HUL
2,15.0,0.7222218209878772,47.0,0.8867924528301887,3,86.991,Monza,HUL
2,16.0,0.7777773456792524,48.0,0.9056603773584906,3,85.125,Monza,HUL
2,17.0,0.8333328703706276,49.0,0.9245283018867925,3,83.404,Monza,HUL
2,18.0,0.8888883950620028,50.0,0.9433962264150944,3,84.017,Monza,HUL
2,19.0,0.9444439197533779,51.0,0.9622641509433962,3,84.211,Monza,HUL
2,20.0,0.9999994444447531,52.0,0.9811320754716981,3,83.966,Monza,HUL
1,3.0,0.0,2.0,0.03773584905660377,1,88.721,Monza,ZHO
1,4.0,0.08333326388894677,3.0,0.05660377358490566,1,86.997,Monza,ZHO
1,5.0,0.16666652777789354,4.0,0.07547169811320754,1,86.226,Monza,ZHO
1,6.0,0.24999979166684028,5.0,0.09433962264150944,1,89.256,Monza,ZHO
1,7.0,0.33333305555578707,6.0,0.11320754716981132,1,85.942,Monza,ZHO
1,8.0,0.4166663194447338,7.0,0.1320754716981132,1,86.381,Monza,ZHO
1,9.0,0.49999958333368055,8.0,0.1509433962264151,1,86.411,Monza,ZHO
1,10.0,0.5833328472226273,9.0,0.16981132075471697,1,86.315,Monza,ZHO
1,11.0,0.6666661111115741,10.0,0.18867924528301888,1,86.128,Monza,ZHO
1,12.0,0.7499993750005208,11.0,0.20754716981132076,1,86.488,Monza,ZHO
1,13.0,0.8333326388894676,12.0,0.22641509433962265,1,86.348,Monza,ZHO
1,14.0,0.9166659027784144,13.0,0.24528301886792453,1,86.802,Monza,ZHO
1,15.0,0.9999991666673611,14.0,0.2641509433962264,1,87.092,Monza,ZHO
2,3.0,0.0,17.0,0.32075471698113206,2,85.092,Monza,ZHO
2,4.0,0.028571420408165595,18.0,0.33962264150943394,2,85.245,Monza,ZHO
2,5.0,0.05714284081633119,19.0,0.3584905660377358,2,85.777,Monza,ZHO
2,6.0,0.08571426122449678,20.0,0.37735849056603776,2,85.588,Monza,ZHO
2,7.0,0.11428568163266238,21.0,0.39622641509433965,2,85.743,Monza,ZHO
2,8.0,0.14285710204082797,22.0,0.41509433962264153,2,85.876,Monza,ZHO
2,9.0,0.17142852244899356,23.0,0.4339622641509434,2,86.061,Monza,ZHO
2,10.0,0.19999994285715916,24.0,0.4528301886792453,2,86.041,Monza,ZHO
2,11.0,0.22857136326532476,25.0,0.4716981132075472,2,85.583,Monza,ZHO
2,12.0,0.25714278367349036,26.0,0.49056603773584906,2,85.549,Monza,ZHO
2,13.0,0.28571420408165593,27.0,0.5094339622641509,2,85.603,Monza,ZHO
2,14.0,0.31428562448982156,28.0,0.5283018867924528,2,85.699,Monza,ZHO
2,15.0,0.34285704489798713,29.0,0.5471698113207547,2,85.515,Monza,ZHO
2,16.0,0.37142846530615276,30.0,0.5660377358490566,2,85.491,Monza,ZHO
2,17.0,0.3999998857143183,31.0,0.5849056603773585,2,85.478,Monza,ZHO
2,18.0,0.42857130612248395,32.0,0.6037735849056604,2,85.356,Monza,ZHO
2,19.0,0.4571427265306495,33.0,0.6226415094339622,2,85.451,Monza,ZHO
2,20.0,0.4857141469388151,34.0,0.6415094339622641,2,85.487,Monza,ZHO
2,21.0,0.5142855673469807,35.0,0.660377358490566,2,85.52,Monza,ZHO
2,22.0,0.5428569877551463,36.0,0.6792452830188679,2,86.606,Monza,ZHO
2,23.0,0.5714284081633119,37.0,0.6981132075471698,2,85.205,Monza,ZHO
2,24.0,0.5999998285714775,38.0,0.7169811320754716,2,86.652,Monza,ZHO
2,25.0,0.6285712489796431,39.0,0.7358490566037735,2,85.584,Monza,ZHO
2,26.0,0.6571426693878087,40.0,0.7547169811320755,2,85.82,Monza,ZHO
2,27.0,0.6857140897959743,41.0,0.7735849056603774,2,86.437,Monza,ZHO
2,28.0,0.7142855102041399,42.0,0.7924528301886793,2,87.64,Monza,ZHO
2,29.0,0.7428569306123055,43.0,0.8113207547169812,2,86.916,Monza,ZHO
2,30.0,0.771428351020471,44.0,0.8301886792452831,2,86.918,Monza,ZHO
2,31.0,0.7999997714286367,45.0,0.8490566037735849,2,85.632,Monza,ZHO
2,32.0,0.8285711918368023,46.0,0.8679245283018868,2,85.857,Monza,ZHO
2,33.0,0.8571426122449679,47.0,0.8867924528301887,2,87.442,Monza,ZHO
2,34.0,0.8857140326531334,48.0,0.9056603773584906,2,85.84,Monza,ZHO
2,35.0,0.914285453061299,49.0,0.9245283018867925,2,86.298,Monza,ZHO
2,36.0,0.9428568734694647,50.0,0.9433962264150944,2,85.539,Monza,ZHO
2,37.0,0.9714282938776302,51.0,0.9622641509433962,2,85.946,Monza,ZHO
2,38.0,0.9999997142857958,52.0,0.9811320754716981,2,87.28,Monza,ZHO
2,3.0,0.0,2.0,0.03773584905660377,1,88.342,Monza,STR
2,4.0,0.06249996093752441,3.0,0.05660377358490566,1,86.734,Monza,STR
2,5.0,0.12499992187504883,4.0,0.07547169811320754,1,86.253,Monza,STR
2,6.0,0.18749988281257324,5.0,0.09433962264150944,1,87.234,Monza,STR
2,7.0,0.24999984375009765,6.0,0.11320754716981132,1,85.558,Monza,STR
2,8.0,0.31249980468762206,7.0,0.1320754716981132,1,86.208,Monza,STR
2,9.0,0.3749997656251465,8.0,0.1509433962264151,1,85.799,Monza,STR
2,10.0,0.4374997265626709,9.0,0.16981132075471697,1,86.024,Monza,STR
2,11.0,0.4999996875001953,10.0,0.18867924528301888,1,86.182,Monza,STR
2,12.0,0.5624996484377197,11.0,0.20754716981132076,1,85.675,Monza,STR
2,13.0,0.6249996093752441,12.0,0.22641509433962265,1,85.947,Monza,STR
2,14.0,0.6874995703127685,13.0,0.24528301886792453,1,86.143,Monza,STR
2,15.0,0.749999531250293,14.0,0.2641509433962264,1,85.895,Monza,STR
2,16.0,0.8124994921878174,15.0,0.2830188679245283,1,86.986,Monza,STR
2,17.0,0.8749994531253418,16.0,0.3018867924528302,1,86.593,Monza,STR
2,18.0,0.9374994140628662,17.0,0.32075471698113206,1,86.584,Monza,STR
2,19.0,0.9999993750003906,18.0,0.33962264150943394,1,87.524,Monza,STR
2,4.0,0.0,21.0,0.39622641509433965,2,84.721,Monza,STR
2,5.0,0.0714285204081997,22.0,0.41509433962264153,2,84.721,Monza,STR
2,6.0,0.1428570408163994,23.0,0.4339622641509434,2,84.659,Monza,STR
2,7.0,0.21428556122459913,24.0,0.4528301886792453,2,84.768,Monza,STR
2,8.0,0.2857140816327988,25.0,0.4716981132075472,2,84.743,Monza,STR
2,9.0,0.35714260204099857,26.0,0.49056603773584906,2,84.491,Monza,STR
2,10.0,0.42857112244919826,27.0,0.5094339622641509,2,84.437,Monza,STR
2,11.0,0.49999964285739795,28.0,0.5283018867924528,2,84.618,Monza,STR
2,12.0,0.5714281632655976,29.0,0.5471698113207547,2,85.397,Monza,STR
2,13.0,0.6428566836737974,30.0,0.5660377358490566,2,86.377,Monza,STR
2,14.0,0.7142852040819971,31.0,0.5849056603773585,2,84.749,Monza,STR
2,15.0,0.7857137244901968,32.0,0.6037735849056604,2,85.576,Monza,STR
2,16.0,0.8571422448983965,33.0,0.6226415094339622,2,84.947,Monza,STR
2,17.0,0.9285707653065962,34.0,0.6415094339622641,2,84.856,Monza,STR
2,18.0,0.9999992857147959,35.0,0.660377358490566,2,84.863,Monza,STR
1,3.0,0.0,38.0,0.7169811320754716,3,83.617,Monza,STR
1,4.0,0.09090900826453795,39.0,0.7358490566037735,3,84.43,Monza,STR
1,5.0,0.1818180165290759,40.0,0.7547169811320755,3,85.777,Monza,STR
1,6.0,0.2727270247936138,41.0,0.7735849056603774,3,83.702,Monza,STR
1,7.0,0.3636360330581518,42.0,0.7924528301886793,3,83.823,Monza,STR
1,8.0,0.45454504132268975,43.0,0.8113207547169812,3,83.81,Monza,STR
1,9.0,0.5454540495872277,44.0,0.8301886792452831,3,83.654,Monza,STR
1,10.0,0.6363630578517656,45.0,0.8490566037735849,3,83.427,Monza,STR
1,11.0,0.7272720661163036,46.0,0.8679245283018868,3,83.906,Monza,STR
1,12.0,0.8181810743808415,47.0,0.8867924528301887,3,84.014,Monza,STR
1,13.0,0.9090900826453795,48.0,0.9056603773584906,3,86.104,Monza,STR
1,14.0,0.9999990909099173,49.0,0.9245283018867925,3,85.064,Monza,STR
0,2.0,0.0,52.0,0.9811320754716981,4,82.232,Monza,STR
2,3.0,0.0,2.0,0.03773584905660377,1,87.538,Monza,TSU
2,4.0,0.24999937500156252,3.0,0.05660377358490566,1,86.665,Monza,TSU
2,5.0,0.49999875000312505,4.0,0.07547169811320754,1,86.198,Monza,TSU
2,6.0,0.7499981250046875,5.0,0.09433962264150944,1,92.241,Monza,TSU
2,7.0,0.9999975000062501,6.0,0.11320754716981132,1,88.473,Monza,TSU
1,4.0,0.0,4.0,0.07547169811320754,2,96.472,Japan,VER
1,5.0,0.09090900826453795,5.0,0.09433962264150944,2,96.437,Japan,VER
1,6.0,0.1818180165290759,6.0,0.11320754716981132,2,96.855,Japan,VER
1,7.0,0.2727270247936138,7.0,0.1320754716981132,2,96.97,Japan,VER
1,8.0,0.3636360330581518,8.0,0.1509433962264151,2,97.329,Japan,VER
1,9.0,0.45454504132268975,9.0,0.16981132075471697,2,97.178,Japan,VER
1,10.0,0.5454540495872277,10.0,0.18867924528301888,2,97.59,Japan,VER
1,11.0,0.6363630578517656,11.0,0.20754716981132076,2,97.774,Japan,VER
1,12.0,0.7272720661163036,12.0,0.22641509433962265,2,97.753,Japan,VER
1,13.0,0.8181810743808415,13.0,0.24528301886792453,2,97.727,Japan,VER
1,14.0,0.9090900826453795,14.0,0.2641509433962264,2,97.91,Japan,VER
1,15.0,0.9999990909099173,15.0,0.2830188679245283,2,97.854,Japan,VER
1,2.0,0.0,18.0,0.33962264150943394,3,96.822,Japan,VER
1,3.0,0.06666662222225185,19.0,0.3584905660377358,3,96.252,Japan,VER
1,4.0,0.1333332444445037,20.0,0.37735849056603776,3,96.402,Japan,VER
1,5.0,0.19999986666675557,21.0,0.39622641509433965,3,95.617,Japan,VER
1,6.0,0.2666664888890074,22.0,0.41509433962264153,3,96.384,Japan,VER
1,7.0,0.3333331111112593,23.0,0.4339622641509434,3,96.205,Japan,VER
1,8.0,0.39999973333351113,24.0,0.4528301886792453,3,96.532,Japan,VER
1,9.0,0.46666635555576297,25.0,0.4716981132075472,3,96.337,Japan,VER
1,10.0,0.5333329777780148,26.0,0.49056603773584906,3,96.437,Japan,VER
1,11.0,0.5999996000002666,27.0,0.5094339622641509,3,96.654,Japan,VER
1,12.0,0.6666662222225186,28.0,0.5283018867924528,3,96.496,Japan,VER
1,13.0,0.7333328444447704,29.0,0.5471698113207547,3,96.655,Japan,VER
1,14.0,0.7999994666670223,30.0,0.5660377358490566,3,96.849,Japan,VER
1,15.0,0.8666660888892741,31.0,0.5849056603773585,3,96.761,Japan,VER
1,16.0,0.9333327111115259,32.0,0.6037735849056604,3,96.92,Japan,VER
1,17.0,0.9999993333337778,33.0,0.6226415094339622,3,97.048,Japan,VER
2,2.0,0.0,36.0,0.6792452830188679,4,94.619,Japan,VER
2,3.0,0.058823494809708936,37.0,0.6981132075471698,4,94.97,Japan,VER
2,4.0,0.11764698961941787,38.0,0.7169811320754716,4,94.986,Japan,VER
2,5.0,0.1764704844291268,39.0,0.7358490566037735,4,94.494,Japan,VER
2,6.0,0.23529397923883574,40.0,0.7547169811320755,4,94.343,Japan,VER
2,7.0,0.29411747404854466,41.0,0.7735849056603774,4,94.273,Japan,VER
2,8.0,0.3529409688582536,42.0,0.7924528301886793,4,94.965,Japan,VER
2,9.0,0.41176446366796254,43.0,0.8113207547169812,4,94.303,Japan,VER
2,10.0,0.4705879584776715,44.0,0.8301886792452831,4,94.455,Japan,VER
2,11.0,0.5294114532873805,45.0,0.8490566037735849,4,94.606,Japan,VER
2,12.0,0.5882349480970893,46.0,0.8679245283018868,4,94.61,Japan,VER
2,13.0,0.6470584429067983,47.0,0.8867924528301887,4,95.113,Japan,VER
2,14.0,0.7058819377165072,48.0,0.9056603773584906,4,95.75,Japan,VER
2,15.0,0.7647054325262161,49.0,0.9245283018867925,4,94.885,Japan,VER
2,16.0,0.8235289273359251,50.0,0.9433962264150944,4,93.706,Japan,VER
2,17.0,0.882352422145634,51.0,0.9622641509433962,4,94.768,Japan,VER
2,18.0,0.941175916955343,52.0,0.9811320754716981,4,94.97,Japan,VER
2,19.0,0.9999994117650519,53.0,1.0,4,95.263,Japan,VER
1,4.0,0.0,4.0,0.07547169811320754,2,96.573,Japan,PER
1,5.0,0.0999999000001,5.0,0.09433962264150944,2,96.568,Japan,PER
1,6.0,0.1999998000002,6.0,0.11320754716981132,2,97.693,Japan,PER
1,7.0,0.2999997000003,7.0,0.1320754716981132,2,97.308,Japan,PER
1,8.0,0.3999996000004,8.0,0.1509433962264151,2,97.22,Japan,PER
1,9.0,0.49999950000050003,9.0,0.16981132075471697,2,97.838,Japan,PER
1,10.0,0.5999994000006,10.0,0.18867924528301888,2,97.926,Japan,PER
1,11.0,0.6999993000007,11.0,0.20754716981132076,2,98.216,Japan,PER
1,12.0,0.7999992000008,12.0,0.22641509433962265,2,98.156,Japan,PER
1,13.0,0.8999991000009,13.0,0.24528301886792453,2,98.125,Japan,PER
1,14.0,0.9999990000010001,14.0,0.2641509433962264,2,98.505,Japan,PER
1,2.0,0.0,17.0,0.32075471698113206,3,97.428,Japan,PER
1,3.0,0.06666662222225185,18.0,0.33962264150943394,3,97.844,Japan,PER
1,4.0,0.1333332444445037,19.0,0.3584905660377358,3,96.436,Japan,PER
1,5.0,0.19999986666675557,20.0,0.37735849056603776,3,96.206,Japan,PER
1,6.0,0.2666664888890074,21.0,0.39622641509433965,3,96.558,Japan,PER
1,7.0,0.3333331111112593,22.0,0.41509433962264153,3,97.264,Japan,PER
1,8.0,0.39999973333351113,23.0,0.4339622641509434,3,96.656,Japan,PER
1,9.0,0.46666635555576297,24.0,0.4528301886792453,3,96.921,Japan,PER
1,10.0,0.5333329777780148,25.0,0.4716981132075472,3,97.76,Japan,PER
1,11.0,0.5999996000002666,26.0,0.49056603773584906,3,97.689,Japan,PER
1,12.0,0.6666662222225186,27.0,0.5094339622641509,3,96.843,Japan,PER
1,13.0,0.7333328444447704,28.0,0.5283018867924528,3,96.733,Japan,PER
1,14.0,0.7999994666670223,29.0,0.5471698113207547,3,96.969,Japan,PER
1,15.0,0.8666660888892741,30.0,0.5660377358490566,3,97.097,Japan,PER
1,16.0,0.9333327111115259,31.0,0.5849056603773585,3,97.118,Japan,PER
1,17.0,0.9999993333337778,32.0,0.6037735849056604,3,97.106,Japan,PER
2,2.0,0.0,35.0,0.660377358490566,4,93.945,Japan,PER
2,3.0,0.055555524691375174,36.0,0.6792452830188679,4,94.479,Japan,PER
2,4.0,0.11111104938275035,37.0,0.6981132075471698,4,94.808,Japan,PER
2,5.0,0.16666657407412552,38.0,0.7169811320754716,4,95.245,Japan,PER
2,6.0,0.2222220987655007,39.0,0.7358490566037735,4,94.99,Japan,PER
2,7.0,0.27777762345687584,40.0,0.7547169811320755,4,94.738,Japan,PER
2,8.0,0.33333314814825105,41.0,0.7735849056603774,4,95.03,Japan,PER
2,9.0,0.3888886728396262,42.0,0.7924528301886793,4,95.433,Japan,PER
2,10.0,0.4444441975310014,43.0,0.8113207547169812,4,95.099,Japan,PER
2,11.0,0.49999972222237654,44.0,0.8301886792452831,4,94.701,Japan,PER
2,12.0,0.5555552469137517,45.0,0.8490566037735849,4,94.996,Japan,PER
2,13.0,0.611110771605127,46.0,0.8679245283018868,4,94.75,Japan,PER
2,14.0,0.6666662962965021,47.0,0.8867924528301887,4,95.056,Japan,PER
2,15.0,0.7222218209878772,48.0,0.9056603773584906,4,95.383,Japan,PER
2,16.0,0.7777773456792524,49.0,0.9245283018867925,4,95.035,Japan,PER
2,17.0,0.8333328703706276,50.0,0.9433962264150944,4,95.244,Japan,PER
2,18.0,0.8888883950620028,51.0,0.9622641509433962,4,94.89,Japan,PER
2,19.0,0.9444439197533779,52.0,0.9811320754716981,4,94.929,Japan,PER
2,20.0,0.9999994444447531,53.0,1.0,4,94.728,Japan,PER
1,3.0,0.0,4.0,0.07547169811320754,2,97.225,Japan,SAI
1,4.0,0.0999999000001,5.0,0.09433962264150944,2,97.322,Japan,SAI
1,5.0,0.1999998000002,6.0,0.11320754716981132,2,97.721,Japan,SAI
1,6.0,0.2999997000003,7.0,0.1320754716981132,2,97.756,Japan,SAI
1,7.0,0.3999996000004,8.0,0.1509433962264151,2,97.736,Japan,SAI
1,8.0,0.49999950000050003,9.0,0.16981132075471697,2,97.98,Japan,SAI
1,9.0,0.5999994000006,10.0,0.18867924528301888,2,98.304,Japan,SAI
1,10.0,0.6999993000007,11.0,0.20754716981132076,2,98.273,Japan,SAI
1,11.0,0.7999992000008,12.0,0.22641509433962265,2,97.847,Japan,SAI
1,12.0,0.8999991000009,13.0,0.24528301886792453,2,98.333,Japan,SAI
1,13.0,0.9999990000010001,14.0,0.2641509433962264,2,98.504,Japan,SAI
1,3.0,0.0,17.0,0.32075471698113206,3,96.469,Japan,SAI
1,4.0,0.055555524691375174,18.0,0.33962264150943394,3,96.698,Japan,SAI
1,5.0,0.11111104938275035,19.0,0.3584905660377358,3,97.786,Japan,SAI
1,6.0,0.16666657407412552,20.0,0.37735849056603776,3,97.314,Japan,SAI
1,7.0,0.2222220987655007,21.0,0.39622641509433965,3,97.995,Japan,SAI
1,8.0,0.27777762345687584,22.0,0.41509433962264153,3,96.575,Japan,SAI
1,9.0,0.33333314814825105,23.0,0.4339622641509434,3,96.779,Japan,SAI
1,10.0,0.3888886728396262,24.0,0.4528301886792453,3,96.805,Japan,SAI
1,11.0,0.4444441975310014,25.0,0.4716981132075472,3,96.945,Japan,SAI
1,12.0,0.49999972222237654,26.0,0.49056603773584906,3,97.137,Japan,SAI
1,13.0,0.5555552469137517,27.0,0.5094339622641509,3,97.068,Japan,SAI
1,14.0,0.611110771605127,28.0,0.5283018867924528,3,96.845,Japan,SAI
1,15.0,0.6666662962965021,29.0,0.5471698113207547,3,97.176,Japan,SAI
1,16.0,0.7222218209878772,30.0,0.5660377358490566,3,97.01,Japan,SAI
1,17.0,0.7777773456792524,31.0,0.5849056603773585,3,96.901,Japan,SAI
1,18.0,0.8333328703706276,32.0,0.6037735849056604,3,97.106,Japan,SAI
1,19.0,0.8888883950620028,33.0,0.6226415094339622,3,97.233,Japan,SAI
1,20.0,0.9444439197533779,34.0,0.6415094339622641,3,96.901,Japan,SAI
1,21.0,0.9999994444447531,35.0,0.660377358490566,3,96.948,Japan,SAI
2,2.0,0.0,38.0,0.7169811320754716,4,93.995,Japan,SAI
2,3.0,0.06666662222225185,39.0,0.7358490566037735,4,94.419,Japan,SAI
2,4.0,0.1333332444445037,40.0,0.7547169811320755,4,94.396,Japan,SAI
2,5.0,0.19999986666675557,41.0,0.7735849056603774,4,94.863,Japan,SAI
2,6.0,0.2666664888890074,42.0,0.7924528301886793,4,95.293,Japan,SAI
2,7.0,0.3333331111112593,43.0,0.8113207547169812,4,94.75,Japan,SAI
2,8.0,0.39999973333351113,44.0,0.8301886792452831,4,94.336,Japan,SAI
2,9.0,0.46666635555576297,45.0,0.8490566037735849,4,95.006,Japan,SAI
2,10.0,0.5333329777780148,46.0,0.8679245283018868,4,93.841,Japan,SAI
2,11.0,0.5999996000002666,47.0,0.8867924528301887,4,95.063,Japan,SAI
2,12.0,0.6666662222225186,48.0,0.9056603773584906,4,94.962,Japan,SAI
2,13.0,0.7333328444447704,49.0,0.9245283018867925,4,94.752,Japan,SAI
2,14.0,0.7999994666670223,50.0,0.9433962264150944,4,94.636,Japan,SAI
2,15.0,0.8666660888892741,51.0,0.9622641509433962,4,94.877,Japan,SAI
2,16.0,0.9333327111115259,52.0,0.9811320754716981,4,95.203,Japan,SAI
2,17.0,0.9999993333337778,53.0,1.0,4,95.224,Japan,SAI
1,3.0,0.0,4.0,0.07547169811320754,2,98.268,Japan,LEC
1,4.0,0.04761902494332146,5.0,0.09433962264150944,2,97.812,Japan,LEC
1,5.0,0.09523804988664292,6.0,0.11320754716981132,2,98.021,Japan,LEC
1,6.0,0.14285707482996438,7.0,0.1320754716981132,2,98.187,Japan,LEC
1,7.0,0.19047609977328583,8.0,0.1509433962264151,2,97.92,Japan,LEC
1,8.0,0.2380951247166073,9.0,0.16981132075471697,2,98.213,Japan,LEC
1,9.0,0.28571414965992875,10.0,0.18867924528301888,2,99.034,Japan,LEC
1,10.0,0.3333331746032502,11.0,0.20754716981132076,2,99.193,Japan,LEC
1,11.0,0.38095219954657167,12.0,0.22641509433962265,2,98.883,Japan,LEC
1,12.0,0.4285712244898931,13.0,0.24528301886792453,2,98.479,Japan,LEC
1,13.0,0.4761902494332146,14.0,0.2641509433962264,2,98.595,Japan,LEC
1,14.0,0.523809274376536,15.0,0.2830188679245283,2,98.172,Japan,LEC
1,15.0,0.5714282993198575,16.0,0.3018867924528302,2,97.876,Japan,LEC
1,16.0,0.619047324263179,17.0,0.32075471698113206,2,97.856,Japan,LEC
1,17.0,0.6666663492065004,18.0,0.33962264150943394,2,97.76,Japan,LEC
1,18.0,0.7142853741498219,19.0,0.3584905660377358,2,97.523,Japan,LEC
1,19.0,0.7619043990931433,20.0,0.37735849056603776,2,97.48,Japan,LEC
1,20.0,0.8095234240364647,21.0,0.39622641509433965,2,98.203,Japan,LEC
1,21.0,0.8571424489797862,22.0,0.41509433962264153,2,97.744,Japan,LEC
1,22.0,0.9047614739231077,23.0,0.4339622641509434,2,97.755,Japan,LEC
1,23.0,0.9523804988664292,24.0,0.4528301886792453,2,98.071,Japan,LEC
1,24.0,0.9999995238097505,25.0,0.4716981132075472,2,97.918,Japan,LEC
2,2.0,0.0,28.0,0.5283018867924528,3,96.09,Japan,LEC
2,3.0,0.0399999840000064,29.0,0.5471698113207547,3,96.357,Japan,LEC
2,4.0,0.0799999680000128,30.0,0.5660377358490566,3,96.225,Japan,LEC
2,5.0,0.1199999520000192,31.0,0.5849056603773585,3,96.201,Japan,LEC
2,6.0,0.1599999360000256,32.0,0.6037735849056604,3,96.144,Japan,LEC
2,7.0,0.199999920000032,33.0,0.6226415094339622,3,95.878,Japan,LEC
2,8.0,0.2399999040000384,34.0,0.6415094339622641,3,96.32,Japan,LEC
2,9.0,0.2799998880000448,35.0,0.660377358490566,3,96.056,Japan,LEC
2,10.0,0.3199998720000512,36.0,0.6792452830188679,3,96.681,Japan,LEC
2,11.0,0.3599998560000576,37.0,0.6981132075471698,3,96.135,Japan,LEC
2,12.0,0.399999840000064,38.0,0.7169811320754716,3,96.029,Japan,LEC
2,13.0,0.4399998240000704,39.0,0.7358490566037735,3,95.693,Japan,LEC
2,14.0,0.4799998080000768,40.0,0.7547169811320755,3,96.341,Japan,LEC
2,15.0,0.5199997920000832,41.0,0.7735849056603774,3,95.451,Japan,LEC
2,16.0,0.5599997760000897,42.0,0.7924528301886793,3,95.797,Japan,LEC
2,17.0,0.599999760000096,43.0,0.8113207547169812,3,95.713,Japan,LEC
2,18.0,0.6399997440001024,44.0,0.8301886792452831,3,95.685,Japan,LEC
2,19.0,0.6799997280001088,45.0,0.8490566037735849,3,95.739,Japan,LEC
2,20.0,0.7199997120001153,46.0,0.8679245283018868,3,96.778,Japan,LEC
2,21.0,0.7599996960001216,47.0,0.8867924528301887,3,95.922,Japan,LEC
2,22.0,0.799999680000128,48.0,0.9056603773584906,3,95.502,Japan,LEC
2,23.0,0.8399996640001344,49.0,0.9245283018867925,3,95.543,Japan,LEC
2,24.0,0.8799996480001409,50.0,0.9433962264150944,3,95.274,Japan,LEC
2,25.0,0.9199996320001472,51.0,0.9622641509433962,3,95.199,Japan,LEC
2,26.0,0.9599996160001536,52.0,0.9811320754716981,3,95.316,Japan,LEC
2,27.0,0.99999960000016,53.0,1.0,3,95.044,Japan,LEC
1,4.0,0.0,4.0,0.07547169811320754,2,96.853,Japan,NOR
1,5.0,0.16666638888935187,5.0,0.09433962264150944,2,96.86,Japan,NOR
1,6.0,0.33333277777870374,6.0,0.11320754716981132,2,97.9,Japan,NOR
1,7.0,0.4999991666680556,7.0,0.1320754716981132,2,97.742,Japan,NOR
1,8.0,0.6666655555574075,8.0,0.1509433962264151,2,97.824,Japan,NOR
1,9.0,0.8333319444467593,9.0,0.16981132075471697,2,97.963,Japan,NOR
1,10.0,0.9999983333361112,10.0,0.18867924528301888,2,98.158,Japan,NOR
2,2.0,0.0,13.0,0.24528301886792453,3,95.761,Japan,NOR
2,3.0,0.08333326388894677,14.0,0.2641509433962264,3,96.777,Japan,NOR
2,4.0,0.16666652777789354,15.0,0.2830188679245283,3,96.788,Japan,NOR
2,5.0,0.24999979166684028,16.0,0.3018867924528302,3,98.241,Japan,NOR
2,6.0,0.33333305555578707,17.0,0.32075471698113206,3,97.807,Japan,NOR
2,7.0,0.4166663194447338,18.0,0.33962264150943394,3,96.487,Japan,NOR
2,8.0,0.49999958333368055,19.0,0.3584905660377358,3,96.783,Japan,NOR
2,9.0,0.5833328472226273,20.0,0.37735849056603776,3,96.847,Japan,NOR
2,10.0,0.6666661111115741,21.0,0.39622641509433965,3,96.996,Japan,NOR
2,11.0,0.7499993750005208,22.0,0.41509433962264153,3,98.888,Japan,NOR
2,12.0,0.8333326388894676,23.0,0.4339622641509434,3,98.213,Japan,NOR
2,13.0,0.9166659027784144,24.0,0.4528301886792453,3,97.722,Japan,NOR
2,14.0,0.9999991666673611,25.0,0.4716981132075472,3,97.558,Japan,NOR
2,2.0,0.0,28.0,0.5283018867924528,4,95.721,Japan,NOR
2,3.0,0.0399999840000064,29.0,0.5471698113207547,4,96.258,Japan,NOR
2,4.0,0.0799999680000128,30.0,0.5660377358490566,4,96.243,Japan,NOR
2,5.0,0.1199999520000192,31.0,0.5849056603773585,4,96.225,Japan,NOR
2,6.0,0.1599999360000256,32.0,0.6037735849056604,4,96.375,Japan,NOR
2,7.0,0.199999920000032,33.0,0.6226415094339622,4,96.34,Japan,NOR
2,8.0,0.2399999040000384,34.0,0.6415094339622641,4,96.262,Japan,NOR
2,9.0,0.2799998880000448,35.0,0.660377358490566,4,96.614,Japan,NOR
2,10.0,0.3199998720000512,36.0,0.6792452830188679,4,95.896,Japan,NOR
2,11.0,0.3599998560000576,37.0,0.6981132075471698,4,96.412,Japan,NOR
2,12.0,0.399999840000064,38.0,0.7169811320754716,4,95.883,Japan,NOR
2,13.0,0.4399998240000704,39.0,0.7358490566037735,4,95.706,Japan,NOR
2,14.0,0.4799998080000768,40.0,0.7547169811320755,4,96.249,Japan,NOR
2,15.0,0.5199997920000832,41.0,0.7735849056603774,4,95.229,Japan,NOR
2,16.0,0.5599997760000897,42.0,0.7924528301886793,4,96.217,Japan,NOR
2,17.0,0.599999760000096,43.0,0.8113207547169812,4,95.92,Japan,NOR
2,18.0,0.6399997440001024,44.0,0.8301886792452831,4,96.391,Japan,NOR
2,19.0,0.6799997280001088,45.0,0.8490566037735849,4,96.224,Japan,NOR
2,20.0,0.7199997120001153,46.0,0.8679245283018868,4,95.635,Japan,NOR
2,21.0,0.7599996960001216,47.0,0.8867924528301887,4,95.633,Japan,NOR
2,22.0,0.799999680000128,48.0,0.9056603773584906,4,95.677,Japan,NOR
2,23.0,0.8399996640001344,49.0,0.9245283018867925,4,95.354,Japan,NOR
2,24.0,0.8799996480001409,50.0,0.9433962264150944,4,95.268,Japan,NOR
2,25.0,0.9199996320001472,51.0,0.9622641509433962,4,95.186,Japan,NOR
2,26.0,0.9599996160001536,52.0,0.9811320754716981,4,95.832,Japan,NOR
2,27.0,0.99999960000016,53.0,1.0,4,95.721,Japan,NOR
0,4.0,0.0,4.0,0.07547169811320754,2,97.453,Japan,ALO
0,5.0,0.12499984375019532,5.0,0.09433962264150944,2,97.532,Japan,ALO
0,6.0,0.24999968750039064,6.0,0.11320754716981132,2,97.861,Japan,ALO
0,7.0,0.37499953125058594,7.0,0.1320754716981132,2,98.203,Japan,ALO
0,8.0,0.4999993750007813,8.0,0.1509433962264151,2,98.461,Japan,ALO
0,9.0,0.6249992187509766,9.0,0.16981132075471697,2,98.884,Japan,ALO
0,10.0,0.7499990625011719,10.0,0.18867924528301888,2,98.781,Japan,ALO
0,11.0,0.8749989062513672,11.0,0.20754716981132076,2,98.943,Japan,ALO
0,12.0,0.9999987500015626,12.0,0.22641509433962265,2,98.744,Japan,ALO
1,2.0,0.0,15.0,0.2830188679245283,3,97.453,Japan,ALO
1,3.0,0.058823494809708936,16.0,0.3018867924528302,3,97.021,Japan,ALO
1,4.0,0.11764698961941787,17.0,0.32075471698113206,3,96.999,Japan,ALO
1,5.0,0.1764704844291268,18.0,0.33962264150943394,3,97.031,Japan,ALO
1,6.0,0.23529397923883574,19.0,0.3584905660377358,3,96.821,Japan,ALO
1,7.0,0.29411747404854466,20.0,0.37735849056603776,3,97.615,Japan,ALO
1,8.0,0.3529409688582536,21.0,0.39622641509433965,3,97.565,Japan,ALO
1,9.0,0.41176446366796254,22.0,0.41509433962264153,3,97.721,Japan,ALO
1,10.0,0.4705879584776715,23.0,0.4339622641509434,3,97.64,Japan,ALO
1,11.0,0.5294114532873805,24.0,0.4528301886792453,3,97.435,Japan,ALO
1,12.0,0.5882349480970893,25.0,0.4716981132075472,3,97.423,Japan,ALO
1,13.0,0.6470584429067983,26.0,0.49056603773584906,3,97.289,Japan,ALO
1,14.0,0.7058819377165072,27.0,0.5094339622641509,3,97.359,Japan,ALO
1,15.0,0.7647054325262161,28.0,0.5283018867924528,3,97.341,Japan,ALO
1,16.0,0.8235289273359251,29.0,0.5471698113207547,3,97.782,Japan,ALO
1,17.0,0.882352422145634,30.0,0.5660377358490566,3,97.643,Japan,ALO
1,18.0,0.941175916955343,31.0,0.5849056603773585,3,97.451,Japan,ALO
1,19.0,0.9999994117650519,32.0,0.6037735849056604,3,97.635,Japan,ALO
2,2.0,0.0,35.0,0.660377358490566,4,95.771,Japan,ALO
2,3.0,0.055555524691375174,36.0,0.6792452830188679,4,95.353,Japan,ALO
2,4.0,0.11111104938275035,37.0,0.6981132075471698,4,95.381,Japan,ALO
2,5.0,0.16666657407412552,38.0,0.7169811320754716,4,95.487,Japan,ALO
2,6.0,0.2222220987655007,39.0,0.7358490566037735,4,95.97,Japan,ALO
2,7.0,0.27777762345687584,40.0,0.7547169811320755,4,95.808,Japan,ALO
2,8.0,0.33333314814825105,41.0,0.7735849056603774,4,95.574,Japan,ALO
2,9.0,0.3888886728396262,42.0,0.7924528301886793,4,97.292,Japan,ALO
2,10.0,0.4444441975310014,43.0,0.8113207547169812,4,96.092,Japan,ALO
2,11.0,0.49999972222237654,44.0,0.8301886792452831,4,95.615,Japan,ALO
2,12.0,0.5555552469137517,45.0,0.8490566037735849,4,95.636,Japan,ALO
2,13.0,0.611110771605127,46.0,0.8679245283018868,4,95.827,Japan,ALO
2,14.0,0.6666662962965021,47.0,0.8867924528301887,4,95.862,Japan,ALO
2,15.0,0.7222218209878772,48.0,0.9056603773584906,4,95.861,Japan,ALO
2,16.0,0.7777773456792524,49.0,0.9245283018867925,4,95.831,Japan,ALO
2,17.0,0.8333328703706276,50.0,0.9433962264150944,4,96.008,Japan,ALO
2,18.0,0.8888883950620028,51.0,0.9622641509433962,4,96.069,Japan,ALO
2,19.0,0.9444439197533779,52.0,0.9811320754716981,4,95.633,Japan,ALO
2,20.0,0.9999994444447531,53.0,1.0,4,94.726,Japan,ALO
2,3.0,0.0,4.0,0.07547169811320754,2,98.976,Japan,RUS
2,4.0,0.058823494809708936,5.0,0.09433962264150944,2,97.737,Japan,RUS
2,5.0,0.11764698961941787,6.0,0.11320754716981132,2,98.392,Japan,RUS
2,6.0,0.1764704844291268,7.0,0.1320754716981132,2,98.07,Japan,RUS
2,7.0,0.23529397923883574,8.0,0.1509433962264151,2,98.192,Japan,RUS
2,8.0,0.29411747404854466,9.0,0.16981132075471697,2,98.253,Japan,RUS
2,9.0,0.3529409688582536,10.0,0.18867924528301888,2,98.368,Japan,RUS
2,10.0,0.41176446366796254,11.0,0.20754716981132076,2,98.949,Japan,RUS
2,11.0,0.4705879584776715,12.0,0.22641509433962265,2,99.212,Japan,RUS
2,12.0,0.5294114532873805,13.0,0.24528301886792453,2,98.989,Japan,RUS
2,13.0,0.5882349480970893,14.0,0.2641509433962264,2,98.428,Japan,RUS
2,14.0,0.6470584429067983,15.0,0.2830188679245283,2,98.565,Japan,RUS
2,15.0,0.7058819377165072,16.0,0.3018867924528302,2,98.658,Japan,RUS
2,16.0,0.7647054325262161,17.0,0.32075471698113206,2,99.417,Japan,RUS
2,17.0,0.8235289273359251,18.0,0.33962264150943394,2,100.317,Japan,RUS
2,18.0,0.882352422145634,19.0,0.3584905660377358,2,98.392,Japan,RUS
2,19.0,0.941175916955343,20.0,0.37735849056603776,2,98.463,Japan,RUS
2,20.0,0.9999994117650519,21.0,0.39622641509433965,2,99.492,Japan,RUS
2,2.0,0.0,24.0,0.4528301886792453,3,95.149,Japan,RUS
2,3.0,0.08333326388894677,25.0,0.4716981132075472,3,95.673,Japan,RUS
2,4.0,0.16666652777789354,26.0,0.49056603773584906,3,95.775,Japan,RUS
2,5.0,0.24999979166684028,27.0,0.5094339622641509,3,97.28,Japan,RUS
2,6.0,0.33333305555578707,28.0,0.5283018867924528,3,97.564,Japan,RUS
2,7.0,0.4166663194447338,29.0,0.5471698113207547,3,96.699,Japan,RUS
2,8.0,0.49999958333368055,30.0,0.5660377358490566,3,96.493,Japan,RUS
2,9.0,0.5833328472226273,31.0,0.5849056603773585,3,96.776,Japan,RUS
2,10.0,0.6666661111115741,32.0,0.6037735849056604,3,96.744,Japan,RUS
2,11.0,0.7499993750005208,33.0,0.6226415094339622,3,96.383,Japan,RUS
2,12.0,0.8333326388894676,34.0,0.6415094339622641,3,96.704,Japan,RUS
2,13.0,0.9166659027784144,35.0,0.660377358490566,3,96.47,Japan,RUS
2,14.0,0.9999991666673611,36.0,0.6792452830188679,3,96.468,Japan,RUS
1,3.0,0.0,39.0,0.7358490566037735,4,94.404,Japan,RUS
1,4.0,0.0714285204081997,40.0,0.7547169811320755,4,94.537,Japan,RUS
1,5.0,0.1428570408163994,41.0,0.7735849056603774,4,94.541,Japan,RUS
1,6.0,0.21428556122459913,42.0,0.7924528301886793,4,95.299,Japan,RUS
1,7.0,0.2857140816327988,43.0,0.8113207547169812,4,95.141,Japan,RUS
1,8.0,0.35714260204099857,44.0,0.8301886792452831,4,94.834,Japan,RUS
1,9.0,0.42857112244919826,45.0,0.8490566037735849,4,94.913,Japan,RUS
1,10.0,0.49999964285739795,46.0,0.8679245283018868,4,95.115,Japan,RUS
1,11.0,0.5714281632655976,47.0,0.8867924528301887,4,95.317,Japan,RUS
1,12.0,0.6428566836737974,48.0,0.9056603773584906,4,95.423,Japan,RUS
1,13.0,0.7142852040819971,49.0,0.9245283018867925,4,96.024,Japan,RUS
1,14.0,0.7857137244901968,50.0,0.9433962264150944,4,96.465,Japan,RUS
1,15.0,0.8571422448983965,51.0,0.9622641509433962,4,95.429,Japan,RUS
1,16.0,0.9285707653065962,52.0,0.9811320754716981,4,95.743,Japan,RUS
1,17.0,0.9999992857147959,53.0,1.0,4,94.902,Japan,RUS
1,4.0,0.0,4.0,0.07547169811320754,2,97.734,Japan,PIA
1,5.0,0.14285693877580175,5.0,0.09433962264150944,2,97.631,Japan,PIA
1,6.0,0.2857138775516035,6.0,0.11320754716981132,2,98.141,Japan,PIA
1,7.0,0.4285708163274053,7.0,0.1320754716981132,2,98.191,Japan,PIA
1,8.0,0.571427755103207,8.0,0.1509433962264151,2,98.222,Japan,PIA
1,9.0,0.7142846938790088,9.0,0.16981132075471697,2,98.5,Japan,PIA
1,10.0,0.8571416326548106,10.0,0.18867924528301888,2,99.011,Japan,PIA
1,11.0,0.9999985714306123,11.0,0.20754716981132076,2,99.245,Japan,PIA
2,2.0,0.0,14.0,0.2641509433962264,3,97.675,Japan,PIA
2,3.0,0.058823494809708936,15.0,0.2830188679245283,3,97.377,Japan,PIA
2,4.0,0.11764698961941787,16.0,0.3018867924528302,3,97.058,Japan,PIA
2,5.0,0.1764704844291268,17.0,0.32075471698113206,3,96.747,Japan,PIA
2,6.0,0.23529397923883574,18.0,0.33962264150943394,3,96.822,Japan,PIA
2,7.0,0.29411747404854466,19.0,0.3584905660377358,3,96.782,Japan,PIA
2,8.0,0.3529409688582536,20.0,0.37735849056603776,3,96.984,Japan,PIA
2,9.0,0.41176446366796254,21.0,0.39622641509433965,3,97.416,Japan,PIA
2,10.0,0.4705879584776715,22.0,0.41509433962264153,3,98.625,Japan,PIA
2,11.0,0.5294114532873805,23.0,0.4339622641509434,3,98.919,Japan,PIA
2,12.0,0.5882349480970893,24.0,0.4528301886792453,3,97.175,Japan,PIA
2,13.0,0.6470584429067983,25.0,0.4716981132075472,3,97.776,Japan,PIA
2,14.0,0.7058819377165072,26.0,0.49056603773584906,3,97.364,Japan,PIA
2,15.0,0.7647054325262161,27.0,0.5094339622641509,3,97.389,Japan,PIA
2,16.0,0.8235289273359251,28.0,0.5283018867924528,3,97.438,Japan,PIA
2,17.0,0.882352422145634,29.0,0.5471698113207547,3,97.771,Japan,PIA
2,18.0,0.941175916955343,30.0,0.5660377358490566,3,97.946,Japan,PIA
2,19.0,0.9999994117650519,31.0,0.5849056603773585,3,97.845,Japan,PIA
2,2.0,0.0,34.0,0.6415094339622641,4,95.255,Japan,PIA
2,3.0,0.05263155124655198,35.0,0.660377358490566,4,94.802,Japan,PIA
2,4.0,0.10526310249310396,36.0,0.6792452830188679,4,95.128,Japan,PIA
2,5.0,0.15789465373965592,37.0,0.6981132075471698,4,95.4,Japan,PIA
2,6.0,0.21052620498620792,38.0,0.7169811320754716,4,95.267,Japan,PIA
2,7.0,0.2631577562327599,39.0,0.7358490566037735,4,96.036,Japan,PIA
2,8.0,0.31578930747931183,40.0,0.7547169811320755,4,95.888,Japan,PIA
2,9.0,0.36842085872586383,41.0,0.7735849056603774,4,95.545,Japan,PIA
2,10.0,0.42105240997241583,42.0,0.7924528301886793,4,97.548,Japan,PIA
2,11.0,0.4736839612189678,43.0,0.8113207547169812,4,95.841,Japan,PIA
2,12.0,0.5263155124655198,44.0,0.8301886792452831,4,95.539,Japan,PIA
2,13.0,0.5789470637120717,45.0,0.8490566037735849,4,95.648,Japan,PIA
2,14.0,0.6315786149586237,46.0,0.8679245283018868,4,95.755,Japan,PIA
2,15.0,0.6842101662051757,47.0,0.8867924528301887,4,95.891,Japan,PIA
2,16.0,0.7368417174517277,48.0,0.9056603773584906,4,95.898,Japan,PIA
2,17.0,0.7894732686982796,49.0,0.9245283018867925,4,96.179,Japan,PIA
2,18.0,0.8421048199448317,50.0,0.9433962264150944,4,96.228,Japan,PIA
2,19.0,0.8947363711913836,51.0,0.9622641509433962,4,95.429,Japan,PIA
2,20.0,0.9473679224379356,52.0,0.9811320754716981,4,96.164,Japan,PIA
2,21.0,0.9999994736844876,53.0,1.0,4,96.611,Japan,PIA
2,3.0,0.0,4.0,0.07547169811320754,2,98.303,Japan,HAM
2,4.0,0.055555524691375174,5.0,0.09433962264150944,2,98.139,Japan,HAM
2,5.0,0.11111104938275035,6.0,0.11320754716981132,2,98.19,Japan,HAM
2,6.0,0.16666657407412552,7.0,0.1320754716981132,2,98.374,Japan,HAM
2,7.0,0.2222220987655007,8.0,0.1509433962264151,2,98.096,Japan,HAM
2,8.0,0.27777762345687584,9.0,0.16981132075471697,2,98.533,Japan,HAM
2,9.0,0.33333314814825105,10.0,0.18867924528301888,2,98.703,Japan,HAM
2,10.0,0.3888886728396262,11.0,0.20754716981132076,2,99.292,Japan,HAM
2,11.0,0.4444441975310014,12.0,0.22641509433962265,2,99.202,Japan,HAM
2,12.0,0.49999972222237654,13.0,0.24528301886792453,2,100.24,Japan,HAM
2,13.0,0.5555552469137517,14.0,0.2641509433962264,2,99.053,Japan,HAM
2,14.0,0.611110771605127,15.0,0.2830188679245283,2,98.915,Japan,HAM
2,15.0,0.6666662962965021,16.0,0.3018867924528302,2,98.693,Japan,HAM
2,16.0,0.7222218209878772,17.0,0.32075471698113206,2,100.53,Japan,HAM
2,17.0,0.7777773456792524,18.0,0.33962264150943394,2,99.304,Japan,HAM
2,18.0,0.8333328703706276,19.0,0.3584905660377358,2,99.352,Japan,HAM
2,19.0,0.8888883950620028,20.0,0.37735849056603776,2,98.619,Japan,HAM
2,20.0,0.9444439197533779,21.0,0.39622641509433965,2,98.642,Japan,HAM
2,21.0,0.9999994444447531,22.0,0.41509433962264153,2,99.823,Japan,HAM
2,2.0,0.0,25.0,0.4716981132075472,3,95.432,Japan,HAM
2,3.0,0.07692301775152481,26.0,0.49056603773584906,3,95.447,Japan,HAM
2,4.0,0.15384603550304962,27.0,0.5094339622641509,3,96.135,Japan,HAM
2,5.0,0.23076905325457442,28.0,0.5283018867924528,3,96.295,Japan,HAM
2,6.0,0.30769207100609924,29.0,0.5471698113207547,3,96.746,Japan,HAM
2,7.0,0.38461508875762407,30.0,0.5660377358490566,3,96.399,Japan,HAM
2,8.0,0.46153810650914884,31.0,0.5849056603773585,3,96.586,Japan,HAM
2,9.0,0.5384611242606736,32.0,0.6037735849056604,3,96.601,Japan,HAM
2,10.0,0.6153841420121985,33.0,0.6226415094339622,3,96.444,Japan,HAM
2,11.0,0.6923071597637233,34.0,0.6415094339622641,3,96.707,Japan,HAM
2,12.0,0.7692301775152481,35.0,0.660377358490566,3,96.514,Japan,HAM
2,13.0,0.8461531952667729,36.0,0.6792452830188679,3,96.191,Japan,HAM
2,14.0,0.9230762130182977,37.0,0.6981132075471698,3,96.622,Japan,HAM
2,15.0,0.9999992307698226,38.0,0.7169811320754716,3,97.458,Japan,HAM
1,3.0,0.0,41.0,0.7735849056603774,4,93.952,Japan,HAM
1,4.0,0.08333326388894677,42.0,0.7924528301886793,4,94.238,Japan,HAM
1,5.0,0.16666652777789354,43.0,0.8113207547169812,4,94.082,Japan,HAM
1,6.0,0.24999979166684028,44.0,0.8301886792452831,4,94.337,Japan,HAM
1,7.0,0.33333305555578707,45.0,0.8490566037735849,4,94.791,Japan,HAM
1,8.0,0.4166663194447338,46.0,0.8679245283018868,4,94.798,Japan,HAM
1,9.0,0.49999958333368055,47.0,0.8867924528301887,4,94.679,Japan,HAM
1,10.0,0.5833328472226273,48.0,0.9056603773584906,4,94.9,Japan,HAM
1,11.0,0.6666661111115741,49.0,0.9245283018867925,4,95.047,Japan,HAM
1,12.0,0.7499993750005208,50.0,0.9433962264150944,4,95.43,Japan,HAM
1,13.0,0.8333326388894676,51.0,0.9622641509433962,4,95.476,Japan,HAM
1,14.0,0.9166659027784144,52.0,0.9811320754716981,4,95.235,Japan,HAM
1,15.0,0.9999991666673611,53.0,1.0,4,95.773,Japan,HAM
0,6.0,0.0,4.0,0.07547169811320754,2,99.108,Japan,TSU
0,7.0,0.49999750001249993,5.0,0.09433962264150944,2,99.508,Japan,TSU
0,8.0,0.9999950000249999,6.0,0.11320754716981132,2,98.887,Japan,TSU
2,2.0,0.0,9.0,0.16981132075471697,3,97.17,Japan,TSU
2,3.0,0.08333326388894677,10.0,0.18867924528301888,3,97.496,Japan,TSU
2,4.0,0.16666652777789354,11.0,0.20754716981132076,3,97.895,Japan,TSU
2,5.0,0.24999979166684028,12.0,0.22641509433962265,3,100.057,Japan,TSU
2,6.0,0.33333305555578707,13.0,0.24528301886792453,3,98.98,Japan,TSU
2,7.0,0.4166663194447338,14.0,0.2641509433962264,3,98.51,Japan,TSU
2,8.0,0.49999958333368055,15.0,0.2830188679245283,3,99.925,Japan,TSU
2,9.0,0.5833328472226273,16.0,0.3018867924528302,3,100.096,Japan,TSU
2,10.0,0.6666661111115741,17.0,0.32075471698113206,3,97.944,Japan,TSU
2,11.0,0.7499993750005208,18.0,0.33962264150943394,3,99.27,Japan,TSU
2,12.0,0.8333326388894676,19.0,0.3584905660377358,3,99.658,Japan,TSU
2,13.0,0.9166659027784144,20.0,0.37735849056603776,3,99.1,Japan,TSU
2,14.0,0.9999991666673611,21.0,0.39622641509433965,3,99.562,Japan,TSU
2,2.0,0.0,24.0,0.4528301886792453,4,96.637,Japan,TSU
2,3.0,0.03571427295918823,25.0,0.4716981132075472,4,97.073,Japan,TSU
2,4.0,0.07142854591837645,26.0,0.49056603773584906,4,97.037,Japan,TSU
2,5.0,0.10714281887756469,27.0,0.5094339622641509,4,97.184,Japan,TSU
2,6.0,0.1428570918367529,28.0,0.5283018867924528,4,97.227,Japan,TSU
2,7.0,0.17857136479594116,29.0,0.5471698113207547,4,97.319,Japan,TSU
2,8.0,0.21428563775512938,30.0,0.5660377358490566,4,97.617,Japan,TSU
2,9.0,0.2499999107143176,31.0,0.5849056603773585,4,97.676,Japan,TSU
2,10.0,0.2857141836735058,32.0,0.6037735849056604,4,98.624,Japan,TSU
2,11.0,0.32142845663269404,33.0,0.6226415094339622,4,98.692,Japan,TSU
2,12.0,0.3571427295918823,34.0,0.6415094339622641,4,97.793,Japan,TSU
2,13.0,0.39285700255107053,35.0,0.660377358490566,4,97.626,Japan,TSU
2,14.0,0.42857127551025875,36.0,0.6792452830188679,4,97.103,Japan,TSU
2,15.0,0.464285548469447,37.0,0.6981132075471698,4,97.419,Japan,TSU
2,16.0,0.4999998214286352,38.0,0.7169811320754716,4,97.442,Japan,TSU
2,17.0,0.5357140943878235,39.0,0.7358490566037735,4,97.595,Japan,TSU
2,18.0,0.5714283673470116,40.0,0.7547169811320755,4,97.441,Japan,TSU
2,19.0,0.6071426403061999,41.0,0.7735849056603774,4,97.297,Japan,TSU
2,20.0,0.6428569132653881,42.0,0.7924528301886793,4,97.493,Japan,TSU
2,21.0,0.6785711862245764,43.0,0.8113207547169812,4,97.498,Japan,TSU
2,22.0,0.7142854591837646,44.0,0.8301886792452831,4,97.329,Japan,TSU
2,23.0,0.7499997321429528,45.0,0.8490566037735849,4,97.25,Japan,TSU
2,24.0,0.7857140051021411,46.0,0.8679245283018868,4,97.046,Japan,TSU
2,25.0,0.8214282780613292,47.0,0.8867924528301887,4,97.106,Japan,TSU
2,26.0,0.8571425510205175,48.0,0.9056603773584906,4,97.038,Japan,TSU
2,27.0,0.8928568239797058,49.0,0.9245283018867925,4,96.557,Japan,TSU
2,28.0,0.928571096938894,50.0,0.9433962264150944,4,96.388,Japan,TSU
2,29.0,0.9642853698980822,51.0,0.9622641509433962,4,96.342,Japan,TSU
2,30.0,0.9999996428572704,52.0,0.9811320754716981,4,98.195,Japan,TSU
0,4.0,0.0,4.0,0.07547169811320754,2,100.374,Japan,HUL
2,2.0,0.0,7.0,0.1320754716981132,3,96.751,Japan,HUL
2,3.0,0.0399999840000064,8.0,0.1509433962264151,3,97.616,Japan,HUL
2,4.0,0.0799999680000128,9.0,0.16981132075471697,3,97.898,Japan,HUL
2,5.0,0.1199999520000192,10.0,0.18867924528301888,3,98.34,Japan,HUL
2,6.0,0.1599999360000256,11.0,0.20754716981132076,3,98.352,Japan,HUL
2,7.0,0.199999920000032,12.0,0.22641509433962265,3,98.847,Japan,HUL
2,8.0,0.2399999040000384,13.0,0.24528301886792453,3,100.302,Japan,HUL
2,9.0,0.2799998880000448,14.0,0.2641509433962264,3,98.617,Japan,HUL
2,10.0,0.3199998720000512,15.0,0.2830188679245283,3,99.624,Japan,HUL
2,11.0,0.3599998560000576,16.0,0.3018867924528302,3,99.355,Japan,HUL
2,12.0,0.399999840000064,17.0,0.32075471698113206,3,99.312,Japan,HUL
2,13.0,0.4399998240000704,18.0,0.33962264150943394,3,98.476,Japan,HUL
2,14.0,0.4799998080000768,19.0,0.3584905660377358,3,98.894,Japan,HUL
2,15.0,0.5199997920000832,20.0,0.37735849056603776,3,99.343,Japan,HUL
2,16.0,0.5599997760000897,21.0,0.39622641509433965,3,99.78,Japan,HUL
2,17.0,0.599999760000096,22.0,0.41509433962264153,3,99.694,Japan,HUL
2,18.0,0.6399997440001024,23.0,0.4339622641509434,3,98.965,Japan,HUL
2,19.0,0.6799997280001088,24.0,0.4528301886792453,3,99.261,Japan,HUL
2,20.0,0.7199997120001153,25.0,0.4716981132075472,3,98.781,Japan,HUL
2,21.0,0.7599996960001216,26.0,0.49056603773584906,3,99.042,Japan,HUL
2,22.0,0.799999680000128,27.0,0.5094339622641509,3,99.256,Japan,HUL
2,23.0,0.8399996640001344,28.0,0.5283018867924528,3,99.17,Japan,HUL
2,24.0,0.8799996480001409,29.0,0.5471698113207547,3,99.951,Japan,HUL
2,25.0,0.9199996320001472,30.0,0.5660377358490566,3,99.183,Japan,HUL
2,26.0,0.9599996160001536,31.0,0.5849056603773585,3,99.465,Japan,HUL
2,27.0,0.99999960000016,32.0,0.6037735849056604,3,100.248,Japan,HUL
2,2.0,0.0,35.0,0.660377358490566,4,95.937,Japan,HUL
2,3.0,0.058823494809708936,36.0,0.6792452830188679,4,95.858,Japan,HUL
2,4.0,0.11764698961941787,37.0,0.6981132075471698,4,95.933,Japan,HUL
2,5.0,0.1764704844291268,38.0,0.7169811320754716,4,96.13,Japan,HUL
2,6.0,0.23529397923883574,39.0,0.7358490566037735,4,95.853,Japan,HUL
2,7.0,0.29411747404854466,40.0,0.7547169811320755,4,95.705,Japan,HUL
2,8.0,0.3529409688582536,41.0,0.7735849056603774,4,95.947,Japan,HUL
2,9.0,0.41176446366796254,42.0,0.7924528301886793,4,96.374,Japan,HUL
2,10.0,0.4705879584776715,43.0,0.8113207547169812,4,96.151,Japan,HUL
2,11.0,0.5294114532873805,44.0,0.8301886792452831,4,96.769,Japan,HUL
2,12.0,0.5882349480970893,45.0,0.8490566037735849,4,96.808,Japan,HUL
2,13.0,0.6470584429067983,46.0,0.8679245283018868,4,98.169,Japan,HUL
2,14.0,0.7058819377165072,47.0,0.8867924528301887,4,96.827,Japan,HUL
2,15.0,0.7647054325262161,48.0,0.9056603773584906,4,95.733,Japan,HUL
2,16.0,0.8235289273359251,49.0,0.9245283018867925,4,96.235,Japan,HUL
2,17.0,0.882352422145634,50.0,0.9433962264150944,4,95.718,Japan,HUL
2,18.0,0.941175916955343,51.0,0.9622641509433962,4,95.853,Japan,HUL
2,19.0,0.9999994117650519,52.0,0.9811320754716981,4,95.325,Japan,HUL
0,3.0,0.0,4.0,0.07547169811320754,2,99.528,Japan,STR
0,4.0,0.14285693877580175,5.0,0.09433962264150944,2,99.552,Japan,STR
0,5.0,0.2857138775516035,6.0,0.11320754716981132,2,98.746,Japan,STR
0,6.0,0.4285708163274053,7.0,0.1320754716981132,2,98.624,Japan,STR
0,7.0,0.571427755103207,8.0,0.1509433962264151,2,98.61,Japan,STR
0,8.0,0.7142846938790088,9.0,0.16981132075471697,2,98.881,Japan,STR
0,9.0,0.8571416326548106,10.0,0.18867924528301888,2,99.052,Japan,STR
0,10.0,0.9999985714306123,11.0,0.20754716981132076,2,99.103,Japan,STR
1,2.0,0.0,14.0,0.2641509433962264,3,97.935,Japan,STR
1,3.0,0.14285693877580175,15.0,0.2830188679245283,3,98.125,Japan,STR
1,4.0,0.2857138775516035,16.0,0.3018867924528302,3,99.274,Japan,STR
1,5.0,0.4285708163274053,17.0,0.32075471698113206,3,98.057,Japan,STR
1,6.0,0.571427755103207,18.0,0.33962264150943394,3,98.843,Japan,STR
1,7.0,0.7142846938790088,19.0,0.3584905660377358,3,99.757,Japan,STR
1,8.0,0.8571416326548106,20.0,0.37735849056603776,3,99.248,Japan,STR
1,9.0,0.9999985714306123,21.0,0.39622641509433965,3,99.552,Japan,STR
2,2.0,0.0,24.0,0.4528301886792453,4,96.761,Japan,STR
2,3.0,0.11111098765445816,25.0,0.4716981132075472,4,96.995,Japan,STR
2,4.0,0.22222197530891633,26.0,0.49056603773584906,4,97.307,Japan,STR
2,5.0,0.3333329629633745,27.0,0.5094339622641509,4,97.244,Japan,STR
2,6.0,0.44444395061783265,28.0,0.5283018867924528,4,97.088,Japan,STR
2,7.0,0.5555549382722909,29.0,0.5471698113207547,4,97.633,Japan,STR
2,8.0,0.666665925926749,30.0,0.5660377358490566,4,97.361,Japan,STR
2,9.0,0.7777769135812072,31.0,0.5849056603773585,4,97.729,Japan,STR
2,10.0,0.8888879012356653,32.0,0.6037735849056604,4,98.202,Japan,STR
2,11.0,0.9999988888901234,33.0,0.6226415094339622,4,99.609,Japan,STR
0,2.0,0.0,36.0,0.6792452830188679,5,95.973,Japan,STR
0,3.0,0.06249996093752441,37.0,0.6981132075471698,5,96.284,Japan,STR
0,4.0,0.12499992187504883,38.0,0.7169811320754716,5,96.356,Japan,STR
0,5.0,0.18749988281257324,39.0,0.7358490566037735,5,96.614,Japan,STR
0,6.0,0.24999984375009765,40.0,0.7547169811320755,5,95.844,Japan,STR
0,7.0,0.31249980468762206,41.0,0.7735849056603774,5,95.798,Japan,STR
0,8.0,0.3749997656251465,42.0,0.7924528301886793,5,96.556,Japan,STR
0,9.0,0.4374997265626709,43.0,0.8113207547169812,5,96.503,Japan,STR
0,10.0,0.4999996875001953,44.0,0.8301886792452831,5,96.485,Japan,STR
0,11.0,0.5624996484377197,45.0,0.8490566037735849,5,96.806,Japan,STR
0,12.0,0.6249996093752441,46.0,0.8679245283018868,5,96.35,Japan,STR
0,13.0,0.6874995703127685,47.0,0.8867924528301887,5,96.704,Japan,STR
0,14.0,0.749999531250293,48.0,0.9056603773584906,5,98.033,Japan,STR
0,15.0,0.8124994921878174,49.0,0.9245283018867925,5,96.381,Japan,STR
0,16.0,0.8749994531253418,50.0,0.9433962264150944,5,96.165,Japan,STR
0,17.0,0.9374994140628662,51.0,0.9622641509433962,5,96.27,Japan,STR
0,18.0,0.9999993750003906,52.0,0.9811320754716981,5,99.818,Japan,STR
1,3.0,0.0,4.0,0.07547169811320754,2,100.103,Japan,MAG
1,4.0,0.058823494809708936,5.0,0.09433962264150944,2,99.392,Japan,MAG
1,5.0,0.11764698961941787,6.0,0.11320754716981132,2,100.026,Japan,MAG
1,6.0,0.1764704844291268,7.0,0.1320754716981132,2,100.357,Japan,MAG
1,7.0,0.23529397923883574,8.0,0.1509433962264151,2,99.601,Japan,MAG
1,8.0,0.29411747404854466,9.0,0.16981132075471697,2,100.251,Japan,MAG
1,9.0,0.3529409688582536,10.0,0.18867924528301888,2,100.177,Japan,MAG
1,10.0,0.41176446366796254,11.0,0.20754716981132076,2,99.9,Japan,MAG
1,11.0,0.4705879584776715,12.0,0.22641509433962265,2,100.26,Japan,MAG
1,12.0,0.5294114532873805,13.0,0.24528301886792453,2,99.267,Japan,MAG
1,13.0,0.5882349480970893,14.0,0.2641509433962264,2,100.786,Japan,MAG
1,14.0,0.6470584429067983,15.0,0.2830188679245283,2,99.373,Japan,MAG
1,15.0,0.7058819377165072,16.0,0.3018867924528302,2,99.814,Japan,MAG
1,16.0,0.7647054325262161,17.0,0.32075471698113206,2,99.728,Japan,MAG
1,17.0,0.8235289273359251,18.0,0.33962264150943394,2,99.665,Japan,MAG
1,18.0,0.882352422145634,19.0,0.3584905660377358,2,99.538,Japan,MAG
1,19.0,0.941175916955343,20.0,0.37735849056603776,2,99.262,Japan,MAG
1,20.0,0.9999994117650519,21.0,0.39622641509433965,2,99.545,Japan,MAG
2,2.0,0.0,24.0,0.4528301886792453,3,96.654,Japan,MAG
2,3.0,0.03571427295918823,25.0,0.4716981132075472,3,97.033,Japan,MAG
2,4.0,0.07142854591837645,26.0,0.49056603773584906,3,97.145,Japan,MAG
2,5.0,0.10714281887756469,27.0,0.5094339622641509,3,97.395,Japan,MAG
2,6.0,0.1428570918367529,28.0,0.5283018867924528,3,97.504,Japan,MAG
2,7.0,0.17857136479594116,29.0,0.5471698113207547,3,97.888,Japan,MAG
2,8.0,0.21428563775512938,30.0,0.5660377358490566,3,98.014,Japan,MAG
2,9.0,0.2499999107143176,31.0,0.5849056603773585,3,98.498,Japan,MAG
2,10.0,0.2857141836735058,32.0,0.6037735849056604,3,98.657,Japan,MAG
2,11.0,0.32142845663269404,33.0,0.6226415094339622,3,98.58,Japan,MAG
2,12.0,0.3571427295918823,34.0,0.6415094339622641,3,97.93,Japan,MAG
2,13.0,0.39285700255107053,35.0,0.660377358490566,3,98.046,Japan,MAG
2,14.0,0.42857127551025875,36.0,0.6792452830188679,3,98.078,Japan,MAG
2,15.0,0.464285548469447,37.0,0.6981132075471698,3,97.662,Japan,MAG
2,16.0,0.4999998214286352,38.0,0.7169811320754716,3,97.789,Japan,MAG
2,17.0,0.5357140943878235,39.0,0.7358490566037735,3,97.553,Japan,MAG
2,18.0,0.5714283673470116,40.0,0.7547169811320755,3,97.542,Japan,MAG
2,19.0,0.6071426403061999,41.0,0.7735849056603774,3,97.513,Japan,MAG
2,20.0,0.6428569132653881,42.0,0.7924528301886793,3,97.968,Japan,MAG
2,21.0,0.6785711862245764,43.0,0.8113207547169812,3,97.376,Japan,MAG
2,22.0,0.7142854591837646,44.0,0.8301886792452831,3,97.475,Japan,MAG
2,23.0,0.7499997321429528,45.0,0.8490566037735849,3,97.674,Japan,MAG
2,24.0,0.7857140051021411,46.0,0.8679245283018868,3,98.332,Japan,MAG
2,25.0,0.8214282780613292,47.0,0.8867924528301887,3,98.707,Japan,MAG
2,26.0,0.8571425510205175,48.0,0.9056603773584906,3,98.319,Japan,MAG
2,27.0,0.8928568239797058,49.0,0.9245283018867925,3,97.519,Japan,MAG
2,28.0,0.928571096938894,50.0,0.9433962264150944,3,97.42,Japan,MAG
2,29.0,0.9642853698980822,51.0,0.9622641509433962,3,98.878,Japan,MAG
2,30.0,0.9999996428572704,52.0,0.9811320754716981,3,97.822,Japan,MAG
0,4.0,0.0,4.0,0.07547169811320754,2,99.462,Japan,BOT
0,5.0,0.9999900000999989,5.0,0.09433962264150944,2,98.279,Japan,BOT
2,2.0,0.0,8.0,0.1509433962264151,3,96.706,Japan,BOT
2,3.0,0.07692301775152481,9.0,0.16981132075471697,3,97.406,Japan,BOT
2,4.0,0.15384603550304962,10.0,0.18867924528301888,3,97.451,Japan,BOT
2,5.0,0.23076905325457442,11.0,0.20754716981132076,3,98.432,Japan,BOT
2,6.0,0.30769207100609924,12.0,0.22641509433962265,3,100.691,Japan,BOT
2,7.0,0.38461508875762407,13.0,0.24528301886792453,3,98.282,Japan,BOT
2,8.0,0.46153810650914884,14.0,0.2641509433962264,3,98.717,Japan,BOT
2,9.0,0.5384611242606736,15.0,0.2830188679245283,3,100.42,Japan,BOT
2,10.0,0.6153841420121985,16.0,0.3018867924528302,3,98.633,Japan,BOT
2,11.0,0.6923071597637233,17.0,0.32075471698113206,3,98.718,Japan,BOT
2,12.0,0.7692301775152481,18.0,0.33962264150943394,3,98.83,Japan,BOT
2,13.0,0.8461531952667729,19.0,0.3584905660377358,3,99.632,Japan,BOT
2,14.0,0.9230762130182977,20.0,0.37735849056603776,3,99.113,Japan,BOT
2,15.0,0.9999992307698226,21.0,0.39622641509433965,3,99.457,Japan,BOT
2,2.0,0.0,24.0,0.4528301886792453,4,98.126,Japan,BOT
2,3.0,0.03571427295918823,25.0,0.4716981132075472,4,96.608,Japan,BOT
2,4.0,0.07142854591837645,26.0,0.49056603773584906,4,96.858,Japan,BOT
2,5.0,0.10714281887756469,27.0,0.5094339622641509,4,96.622,Japan,BOT
2,6.0,0.1428570918367529,28.0,0.5283018867924528,4,97.472,Japan,BOT
2,7.0,0.17857136479594116,29.0,0.5471698113207547,4,97.712,Japan,BOT
2,8.0,0.21428563775512938,30.0,0.5660377358490566,4,98.253,Japan,BOT
2,9.0,0.2499999107143176,31.0,0.5849056603773585,4,98.058,Japan,BOT
2,10.0,0.2857141836735058,32.0,0.6037735849056604,4,98.748,Japan,BOT
2,11.0,0.32142845663269404,33.0,0.6226415094339622,4,98.722,Japan,BOT
2,12.0,0.3571427295918823,34.0,0.6415094339622641,4,98.003,Japan,BOT
2,13.0,0.39285700255107053,35.0,0.660377358490566,4,98.007,Japan,BOT
2,14.0,0.42857127551025875,36.0,0.6792452830188679,4,98.257,Japan,BOT
2,15.0,0.464285548469447,37.0,0.6981132075471698,4,97.602,Japan,BOT
2,16.0,0.4999998214286352,38.0,0.7169811320754716,4,98.0,Japan,BOT
2,17.0,0.5357140943878235,39.0,0.7358490566037735,4,97.232,Japan,BOT
2,18.0,0.5714283673470116,40.0,0.7547169811320755,4,97.858,Japan,BOT
2,19.0,0.6071426403061999,41.0,0.7735849056603774,4,97.312,Japan,BOT
2,20.0,0.6428569132653881,42.0,0.7924528301886793,4,98.001,Japan,BOT
2,21.0,0.6785711862245764,43.0,0.8113207547169812,4,97.444,Japan,BOT
2,22.0,0.7142854591837646,44.0,0.8301886792452831,4,97.507,Japan,BOT
2,23.0,0.7499997321429528,45.0,0.8490566037735849,4,98.734,Japan,BOT
2,24.0,0.7857140051021411,46.0,0.8679245283018868,4,99.966,Japan,BOT
2,25.0,0.8214282780613292,47.0,0.8867924528301887,4,97.9,Japan,BOT
2,26.0,0.8571425510205175,48.0,0.9056603773584906,4,97.206,Japan,BOT
2,27.0,0.8928568239797058,49.0,0.9245283018867925,4,96.944,Japan,BOT
2,28.0,0.928571096938894,50.0,0.9433962264150944,4,99.195,Japan,BOT
2,29.0,0.9642853698980822,51.0,0.9622641509433962,4,97.156,Japan,BOT
2,30.0,0.9999996428572704,52.0,0.9811320754716981,4,97.727,Japan,BOT
2,3.0,0.0,4.0,0.07547169811320754,2,99.541,Japan,OCO
2,4.0,0.0714285204081997,5.0,0.09433962264150944,2,100.081,Japan,OCO
2,5.0,0.1428570408163994,6.0,0.11320754716981132,2,100.496,Japan,OCO
2,6.0,0.21428556122459913,7.0,0.1320754716981132,2,99.744,Japan,OCO
2,7.0,0.2857140816327988,8.0,0.1509433962264151,2,100.009,Japan,OCO
2,8.0,0.35714260204099857,9.0,0.16981132075471697,2,100.294,Japan,OCO
2,9.0,0.42857112244919826,10.0,0.18867924528301888,2,100.315,Japan,OCO
2,10.0,0.49999964285739795,11.0,0.20754716981132076,2,100.371,Japan,OCO
2,11.0,0.5714281632655976,12.0,0.22641509433962265,2,100.56,Japan,OCO
2,12.0,0.6428566836737974,13.0,0.24528301886792453,2,101.341,Japan,OCO
2,13.0,0.7142852040819971,14.0,0.2641509433962264,2,100.787,Japan,OCO
2,14.0,0.7857137244901968,15.0,0.2830188679245283,2,100.961,Japan,OCO
2,15.0,0.8571422448983965,16.0,0.3018867924528302,2,100.692,Japan,OCO
2,16.0,0.9285707653065962,17.0,0.32075471698113206,2,100.929,Japan,OCO
2,17.0,0.9999992857147959,18.0,0.33962264150943394,2,100.737,Japan,OCO
2,2.0,0.0,21.0,0.39622641509433965,3,97.716,Japan,OCO
2,3.0,0.09090900826453795,22.0,0.41509433962264153,3,97.775,Japan,OCO
2,4.0,0.1818180165290759,23.0,0.4339622641509434,3,99.219,Japan,OCO
2,5.0,0.2727270247936138,24.0,0.4528301886792453,3,98.924,Japan,OCO
2,6.0,0.3636360330581518,25.0,0.4716981132075472,3,99.084,Japan,OCO
2,7.0,0.45454504132268975,26.0,0.49056603773584906,3,98.611,Japan,OCO
2,8.0,0.5454540495872277,27.0,0.5094339622641509,3,98.943,Japan,OCO
2,9.0,0.6363630578517656,28.0,0.5283018867924528,3,98.612,Japan,OCO
2,10.0,0.7272720661163036,29.0,0.5471698113207547,3,98.702,Japan,OCO
2,11.0,0.8181810743808415,30.0,0.5660377358490566,3,98.499,Japan,OCO
2,12.0,0.9090900826453795,31.0,0.5849056603773585,3,98.662,Japan,OCO
2,13.0,0.9999990909099173,32.0,0.6037735849056604,3,98.366,Japan,OCO
1,2.0,0.0,35.0,0.660377358490566,4,97.126,Japan,OCO
1,3.0,0.058823494809708936,36.0,0.6792452830188679,4,96.983,Japan,OCO
1,4.0,0.11764698961941787,37.0,0.6981132075471698,4,98.763,Japan,OCO
1,5.0,0.1764704844291268,38.0,0.7169811320754716,4,96.714,Japan,OCO
1,6.0,0.23529397923883574,39.0,0.7358490566037735,4,97.058,Japan,OCO
1,7.0,0.29411747404854466,40.0,0.7547169811320755,4,97.58,Japan,OCO
1,8.0,0.3529409688582536,41.0,0.7735849056603774,4,99.008,Japan,OCO
1,9.0,0.41176446366796254,42.0,0.7924528301886793,4,97.129,Japan,OCO
1,10.0,0.4705879584776715,43.0,0.8113207547169812,4,97.478,Japan,OCO
1,11.0,0.5294114532873805,44.0,0.8301886792452831,4,100.961,Japan,OCO
1,12.0,0.5882349480970893,45.0,0.8490566037735849,4,96.983,Japan,OCO
1,13.0,0.6470584429067983,46.0,0.8679245283018868,4,97.091,Japan,OCO
1,14.0,0.7058819377165072,47.0,0.8867924528301887,4,97.381,Japan,OCO
1,15.0,0.7647054325262161,48.0,0.9056603773584906,4,96.836,Japan,OCO
1,16.0,0.8235289273359251,49.0,0.9245283018867925,4,96.691,Japan,OCO
1,17.0,0.882352422145634,50.0,0.9433962264150944,4,96.636,Japan,OCO
1,18.0,0.941175916955343,51.0,0.9622641509433962,4,96.831,Japan,OCO
1,19.0,0.9999994117650519,52.0,0.9811320754716981,4,96.232,Japan,OCO
2,3.0,0.0,4.0,0.07547169811320754,2,99.925,Japan,GAS
2,4.0,0.09090900826453795,5.0,0.09433962264150944,2,99.473,Japan,GAS
2,5.0,0.1818180165290759,6.0,0.11320754716981132,2,100.257,Japan,GAS
2,6.0,0.2727270247936138,7.0,0.1320754716981132,2,100.248,Japan,GAS
2,7.0,0.3636360330581518,8.0,0.1509433962264151,2,101.363,Japan,GAS
2,8.0,0.45454504132268975,9.0,0.16981132075471697,2,100.78,Japan,GAS
2,9.0,0.5454540495872277,10.0,0.18867924528301888,2,101.117,Japan,GAS
2,10.0,0.6363630578517656,11.0,0.20754716981132076,2,101.628,Japan,GAS
2,11.0,0.7272720661163036,12.0,0.22641509433962265,2,101.107,Japan,GAS
2,12.0,0.8181810743808415,13.0,0.24528301886792453,2,102.475,Japan,GAS
2,13.0,0.9090900826453795,14.0,0.2641509433962264,2,101.773,Japan,GAS
2,14.0,0.9999990909099173,15.0,0.2830188679245283,2,101.38,Japan,GAS
1,2.0,0.0,18.0,0.33962264150943394,3,98.374,Japan,GAS
1,3.0,0.07692301775152481,19.0,0.3584905660377358,3,98.599,Japan,GAS
1,4.0,0.15384603550304962,20.0,0.37735849056603776,3,98.741,Japan,GAS
1,5.0,0.23076905325457442,21.0,0.39622641509433965,3,98.415,Japan,GAS
1,6.0,0.30769207100609924,22.0,0.41509433962264153,3,98.382,Japan,GAS
1,7.0,0.38461508875762407,23.0,0.4339622641509434,3,99.816,Japan,GAS
1,8.0,0.46153810650914884,24.0,0.4528301886792453,3,98.781,Japan,GAS
1,9.0,0.5384611242606736,25.0,0.4716981132075472,3,99.034,Japan,GAS
1,10.0,0.6153841420121985,26.0,0.49056603773584906,3,98.958,Japan,GAS
1,11.0,0.6923071597637233,27.0,0.5094339622641509,3,98.902,Japan,GAS
1,12.0,0.7692301775152481,28.0,0.5283018867924528,3,98.873,Japan,GAS
1,13.0,0.8461531952667729,29.0,0.5471698113207547,3,99.052,Japan,GAS
1,14.0,0.9230762130182977,30.0,0.5660377358490566,3,98.894,Japan,GAS
1,15.0,0.9999992307698226,31.0,0.5849056603773585,3,99.45,Japan,GAS
2,2.0,0.0,34.0,0.6415094339622641,4,98.671,Japan,GAS
2,3.0,0.055555524691375174,35.0,0.660377358490566,4,97.656,Japan,GAS
2,4.0,0.11111104938275035,36.0,0.6792452830188679,4,97.283,Japan,GAS
2,5.0,0.16666657407412552,37.0,0.6981132075471698,4,98.426,Japan,GAS
2,6.0,0.2222220987655007,38.0,0.7169811320754716,4,96.756,Japan,GAS
2,7.0,0.27777762345687584,39.0,0.7358490566037735,4,100.223,Japan,GAS
2,8.0,0.33333314814825105,40.0,0.7547169811320755,4,98.072,Japan,GAS
2,9.0,0.3888886728396262,41.0,0.7735849056603774,4,97.477,Japan,GAS
2,10.0,0.4444441975310014,42.0,0.7924528301886793,4,97.014,Japan,GAS
2,11.0,0.49999972222237654,43.0,0.8113207547169812,4,96.799,Japan,GAS
2,12.0,0.5555552469137517,44.0,0.8301886792452831,4,97.201,Japan,GAS
2,13.0,0.611110771605127,45.0,0.8490566037735849,4,96.942,Japan,GAS
2,14.0,0.6666662962965021,46.0,0.8679245283018868,4,96.997,Japan,GAS
2,15.0,0.7222218209878772,47.0,0.8867924528301887,4,96.759,Japan,GAS
2,16.0,0.7777773456792524,48.0,0.9056603773584906,4,96.642,Japan,GAS
2,17.0,0.8333328703706276,49.0,0.9245283018867925,4,98.65,Japan,GAS
2,18.0,0.8888883950620028,50.0,0.9433962264150944,4,100.961,Japan,GAS
2,19.0,0.9444439197533779,51.0,0.9622641509433962,4,97.721,Japan,GAS
2,20.0,0.9999994444447531,52.0,0.9811320754716981,4,97.505,Japan,GAS
2,3.0,0.0,4.0,0.07547169811320754,2,100.424,Japan,SAR
2,4.0,0.058823494809708936,5.0,0.09433962264150944,2,99.668,Japan,SAR
2,5.0,0.11764698961941787,6.0,0.11320754716981132,2,99.582,Japan,SAR
2,6.0,0.1764704844291268,7.0,0.1320754716981132,2,100.055,Japan,SAR
2,7.0,0.23529397923883574,8.0,0.1509433962264151,2,99.655,Japan,SAR
2,8.0,0.29411747404854466,9.0,0.16981132075471697,2,100.871,Japan,SAR
2,9.0,0.3529409688582536,10.0,0.18867924528301888,2,100.916,Japan,SAR
2,10.0,0.41176446366796254,11.0,0.20754716981132076,2,99.348,Japan,SAR
2,11.0,0.4705879584776715,12.0,0.22641509433962265,2,99.911,Japan,SAR
2,12.0,0.5294114532873805,13.0,0.24528301886792453,2,100.197,Japan,SAR
2,13.0,0.5882349480970893,14.0,0.2641509433962264,2,99.713,Japan,SAR
2,14.0,0.6470584429067983,15.0,0.2830188679245283,2,99.368,Japan,SAR
2,15.0,0.7058819377165072,16.0,0.3018867924528302,2,99.404,Japan,SAR
2,16.0,0.7647054325262161,17.0,0.32075471698113206,2,99.216,Japan,SAR
2,17.0,0.8235289273359251,18.0,0.33962264150943394,2,100.309,Japan,SAR
2,18.0,0.882352422145634,19.0,0.3584905660377358,2,99.537,Japan,SAR
2,19.0,0.941175916955343,20.0,0.37735849056603776,2,98.968,Japan,SAR
2,20.0,0.9999994117650519,21.0,0.39622641509433965,2,99.612,Japan,SAR
2,2.0,0.0,24.0,0.4528301886792453,3,98.094,Japan,SAR
2,3.0,0.11111098765445816,25.0,0.4716981132075472,3,98.43,Japan,SAR
2,4.0,0.22222197530891633,26.0,0.49056603773584906,3,98.485,Japan,SAR
2,5.0,0.3333329629633745,27.0,0.5094339622641509,3,96.59,Japan,SAR
2,6.0,0.44444395061783265,28.0,0.5283018867924528,3,97.429,Japan,SAR
2,7.0,0.5555549382722909,29.0,0.5471698113207547,3,97.679,Japan,SAR
2,8.0,0.666665925926749,30.0,0.5660377358490566,3,97.511,Japan,SAR
2,9.0,0.7777769135812072,31.0,0.5849056603773585,3,97.495,Japan,SAR
2,10.0,0.8888879012356653,32.0,0.6037735849056604,3,97.761,Japan,SAR
2,11.0,0.9999988888901234,33.0,0.6226415094339622,3,98.166,Japan,SAR
1,2.0,0.0,36.0,0.6792452830188679,4,95.497,Japan,SAR
1,3.0,0.24999937500156252,37.0,0.6981132075471698,4,96.103,Japan,SAR
1,4.0,0.49999875000312505,38.0,0.7169811320754716,4,96.149,Japan,SAR
1,5.0,0.7499981250046875,39.0,0.7358490566037735,4,96.25,Japan,SAR
1,6.0,0.9999975000062501,40.0,0.7547169811320755,4,96.282,Japan,SAR
0,2.0,0.0,43.0,0.8113207547169812,5,94.9,Japan,SAR
0,3.0,0.11111098765445816,44.0,0.8301886792452831,5,95.087,Japan,SAR
0,4.0,0.22222197530891633,45.0,0.8490566037735849,5,95.35,Japan,SAR
0,5.0,0.3333329629633745,46.0,0.8679245283018868,5,95.778,Japan,SAR
0,6.0,0.44444395061783265,47.0,0.8867924528301887,5,95.701,Japan,SAR
0,7.0,0.5555549382722909,48.0,0.9056603773584906,5,95.837,Japan,SAR
0,8.0,0.666665925926749,49.0,0.9245283018867925,5,95.619,Japan,SAR
0,9.0,0.7777769135812072,50.0,0.9433962264150944,5,95.49,Japan,SAR
0,10.0,0.8888879012356653,51.0,0.9622641509433962,5,95.233,Japan,SAR
0,11.0,0.9999988888901234,52.0,0.9811320754716981,5,97.715,Japan,SAR
0,2.0,0.0,3.0,0.05660377358490566,2,129.289,Japan,ZHO
0,3.0,0.3333322222259259,4.0,0.07547169811320754,2,100.228,Japan,ZHO
0,4.0,0.6666644444518518,5.0,0.09433962264150944,2,99.597,Japan,ZHO
0,5.0,0.9999966666777778,6.0,0.11320754716981132,2,99.991,Japan,ZHO
2,2.0,0.0,9.0,0.16981132075471697,3,97.16,Japan,ZHO
2,3.0,0.9999900000999989,10.0,0.18867924528301888,3,97.5,Japan,ZHO
1,3.0,0.0,2.0,0.04,1,99.077,Las Vegas,RUS
1,4.0,0.11111098765445816,3.0,0.06,1,98.864,Las Vegas,RUS
1,5.0,0.22222197530891633,4.0,0.08,1,98.748,Las Vegas,RUS
1,6.0,0.3333329629633745,5.0,0.1,1,98.136,Las Vegas,RUS
1,7.0,0.44444395061783265,6.0,0.12,1,98.33,Las Vegas,RUS
1,8.0,0.5555549382722909,7.0,0.14,1,98.498,Las Vegas,RUS
1,9.0,0.666665925926749,8.0,0.16,1,98.353,Las Vegas,RUS
1,10.0,0.7777769135812072,9.0,0.18,1,98.751,Las Vegas,RUS
1,11.0,0.8888879012356653,10.0,0.2,1,98.681,Las Vegas,RUS
1,12.0,0.9999988888901234,11.0,0.22,1,98.689,Las Vegas,RUS
2,3.0,0.0,14.0,0.28,2,98.296,Las Vegas,RUS
2,4.0,0.058823494809708936,15.0,0.3,2,98.331,Las Vegas,RUS
2,5.0,0.11764698961941787,16.0,0.32,2,97.913,Las Vegas,RUS
2,6.0,0.1764704844291268,17.0,0.34,2,97.869,Las Vegas,RUS
2,7.0,0.23529397923883574,18.0,0.36,2,97.964,Las Vegas,RUS
2,8.0,0.29411747404854466,19.0,0.38,2,98.003,Las Vegas,RUS
2,9.0,0.3529409688582536,20.0,0.4,2,97.733,Las Vegas,RUS
2,10.0,0.41176446366796254,21.0,0.42,2,97.359,Las Vegas,RUS
2,11.0,0.4705879584776715,22.0,0.44,2,97.556,Las Vegas,RUS
2,12.0,0.5294114532873805,23.0,0.46,2,97.73,Las Vegas,RUS
2,13.0,0.5882349480970893,24.0,0.48,2,97.576,Las Vegas,RUS
2,14.0,0.6470584429067983,25.0,0.5,2,97.724,Las Vegas,RUS
2,15.0,0.7058819377165072,26.0,0.52,2,97.467,Las Vegas,RUS
2,16.0,0.7647054325262161,27.0,0.54,2,97.609,Las Vegas,RUS
2,17.0,0.8235289273359251,28.0,0.56,2,97.896,Las Vegas,RUS
2,18.0,0.882352422145634,29.0,0.58,2,97.556,Las Vegas,RUS
2,19.0,0.941175916955343,30.0,0.6,2,97.544,Las Vegas,RUS
2,20.0,0.9999994117650519,31.0,0.62,2,97.801,Las Vegas,RUS
2,3.0,0.0,34.0,0.68,3,97.621,Las Vegas,RUS
2,4.0,0.06249996093752441,35.0,0.7,3,97.246,Las Vegas,RUS
2,5.0,0.12499992187504883,36.0,0.72,3,97.021,Las Vegas,RUS
2,6.0,0.18749988281257324,37.0,0.74,3,96.844,Las Vegas,RUS
2,7.0,0.24999984375009765,38.0,0.76,3,96.407,Las Vegas,RUS
2,8.0,0.31249980468762206,39.0,0.78,3,96.275,Las Vegas,RUS
2,9.0,0.3749997656251465,40.0,0.8,3,96.358,Las Vegas,RUS
2,10.0,0.4374997265626709,41.0,0.82,3,96.559,Las Vegas,RUS
2,11.0,0.4999996875001953,42.0,0.84,3,96.344,Las Vegas,RUS
2,12.0,0.5624996484377197,43.0,0.86,3,95.951,Las Vegas,RUS
2,13.0,0.6249996093752441,44.0,0.88,3,95.946,Las Vegas,RUS
2,14.0,0.6874995703127685,45.0,0.9,3,96.057,Las Vegas,RUS
2,17.0,0.8749994531253418,48.0,0.96,3,96.663,Las Vegas,RUS
2,18.0,0.9374994140628662,49.0,0.98,3,97.204,Las Vegas,RUS
2,19.0,0.9999993750003906,50.0,1.0,3,97.867,Las Vegas,RUS
1,2.0,0.0,2.0,0.04,1,100.033,Las Vegas,HAM
1,3.0,0.0999999000001,3.0,0.06,1,99.403,Las Vegas,HAM
1,4.0,0.1999998000002,4.0,0.08,1,99.157,Las Vegas,HAM
1,5.0,0.2999997000003,5.0,0.1,1,99.207,Las Vegas,HAM
1,6.0,0.3999996000004,6.0,0.12,1,98.648,Las Vegas,HAM
1,7.0,0.49999950000050003,7.0,0.14,1,100.235,Las Vegas,HAM
1,8.0,0.5999994000006,8.0,0.16,1,99.095,Las Vegas,HAM
1,9.0,0.6999993000007,9.0,0.18,1,100.926,Las Vegas,HAM
1,10.0,0.7999992000008,10.0,0.2,1,100.2,Las Vegas,HAM
1,11.0,0.8999991000009,11.0,0.22,1,99.007,Las Vegas,HAM
1,12.0,0.9999990000010001,12.0,0.24,1,99.078,Las Vegas,HAM
2,3.0,0.0,15.0,0.3,2,97.772,Las Vegas,HAM
2,4.0,0.09090900826453795,16.0,0.32,2,97.091,Las Vegas,HAM
2,5.0,0.1818180165290759,17.0,0.34,2,99.354,Las Vegas,HAM
2,6.0,0.2727270247936138,18.0,0.36,2,97.668,Las Vegas,HAM
2,7.0,0.3636360330581518,19.0,0.38,2,98.14,Las Vegas,HAM
2,8.0,0.45454504132268975,20.0,0.4,2,97.275,Las Vegas,HAM
2,9.0,0.5454540495872277,21.0,0.42,2,97.355,Las Vegas,HAM
2,10.0,0.6363630578517656,22.0,0.44,2,97.086,Las Vegas,HAM
2,11.0,0.7272720661163036,23.0,0.46,2,97.121,Las Vegas,HAM
2,12.0,0.8181810743808415,24.0,0.48,2,97.323,Las Vegas,HAM
2,13.0,0.9090900826453795,25.0,0.5,2,98.213,Las Vegas,HAM
2,14.0,0.9999990909099173,26.0,0.52,2,97.055,Las Vegas,HAM
2,3.0,0.0,29.0,0.58,3,96.951,Las Vegas,HAM
2,4.0,0.04761902494332146,30.0,0.6,3,96.748,Las Vegas,HAM
2,5.0,0.09523804988664292,31.0,0.62,3,96.412,Las Vegas,HAM
2,6.0,0.14285707482996438,32.0,0.64,3,96.96,Las Vegas,HAM
2,7.0,0.19047609977328583,33.0,0.66,3,97.293,Las Vegas,HAM
2,8.0,0.2380951247166073,34.0,0.68,3,96.685,Las Vegas,HAM
2,9.0,0.28571414965992875,35.0,0.7,3,96.397,Las Vegas,HAM
2,10.0,0.3333331746032502,36.0,0.72,3,96.288,Las Vegas,HAM
2,11.0,0.38095219954657167,37.0,0.74,3,96.177,Las Vegas,HAM
2,12.0,0.4285712244898931,38.0,0.76,3,96.148,Las Vegas,HAM
2,13.0,0.4761902494332146,39.0,0.78,3,95.88,Las Vegas,HAM
2,14.0,0.523809274376536,40.0,0.8,3,95.928,Las Vegas,HAM
2,15.0,0.5714282993198575,41.0,0.82,3,95.48,Las Vegas,HAM
2,16.0,0.619047324263179,42.0,0.84,3,95.884,Las Vegas,HAM
2,17.0,0.6666663492065004,43.0,0.86,3,95.863,Las Vegas,HAM
2,18.0,0.7142853741498219,44.0,0.88,3,95.662,Las Vegas,HAM
2,19.0,0.7619043990931433,45.0,0.9,3,95.988,Las Vegas,HAM
2,21.0,0.8571424489797862,47.0,0.94,3,97.086,Las Vegas,HAM
2,22.0,0.9047614739231077,48.0,0.96,3,97.457,Las Vegas,HAM
2,23.0,0.9523804988664292,49.0,0.98,3,97.593,Las Vegas,HAM
2,24.0,0.9999995238097505,50.0,1.0,3,98.117,Las Vegas,HAM
1,2.0,0.0,2.0,0.04,1,99.466,Las Vegas,SAI
1,3.0,0.14285693877580175,3.0,0.06,1,98.581,Las Vegas,SAI
1,4.0,0.2857138775516035,4.0,0.08,1,98.537,Las Vegas,SAI
1,5.0,0.4285708163274053,5.0,0.1,1,98.394,Las Vegas,SAI
1,6.0,0.571427755103207,6.0,0.12,1,98.708,Las Vegas,SAI
1,7.0,0.7142846938790088,7.0,0.14,1,99.042,Las Vegas,SAI
1,8.0,0.8571416326548106,8.0,0.16,1,99.584,Las Vegas,SAI
1,9.0,0.9999985714306123,9.0,0.18,1,100.512,Las Vegas,SAI
2,2.0,0.0,12.0,0.24,2,100.794,Las Vegas,SAI
2,3.0,0.06666662222225185,13.0,0.26,2,99.627,Las Vegas,SAI
2,4.0,0.1333332444445037,14.0,0.28,2,97.921,Las Vegas,SAI
2,5.0,0.19999986666675557,15.0,0.3,2,98.22,Las Vegas,SAI
2,6.0,0.2666664888890074,16.0,0.32,2,98.868,Las Vegas,SAI
2,7.0,0.3333331111112593,17.0,0.34,2,97.967,Las Vegas,SAI
2,8.0,0.39999973333351113,18.0,0.36,2,98.076,Las Vegas,SAI
2,9.0,0.46666635555576297,19.0,0.38,2,97.763,Las Vegas,SAI
2,10.0,0.5333329777780148,20.0,0.4,2,97.774,Las Vegas,SAI
2,11.0,0.5999996000002666,21.0,0.42,2,97.546,Las Vegas,SAI
2,12.0,0.6666662222225186,22.0,0.44,2,97.514,Las Vegas,SAI
2,13.0,0.7333328444447704,23.0,0.46,2,97.477,Las Vegas,SAI
2,14.0,0.7999994666670223,24.0,0.48,2,97.919,Las Vegas,SAI
2,15.0,0.8666660888892741,25.0,0.5,2,97.944,Las Vegas,SAI
2,16.0,0.9333327111115259,26.0,0.52,2,98.321,Las Vegas,SAI
2,17.0,0.9999993333337778,27.0,0.54,2,101.611,Las Vegas,SAI
2,2.0,0.0,30.0,0.6,3,97.353,Las Vegas,SAI
2,3.0,0.0499999750000125,31.0,0.62,3,96.973,Las Vegas,SAI
2,4.0,0.099999950000025,32.0,0.64,3,97.397,Las Vegas,SAI
2,5.0,0.1499999250000375,33.0,0.66,3,97.524,Las Vegas,SAI
2,6.0,0.19999990000005,34.0,0.68,3,97.146,Las Vegas,SAI
2,7.0,0.24999987500006252,35.0,0.7,3,96.641,Las Vegas,SAI
2,8.0,0.299999850000075,36.0,0.72,3,96.519,Las Vegas,SAI
2,9.0,0.3499998250000875,37.0,0.74,3,96.509,Las Vegas,SAI
2,10.0,0.3999998000001,38.0,0.76,3,96.125,Las Vegas,SAI
2,11.0,0.4499997750001125,39.0,0.78,3,96.196,Las Vegas,SAI
2,12.0,0.49999975000012503,40.0,0.8,3,96.043,Las Vegas,SAI
2,13.0,0.5499997250001375,41.0,0.82,3,96.507,Las Vegas,SAI
2,14.0,0.59999970000015,42.0,0.84,3,96.223,Las Vegas,SAI
2,15.0,0.6499996750001625,43.0,0.86,3,96.302,Las Vegas,SAI
2,16.0,0.699999650000175,44.0,0.88,3,95.875,Las Vegas,SAI
2,17.0,0.7499996250001875,45.0,0.9,3,96.34,Las Vegas,SAI
2,19.0,0.8499995750002125,47.0,0.94,3,95.88,Las Vegas,SAI
2,20.0,0.899999550000225,48.0,0.96,3,96.015,Las Vegas,SAI
2,21.0,0.9499995250002375,49.0,0.98,3,96.467,Las Vegas,SAI
2,22.0,0.9999995000002501,50.0,1.0,3,96.759,Las Vegas,SAI
1,2.0,0.0,2.0,0.04,1,99.333,Las Vegas,LEC
1,3.0,0.16666638888935187,3.0,0.06,1,98.329,Las Vegas,LEC
1,4.0,0.33333277777870374,4.0,0.08,1,98.501,Las Vegas,LEC
1,5.0,0.4999991666680556,5.0,0.1,1,99.177,Las Vegas,LEC
1,6.0,0.6666655555574075,6.0,0.12,1,98.652,Las Vegas,LEC
1,7.0,0.8333319444467593,7.0,0.14,1,100.006,Las Vegas,LEC
1,8.0,0.9999983333361112,8.0,0.16,1,101.841,Las Vegas,LEC
2,2.0,0.0,11.0,0.22,2,98.818,Las Vegas,LEC
2,3.0,0.05263155124655198,12.0,0.24,2,99.962,Las Vegas,LEC
2,4.0,0.10526310249310396,13.0,0.26,2,99.948,Las Vegas,LEC
2,5.0,0.15789465373965592,14.0,0.28,2,98.893,Las Vegas,LEC
2,6.0,0.21052620498620792,15.0,0.3,2,98.237,Las Vegas,LEC
2,7.0,0.2631577562327599,16.0,0.32,2,98.316,Las Vegas,LEC
2,8.0,0.31578930747931183,17.0,0.34,2,99.487,Las Vegas,LEC
2,9.0,0.36842085872586383,18.0,0.36,2,98.251,Las Vegas,LEC
2,10.0,0.42105240997241583,19.0,0.38,2,97.978,Las Vegas,LEC
2,11.0,0.4736839612189678,20.0,0.4,2,97.295,Las Vegas,LEC
2,12.0,0.5263155124655198,21.0,0.42,2,97.448,Las Vegas,LEC
2,13.0,0.5789470637120717,22.0,0.44,2,97.13,Las Vegas,LEC
2,14.0,0.6315786149586237,23.0,0.46,2,97.177,Las Vegas,LEC
2,15.0,0.6842101662051757,24.0,0.48,2,97.256,Las Vegas,LEC
2,16.0,0.7368417174517277,25.0,0.5,2,97.291,Las Vegas,LEC
2,17.0,0.7894732686982796,26.0,0.52,2,97.933,Las Vegas,LEC
2,18.0,0.8421048199448317,27.0,0.54,2,98.698,Las Vegas,LEC
2,19.0,0.8947363711913836,28.0,0.56,2,98.07,Las Vegas,LEC
2,20.0,0.9473679224379356,29.0,0.58,2,97.95,Las Vegas,LEC
2,21.0,0.9999994736844876,30.0,0.6,2,98.458,Las Vegas,LEC
2,2.0,0.0,33.0,0.66,3,98.017,Las Vegas,LEC
2,3.0,0.058823494809708936,34.0,0.68,3,97.081,Las Vegas,LEC
2,4.0,0.11764698961941787,35.0,0.7,3,96.481,Las Vegas,LEC
2,5.0,0.1764704844291268,36.0,0.72,3,96.285,Las Vegas,LEC
2,6.0,0.23529397923883574,37.0,0.74,3,96.177,Las Vegas,LEC
2,7.0,0.29411747404854466,38.0,0.76,3,96.079,Las Vegas,LEC
2,8.0,0.3529409688582536,39.0,0.78,3,96.102,Las Vegas,LEC
2,9.0,0.41176446366796254,40.0,0.8,3,95.674,Las Vegas,LEC
2,10.0,0.4705879584776715,41.0,0.82,3,96.469,Las Vegas,LEC
2,11.0,0.5294114532873805,42.0,0.84,3,96.873,Las Vegas,LEC
2,12.0,0.5882349480970893,43.0,0.86,3,96.055,Las Vegas,LEC
2,13.0,0.6470584429067983,44.0,0.88,3,96.543,Las Vegas,LEC
2,16.0,0.8235289273359251,47.0,0.94,3,96.054,Las Vegas,LEC
2,17.0,0.882352422145634,48.0,0.96,3,96.065,Las Vegas,LEC
2,18.0,0.941175916955343,49.0,0.98,3,96.571,Las Vegas,LEC
2,19.0,0.9999994117650519,50.0,1.0,3,97.218,Las Vegas,LEC
1,2.0,0.0,2.0,0.04,1,99.861,Las Vegas,VER
1,3.0,0.12499984375019532,3.0,0.06,1,99.345,Las Vegas,VER
1,4.0,0.24999968750039064,4.0,0.08,1,98.713,Las Vegas,VER
1,5.0,0.37499953125058594,5.0,0.1,1,98.472,Las Vegas,VER
1,6.0,0.4999993750007813,6.0,0.12,1,98.661,Las Vegas,VER
1,7.0,0.6249992187509766,7.0,0.14,1,98.906,Las Vegas,VER
1,8.0,0.7499990625011719,8.0,0.16,1,99.047,Las Vegas,VER
1,9.0,0.8749989062513672,9.0,0.18,1,99.79,Las Vegas,VER
1,10.0,0.9999987500015626,10.0,0.2,1,100.064,Las Vegas,VER
2,2.0,0.0,13.0,0.26,2,98.307,Las Vegas,VER
2,3.0,0.07692301775152481,14.0,0.28,2,98.376,Las Vegas,VER
2,4.0,0.15384603550304962,15.0,0.3,2,98.648,Las Vegas,VER
2,5.0,0.23076905325457442,16.0,0.32,2,98.563,Las Vegas,VER
2,6.0,0.30769207100609924,17.0,0.34,2,98.055,Las Vegas,VER
2,7.0,0.38461508875762407,18.0,0.36,2,97.956,Las Vegas,VER
2,8.0,0.46153810650914884,19.0,0.38,2,97.678,Las Vegas,VER
2,9.0,0.5384611242606736,20.0,0.4,2,97.846,Las Vegas,VER
2,10.0,0.6153841420121985,21.0,0.42,2,97.59,Las Vegas,VER
2,11.0,0.6923071597637233,22.0,0.44,2,97.679,Las Vegas,VER
2,12.0,0.7692301775152481,23.0,0.46,2,97.524,Las Vegas,VER
2,13.0,0.8461531952667729,24.0,0.48,2,97.695,Las Vegas,VER
2,14.0,0.9230762130182977,25.0,0.5,2,98.038,Las Vegas,VER
2,15.0,0.9999992307698226,26.0,0.52,2,98.362,Las Vegas,VER
2,2.0,0.0,29.0,0.58,3,97.386,Las Vegas,VER
2,3.0,0.04761902494332146,30.0,0.6,3,97.549,Las Vegas,VER
2,4.0,0.09523804988664292,31.0,0.62,3,97.996,Las Vegas,VER
2,5.0,0.14285707482996438,32.0,0.64,3,97.714,Las Vegas,VER
2,6.0,0.19047609977328583,33.0,0.66,3,97.579,Las Vegas,VER
2,7.0,0.2380951247166073,34.0,0.68,3,97.484,Las Vegas,VER
2,8.0,0.28571414965992875,35.0,0.7,3,97.243,Las Vegas,VER
2,9.0,0.3333331746032502,36.0,0.72,3,97.001,Las Vegas,VER
2,10.0,0.38095219954657167,37.0,0.74,3,96.72,Las Vegas,VER
2,11.0,0.4285712244898931,38.0,0.76,3,96.979,Las Vegas,VER
2,12.0,0.4761902494332146,39.0,0.78,3,96.344,Las Vegas,VER
2,13.0,0.523809274376536,40.0,0.8,3,96.495,Las Vegas,VER
2,14.0,0.5714282993198575,41.0,0.82,3,97.522,Las Vegas,VER
2,15.0,0.619047324263179,42.0,0.84,3,96.489,Las Vegas,VER
2,16.0,0.6666663492065004,43.0,0.86,3,96.248,Las Vegas,VER
2,17.0,0.7142853741498219,44.0,0.88,3,96.279,Las Vegas,VER
2,18.0,0.7619043990931433,45.0,0.9,3,96.394,Las Vegas,VER
2,20.0,0.8571424489797862,47.0,0.94,3,96.736,Las Vegas,VER
2,21.0,0.9047614739231077,48.0,0.96,3,96.922,Las Vegas,VER
2,22.0,0.9523804988664292,49.0,0.98,3,97.016,Las Vegas,VER
2,23.0,0.9999995238097505,50.0,1.0,3,97.21,Las Vegas,VER
1,2.0,0.0,2.0,0.04,1,99.907,Las Vegas,NOR
1,3.0,0.16666638888935187,3.0,0.06,1,99.197,Las Vegas,NOR
1,4.0,0.33333277777870374,4.0,0.08,1,99.094,Las Vegas,NOR
1,5.0,0.4999991666680556,5.0,0.1,1,99.49,Las Vegas,NOR
1,6.0,0.6666655555574075,6.0,0.12,1,98.848,Las Vegas,NOR
1,7.0,0.8333319444467593,7.0,0.14,1,99.716,Las Vegas,NOR
1,8.0,0.9999983333361112,8.0,0.16,1,100.573,Las Vegas,NOR
2,2.0,0.0,11.0,0.22,2,97.795,Las Vegas,NOR
2,3.0,0.055555524691375174,12.0,0.24,2,99.909,Las Vegas,NOR
2,4.0,0.11111104938275035,13.0,0.26,2,100.365,Las Vegas,NOR
2,5.0,0.16666657407412552,14.0,0.28,2,99.798,Las Vegas,NOR
2,6.0,0.2222220987655007,15.0,0.3,2,98.236,Las Vegas,NOR
2,7.0,0.27777762345687584,16.0,0.32,2,98.165,Las Vegas,NOR
2,8.0,0.33333314814825105,17.0,0.34,2,99.928,Las Vegas,NOR
2,9.0,0.3888886728396262,18.0,0.36,2,98.152,Las Vegas,NOR
2,10.0,0.4444441975310014,19.0,0.38,2,98.232,Las Vegas,NOR
2,11.0,0.49999972222237654,20.0,0.4,2,98.166,Las Vegas,NOR
2,12.0,0.5555552469137517,21.0,0.42,2,98.14,Las Vegas,NOR
2,13.0,0.611110771605127,22.0,0.44,2,98.444,Las Vegas,NOR
2,14.0,0.6666662962965021,23.0,0.46,2,98.283,Las Vegas,NOR
2,15.0,0.7222218209878772,24.0,0.48,2,98.434,Las Vegas,NOR
2,16.0,0.7777773456792524,25.0,0.5,2,98.529,Las Vegas,NOR
2,17.0,0.8333328703706276,26.0,0.52,2,98.819,Las Vegas,NOR
2,18.0,0.8888883950620028,27.0,0.54,2,98.795,Las Vegas,NOR
2,19.0,0.9444439197533779,28.0,0.56,2,98.892,Las Vegas,NOR
2,20.0,0.9999994444447531,29.0,0.58,2,99.05,Las Vegas,NOR
2,2.0,0.0,32.0,0.64,3,97.649,Las Vegas,NOR
2,3.0,0.06666662222225185,33.0,0.66,3,97.886,Las Vegas,NOR
2,4.0,0.1333332444445037,34.0,0.68,3,97.587,Las Vegas,NOR
2,5.0,0.19999986666675557,35.0,0.7,3,97.355,Las Vegas,NOR
2,6.0,0.2666664888890074,36.0,0.72,3,96.845,Las Vegas,NOR
2,7.0,0.3333331111112593,37.0,0.74,3,96.473,Las Vegas,NOR
2,8.0,0.39999973333351113,38.0,0.76,3,96.447,Las Vegas,NOR
2,9.0,0.46666635555576297,39.0,0.78,3,96.237,Las Vegas,NOR
2,10.0,0.5333329777780148,40.0,0.8,3,95.843,Las Vegas,NOR
2,11.0,0.5999996000002666,41.0,0.82,3,95.983,Las Vegas,NOR
2,12.0,0.6666662222225186,42.0,0.84,3,95.601,Las Vegas,NOR
2,13.0,0.7333328444447704,43.0,0.86,3,95.876,Las Vegas,NOR
2,14.0,0.7999994666670223,44.0,0.88,3,95.527,Las Vegas,NOR
2,15.0,0.8666660888892741,45.0,0.9,3,96.363,Las Vegas,NOR
2,16.0,0.9333327111115259,46.0,0.92,3,96.006,Las Vegas,NOR
2,17.0,0.9999993333337778,47.0,0.94,3,96.445,Las Vegas,NOR
1,2.0,0.0,2.0,0.04,1,100.495,Las Vegas,PIA
1,3.0,0.14285693877580175,3.0,0.06,1,99.144,Las Vegas,PIA
1,4.0,0.2857138775516035,4.0,0.08,1,99.226,Las Vegas,PIA
1,5.0,0.4285708163274053,5.0,0.1,1,99.01,Las Vegas,PIA
1,6.0,0.571427755103207,6.0,0.12,1,99.097,Las Vegas,PIA
1,7.0,0.7142846938790088,7.0,0.14,1,100.118,Las Vegas,PIA
1,8.0,0.8571416326548106,8.0,0.16,1,100.351,Las Vegas,PIA
1,9.0,0.9999985714306123,9.0,0.18,1,101.986,Las Vegas,PIA
2,2.0,0.0,12.0,0.24,2,98.137,Las Vegas,PIA
2,3.0,0.08333326388894677,13.0,0.26,2,97.942,Las Vegas,PIA
2,4.0,0.16666652777789354,14.0,0.28,2,98.85,Las Vegas,PIA
2,5.0,0.24999979166684028,15.0,0.3,2,98.556,Las Vegas,PIA
2,6.0,0.33333305555578707,16.0,0.32,2,99.691,Las Vegas,PIA
2,7.0,0.4166663194447338,17.0,0.34,2,99.28,Las Vegas,PIA
2,8.0,0.49999958333368055,18.0,0.36,2,98.127,Las Vegas,PIA
2,9.0,0.5833328472226273,19.0,0.38,2,98.439,Las Vegas,PIA
2,10.0,0.6666661111115741,20.0,0.4,2,98.301,Las Vegas,PIA
2,11.0,0.7499993750005208,21.0,0.42,2,98.458,Las Vegas,PIA
2,12.0,0.8333326388894676,22.0,0.44,2,99.05,Las Vegas,PIA
2,13.0,0.9166659027784144,23.0,0.46,2,98.849,Las Vegas,PIA
2,14.0,0.9999991666673611,24.0,0.48,2,99.168,Las Vegas,PIA
2,2.0,0.0,27.0,0.54,3,97.906,Las Vegas,PIA
2,3.0,0.043478241965981754,28.0,0.56,3,98.108,Las Vegas,PIA
2,4.0,0.08695648393196351,29.0,0.58,3,97.582,Las Vegas,PIA
2,5.0,0.13043472589794528,30.0,0.6,3,98.11,Las Vegas,PIA
2,6.0,0.17391296786392701,31.0,0.62,3,98.356,Las Vegas,PIA
2,7.0,0.21739120982990878,32.0,0.64,3,98.495,Las Vegas,PIA
2,8.0,0.26086945179589055,33.0,0.66,3,98.689,Las Vegas,PIA
2,9.0,0.30434769376187226,34.0,0.68,3,97.841,Las Vegas,PIA
2,10.0,0.34782593572785403,35.0,0.7,3,97.431,Las Vegas,PIA
2,11.0,0.3913041776938358,36.0,0.72,3,97.201,Las Vegas,PIA
2,12.0,0.43478241965981757,37.0,0.74,3,96.74,Las Vegas,PIA
2,13.0,0.4782606616257993,38.0,0.76,3,97.607,Las Vegas,PIA
2,14.0,0.5217389035917811,39.0,0.78,3,97.144,Las Vegas,PIA
2,15.0,0.5652171455577628,40.0,0.8,3,97.586,Las Vegas,PIA
2,17.0,0.6521736294897263,42.0,0.84,3,97.295,Las Vegas,PIA
2,18.0,0.6956518714557081,43.0,0.86,3,97.097,Las Vegas,PIA
2,19.0,0.7391301134216899,44.0,0.88,3,96.598,Las Vegas,PIA
2,20.0,0.7826083553876716,45.0,0.9,3,97.089,Las Vegas,PIA
2,21.0,0.8260865973536533,46.0,0.92,3,97.047,Las Vegas,PIA
2,22.0,0.8695648393196351,47.0,0.94,3,97.122,Las Vegas,PIA
2,23.0,0.9130430812856168,48.0,0.96,3,97.847,Las Vegas,PIA
2,24.0,0.9565213232515986,49.0,0.98,3,97.752,Las Vegas,PIA
2,25.0,0.9999995652175804,50.0,1.0,3,98.272,Las Vegas,PIA
1,2.0,0.0,2.0,0.04,1,99.76,Las Vegas,HUL
1,3.0,0.09090900826453795,3.0,0.06,1,99.073,Las Vegas,HUL
1,4.0,0.1818180165290759,4.0,0.08,1,98.998,Las Vegas,HUL
1,5.0,0.2727270247936138,5.0,0.1,1,100.092,Las Vegas,HUL
1,6.0,0.3636360330581518,6.0,0.12,1,100.615,Las Vegas,HUL
1,7.0,0.45454504132268975,7.0,0.14,1,99.687,Las Vegas,HUL
1,8.0,0.5454540495872277,8.0,0.16,1,100.577,Las Vegas,HUL
1,9.0,0.6363630578517656,9.0,0.18,1,100.925,Las Vegas,HUL
1,10.0,0.7272720661163036,10.0,0.2,1,100.934,Las Vegas,HUL
1,11.0,0.8181810743808415,11.0,0.22,1,100.865,Las Vegas,HUL
1,12.0,0.9090900826453795,12.0,0.24,1,100.972,Las Vegas,HUL
1,13.0,0.9999990909099173,13.0,0.26,1,101.171,Las Vegas,HUL
2,2.0,0.0,16.0,0.32,2,98.986,Las Vegas,HUL
2,3.0,0.06249996093752441,17.0,0.34,2,98.54,Las Vegas,HUL
2,4.0,0.12499992187504883,18.0,0.36,2,98.481,Las Vegas,HUL
2,5.0,0.18749988281257324,19.0,0.38,2,98.372,Las Vegas,HUL
2,6.0,0.24999984375009765,20.0,0.4,2,97.634,Las Vegas,HUL
2,7.0,0.31249980468762206,21.0,0.42,2,97.98,Las Vegas,HUL
2,8.0,0.3749997656251465,22.0,0.44,2,97.948,Las Vegas,HUL
2,9.0,0.4374997265626709,23.0,0.46,2,98.264,Las Vegas,HUL
2,10.0,0.4999996875001953,24.0,0.48,2,98.166,Las Vegas,HUL
2,11.0,0.5624996484377197,25.0,0.5,2,98.705,Las Vegas,HUL
2,12.0,0.6249996093752441,26.0,0.52,2,98.539,Las Vegas,HUL
2,13.0,0.6874995703127685,27.0,0.54,2,98.706,Las Vegas,HUL
2,14.0,0.749999531250293,28.0,0.56,2,98.986,Las Vegas,HUL
2,15.0,0.8124994921878174,29.0,0.58,2,99.469,Las Vegas,HUL
2,16.0,0.8749994531253418,30.0,0.6,2,98.817,Las Vegas,HUL
2,17.0,0.9374994140628662,31.0,0.62,2,98.6,Las Vegas,HUL
2,18.0,0.9999993750003906,32.0,0.64,2,98.741,Las Vegas,HUL
2,2.0,0.0,35.0,0.7,3,98.045,Las Vegas,HUL
2,3.0,0.06666662222225185,36.0,0.72,3,97.73,Las Vegas,HUL
2,4.0,0.1333332444445037,37.0,0.74,3,97.526,Las Vegas,HUL
2,5.0,0.19999986666675557,38.0,0.76,3,97.528,Las Vegas,HUL
2,6.0,0.2666664888890074,39.0,0.78,3,97.228,Las Vegas,HUL
2,7.0,0.3333331111112593,40.0,0.8,3,97.687,Las Vegas,HUL
2,8.0,0.39999973333351113,41.0,0.82,3,98.226,Las Vegas,HUL
2,9.0,0.46666635555576297,42.0,0.84,3,97.999,Las Vegas,HUL
2,10.0,0.5333329777780148,43.0,0.86,3,97.556,Las Vegas,HUL
2,11.0,0.5999996000002666,44.0,0.88,3,96.893,Las Vegas,HUL
2,12.0,0.6666662222225186,45.0,0.9,3,96.68,Las Vegas,HUL
2,13.0,0.7333328444447704,46.0,0.92,3,96.986,Las Vegas,HUL
2,14.0,0.7999994666670223,47.0,0.94,3,96.994,Las Vegas,HUL
2,15.0,0.8666660888892741,48.0,0.96,3,96.585,Las Vegas,HUL
2,16.0,0.9333327111115259,49.0,0.98,3,96.704,Las Vegas,HUL
2,17.0,0.9999993333337778,50.0,1.0,3,97.575,Las Vegas,HUL
1,2.0,0.0,2.0,0.04,1,100.026,Las Vegas,TSU
1,3.0,0.14285693877580175,3.0,0.06,1,99.407,Las Vegas,TSU
1,4.0,0.2857138775516035,4.0,0.08,1,99.071,Las Vegas,TSU
1,5.0,0.4285708163274053,5.0,0.1,1,99.366,Las Vegas,TSU
1,6.0,0.571427755103207,6.0,0.12,1,99.428,Las Vegas,TSU
1,7.0,0.7142846938790088,7.0,0.14,1,99.507,Las Vegas,TSU
1,8.0,0.8571416326548106,8.0,0.16,1,99.973,Las Vegas,TSU
1,9.0,0.9999985714306123,9.0,0.18,1,102.418,Las Vegas,TSU
2,3.0,0.0,12.0,0.24,2,98.177,Las Vegas,TSU
2,4.0,0.06249996093752441,13.0,0.26,2,98.304,Las Vegas,TSU
2,5.0,0.12499992187504883,14.0,0.28,2,100.19,Las Vegas,TSU
2,6.0,0.18749988281257324,15.0,0.3,2,100.745,Las Vegas,TSU
2,7.0,0.24999984375009765,16.0,0.32,2,100.708,Las Vegas,TSU
2,8.0,0.31249980468762206,17.0,0.34,2,98.549,Las Vegas,TSU
2,9.0,0.3749997656251465,18.0,0.36,2,98.576,Las Vegas,TSU
2,10.0,0.4374997265626709,19.0,0.38,2,98.49,Las Vegas,TSU
2,11.0,0.4999996875001953,20.0,0.4,2,98.258,Las Vegas,TSU
2,12.0,0.5624996484377197,21.0,0.42,2,98.387,Las Vegas,TSU
2,13.0,0.6249996093752441,22.0,0.44,2,98.831,Las Vegas,TSU
2,14.0,0.6874995703127685,23.0,0.46,2,98.925,Las Vegas,TSU
2,15.0,0.749999531250293,24.0,0.48,2,100.038,Las Vegas,TSU
2,16.0,0.8124994921878174,25.0,0.5,2,98.985,Las Vegas,TSU
2,17.0,0.8749994531253418,26.0,0.52,2,98.932,Las Vegas,TSU
2,18.0,0.9374994140628662,27.0,0.54,2,98.827,Las Vegas,TSU
2,19.0,0.9999993750003906,28.0,0.56,2,99.213,Las Vegas,TSU
2,3.0,0.0,31.0,0.62,3,98.72,Las Vegas,TSU
2,4.0,0.05263155124655198,32.0,0.64,3,98.174,Las Vegas,TSU
2,5.0,0.10526310249310396,33.0,0.66,3,98.044,Las Vegas,TSU
2,6.0,0.15789465373965592,34.0,0.68,3,98.088,Las Vegas,TSU
2,7.0,0.21052620498620792,35.0,0.7,3,98.173,Las Vegas,TSU
2,8.0,0.2631577562327599,36.0,0.72,3,98.514,Las Vegas,TSU
2,9.0,0.31578930747931183,37.0,0.74,3,97.6,Las Vegas,TSU
2,10.0,0.36842085872586383,38.0,0.76,3,98.146,Las Vegas,TSU
2,11.0,0.42105240997241583,39.0,0.78,3,97.802,Las Vegas,TSU
2,12.0,0.4736839612189678,40.0,0.8,3,97.624,Las Vegas,TSU
2,13.0,0.5263155124655198,41.0,0.82,3,98.223,Las Vegas,TSU
2,14.0,0.5789470637120717,42.0,0.84,3,97.721,Las Vegas,TSU
2,15.0,0.6315786149586237,43.0,0.86,3,97.478,Las Vegas,TSU
2,16.0,0.6842101662051757,44.0,0.88,3,97.976,Las Vegas,TSU
2,17.0,0.7368417174517277,45.0,0.9,3,97.381,Las Vegas,TSU
2,18.0,0.7894732686982796,46.0,0.92,3,97.323,Las Vegas,TSU
2,19.0,0.8421048199448317,47.0,0.94,3,97.028,Las Vegas,TSU
2,20.0,0.8947363711913836,48.0,0.96,3,96.957,Las Vegas,TSU
2,21.0,0.9473679224379356,49.0,0.98,3,97.304,Las Vegas,TSU
2,22.0,0.9999994736844876,50.0,1.0,3,98.064,Las Vegas,TSU
2,2.0,0.0,2.0,0.04,1,102.106,Las Vegas,PER
2,3.0,0.0714285204081997,3.0,0.06,1,100.45,Las Vegas,PER
2,4.0,0.1428570408163994,4.0,0.08,1,100.282,Las Vegas,PER
2,5.0,0.21428556122459913,5.0,0.1,1,99.277,Las Vegas,PER
2,6.0,0.2857140816327988,6.0,0.12,1,98.985,Las Vegas,PER
2,7.0,0.35714260204099857,7.0,0.14,1,99.368,Las Vegas,PER
2,8.0,0.42857112244919826,8.0,0.16,1,98.882,Las Vegas,PER
2,9.0,0.49999964285739795,9.0,0.18,1,99.523,Las Vegas,PER
2,10.0,0.5714281632655976,10.0,0.2,1,99.229,Las Vegas,PER
2,11.0,0.6428566836737974,11.0,0.22,1,100.706,Las Vegas,PER
2,12.0,0.7142852040819971,12.0,0.24,1,99.663,Las Vegas,PER
2,13.0,0.7857137244901968,13.0,0.26,1,100.107,Las Vegas,PER
2,14.0,0.8571422448983965,14.0,0.28,1,100.897,Las Vegas,PER
2,15.0,0.9285707653065962,15.0,0.3,1,101.565,Las Vegas,PER
2,16.0,0.9999992857147959,16.0,0.32,1,100.939,Las Vegas,PER
1,2.0,0.0,19.0,0.38,2,98.953,Las Vegas,PER
1,3.0,0.08333326388894677,20.0,0.4,2,98.25,Las Vegas,PER
1,4.0,0.16666652777789354,21.0,0.42,2,98.109,Las Vegas,PER
1,5.0,0.24999979166684028,22.0,0.44,2,98.112,Las Vegas,PER
1,6.0,0.33333305555578707,23.0,0.46,2,98.007,Las Vegas,PER
1,7.0,0.4166663194447338,24.0,0.48,2,98.326,Las Vegas,PER
1,8.0,0.49999958333368055,25.0,0.5,2,98.1,Las Vegas,PER
1,9.0,0.5833328472226273,26.0,0.52,2,97.931,Las Vegas,PER
1,10.0,0.6666661111115741,27.0,0.54,2,98.36,Las Vegas,PER
1,11.0,0.7499993750005208,28.0,0.56,2,97.997,Las Vegas,PER
1,12.0,0.8333326388894676,29.0,0.58,2,97.883,Las Vegas,PER
1,13.0,0.9166659027784144,30.0,0.6,2,98.317,Las Vegas,PER
1,14.0,0.9999991666673611,31.0,0.62,2,99.896,Las Vegas,PER
2,2.0,0.0,34.0,0.68,3,97.262,Las Vegas,PER
2,3.0,0.06249996093752441,35.0,0.7,3,97.112,Las Vegas,PER
2,4.0,0.12499992187504883,36.0,0.72,3,96.983,Las Vegas,PER
2,5.0,0.18749988281257324,37.0,0.74,3,98.607,Las Vegas,PER
2,6.0,0.24999984375009765,38.0,0.76,3,97.542,Las Vegas,PER
2,7.0,0.31249980468762206,39.0,0.78,3,98.613,Las Vegas,PER
2,8.0,0.3749997656251465,40.0,0.8,3,97.536,Las Vegas,PER
2,9.0,0.4374997265626709,41.0,0.82,3,96.579,Las Vegas,PER
2,10.0,0.4999996875001953,42.0,0.84,3,96.326,Las Vegas,PER
2,11.0,0.5624996484377197,43.0,0.86,3,96.491,Las Vegas,PER
2,12.0,0.6249996093752441,44.0,0.88,3,97.037,Las Vegas,PER
2,13.0,0.6874995703127685,45.0,0.9,3,97.396,Las Vegas,PER
2,14.0,0.749999531250293,46.0,0.92,3,96.95,Las Vegas,PER
2,15.0,0.8124994921878174,47.0,0.94,3,96.473,Las Vegas,PER
2,16.0,0.8749994531253418,48.0,0.96,3,96.716,Las Vegas,PER
2,17.0,0.9374994140628662,49.0,0.98,3,96.939,Las Vegas,PER
2,18.0,0.9999993750003906,50.0,1.0,3,98.017,Las Vegas,PER
0,2.0,0.0,2.0,0.04,1,100.592,Las Vegas,ALO
0,3.0,0.9999900000999989,3.0,0.06,1,100.165,Las Vegas,ALO
2,3.0,0.0,6.0,0.12,2,99.777,Las Vegas,ALO
2,4.0,0.058823494809708936,7.0,0.14,2,99.233,Las Vegas,ALO
2,5.0,0.11764698961941787,8.0,0.16,2,99.614,Las Vegas,ALO
2,6.0,0.1764704844291268,9.0,0.18,2,99.125,Las Vegas,ALO
2,7.0,0.23529397923883574,10.0,0.2,2,98.935,Las Vegas,ALO
2,8.0,0.29411747404854466,11.0,0.22,2,98.578,Las Vegas,ALO
2,9.0,0.3529409688582536,12.0,0.24,2,98.615,Las Vegas,ALO
2,10.0,0.41176446366796254,13.0,0.26,2,98.437,Las Vegas,ALO
2,11.0,0.4705879584776715,14.0,0.28,2,99.368,Las Vegas,ALO
2,12.0,0.5294114532873805,15.0,0.3,2,102.232,Las Vegas,ALO
2,13.0,0.5882349480970893,16.0,0.32,2,101.595,Las Vegas,ALO
2,14.0,0.6470584429067983,17.0,0.34,2,100.366,Las Vegas,ALO
2,15.0,0.7058819377165072,18.0,0.36,2,99.432,Las Vegas,ALO
2,16.0,0.7647054325262161,19.0,0.38,2,99.761,Las Vegas,ALO
2,17.0,0.8235289273359251,20.0,0.4,2,98.612,Las Vegas,ALO
2,18.0,0.882352422145634,21.0,0.42,2,98.989,Las Vegas,ALO
2,19.0,0.941175916955343,22.0,0.44,2,99.515,Las Vegas,ALO
2,20.0,0.9999994117650519,23.0,0.46,2,101.065,Las Vegas,ALO
2,3.0,0.0,26.0,0.52,3,97.924,Las Vegas,ALO
2,4.0,0.04166664930556279,27.0,0.54,3,98.422,Las Vegas,ALO
2,5.0,0.08333329861112558,28.0,0.56,3,98.655,Las Vegas,ALO
2,6.0,0.12499994791668836,29.0,0.58,3,98.034,Las Vegas,ALO
2,7.0,0.16666659722225116,30.0,0.6,3,97.818,Las Vegas,ALO
2,8.0,0.20833324652781396,31.0,0.62,3,98.053,Las Vegas,ALO
2,9.0,0.24999989583337673,32.0,0.64,3,97.531,Las Vegas,ALO
2,10.0,0.2916665451389395,33.0,0.66,3,97.634,Las Vegas,ALO
2,11.0,0.3333331944445023,34.0,0.68,3,97.932,Las Vegas,ALO
2,12.0,0.3749998437500651,35.0,0.7,3,97.883,Las Vegas,ALO
2,13.0,0.4166664930556279,36.0,0.72,3,98.853,Las Vegas,ALO
2,14.0,0.4583331423611907,37.0,0.74,3,97.82,Las Vegas,ALO
2,15.0,0.49999979166675346,38.0,0.76,3,97.565,Las Vegas,ALO
2,16.0,0.5416664409723163,39.0,0.78,3,96.553,Las Vegas,ALO
2,17.0,0.583333090277879,40.0,0.8,3,97.174,Las Vegas,ALO
2,18.0,0.6249997395834419,41.0,0.82,3,97.681,Las Vegas,ALO
2,19.0,0.6666663888890046,42.0,0.84,3,98.078,Las Vegas,ALO
2,20.0,0.7083330381945674,43.0,0.86,3,97.775,Las Vegas,ALO
2,21.0,0.7499996875001302,44.0,0.88,3,97.754,Las Vegas,ALO
2,22.0,0.791666336805693,45.0,0.9,3,98.527,Las Vegas,ALO
2,23.0,0.8333329861112558,46.0,0.92,3,98.513,Las Vegas,ALO
2,24.0,0.8749996354168186,47.0,0.94,3,98.136,Las Vegas,ALO
2,25.0,0.9166662847223814,48.0,0.96,3,98.338,Las Vegas,ALO
2,26.0,0.9583329340279442,49.0,0.98,3,97.904,Las Vegas,ALO
2,27.0,0.9999995833335069,50.0,1.0,3,97.98,Las Vegas,ALO
1,2.0,0.0,2.0,0.04,1,102.38,Las Vegas,MAG
1,3.0,0.0714285204081997,3.0,0.06,1,100.169,Las Vegas,MAG
1,4.0,0.1428570408163994,4.0,0.08,1,100.422,Las Vegas,MAG
1,5.0,0.21428556122459913,5.0,0.1,1,99.314,Las Vegas,MAG
1,6.0,0.2857140816327988,6.0,0.12,1,98.923,Las Vegas,MAG
1,7.0,0.35714260204099857,7.0,0.14,1,100.623,Las Vegas,MAG
1,8.0,0.42857112244919826,8.0,0.16,1,99.595,Las Vegas,MAG
1,9.0,0.49999964285739795,9.0,0.18,1,100.151,Las Vegas,MAG
1,10.0,0.5714281632655976,10.0,0.2,1,101.368,Las Vegas,MAG
1,11.0,0.6428566836737974,11.0,0.22,1,101.267,Las Vegas,MAG
1,12.0,0.7142852040819971,12.0,0.24,1,101.935,Las Vegas,MAG
1,13.0,0.7857137244901968,13.0,0.26,1,102.195,Las Vegas,MAG
1,14.0,0.8571422448983965,14.0,0.28,1,102.439,Las Vegas,MAG
1,15.0,0.9285707653065962,15.0,0.3,1,101.962,Las Vegas,MAG
1,16.0,0.9999992857147959,16.0,0.32,1,101.85,Las Vegas,MAG
2,2.0,0.0,19.0,0.38,2,99.918,Las Vegas,MAG
2,3.0,0.03225805411030513,20.0,0.4,2,99.233,Las Vegas,MAG
2,4.0,0.06451610822061025,21.0,0.42,2,99.503,Las Vegas,MAG
2,5.0,0.09677416233091538,22.0,0.44,2,99.03,Las Vegas,MAG
2,6.0,0.1290322164412205,23.0,0.46,2,99.182,Las Vegas,MAG
2,7.0,0.16129027055152564,24.0,0.48,2,98.696,Las Vegas,MAG
2,8.0,0.19354832466183075,25.0,0.5,2,99.087,Las Vegas,MAG
2,9.0,0.22580637877213589,26.0,0.52,2,98.295,Las Vegas,MAG
2,10.0,0.258064432882441,27.0,0.54,2,99.412,Las Vegas,MAG
2,11.0,0.29032248699274615,28.0,0.56,2,98.627,Las Vegas,MAG
2,12.0,0.3225805411030513,29.0,0.58,2,98.43,Las Vegas,MAG
2,13.0,0.35483859521335637,30.0,0.6,2,98.261,Las Vegas,MAG
2,14.0,0.3870966493236615,31.0,0.62,2,98.073,Las Vegas,MAG
2,15.0,0.41935470343396664,32.0,0.64,2,97.948,Las Vegas,MAG
2,16.0,0.45161275754427177,33.0,0.66,2,97.731,Las Vegas,MAG
2,17.0,0.4838708116545769,34.0,0.68,2,97.68,Las Vegas,MAG
2,18.0,0.516128865764882,35.0,0.7,2,97.371,Las Vegas,MAG
2,19.0,0.5483869198751872,36.0,0.72,2,98.043,Las Vegas,MAG
2,20.0,0.5806449739854923,37.0,0.74,2,100.547,Las Vegas,MAG
2,21.0,0.6129030280957974,38.0,0.76,2,99.44,Las Vegas,MAG
2,22.0,0.6451610822061026,39.0,0.78,2,97.857,Las Vegas,MAG
2,23.0,0.6774191363164076,40.0,0.8,2,97.831,Las Vegas,MAG
2,24.0,0.7096771904267127,41.0,0.82,2,97.945,Las Vegas,MAG
2,25.0,0.7419352445370179,42.0,0.84,2,97.555,Las Vegas,MAG
2,26.0,0.774193298647323,43.0,0.86,2,97.881,Las Vegas,MAG
2,27.0,0.8064513527576281,44.0,0.88,2,97.784,Las Vegas,MAG
2,28.0,0.8387094068679333,45.0,0.9,2,97.471,Las Vegas,MAG
2,29.0,0.8709674609782384,46.0,0.92,2,97.228,Las Vegas,MAG
2,30.0,0.9032255150885435,47.0,0.94,2,96.775,Las Vegas,MAG
2,31.0,0.9354835691988487,48.0,0.96,2,96.816,Las Vegas,MAG
2,32.0,0.9677416233091538,49.0,0.98,2,96.557,Las Vegas,MAG
2,33.0,0.9999996774194589,50.0,1.0,2,97.305,Las Vegas,MAG
1,3.0,0.0,2.0,0.04,1,100.366,Las Vegas,ZHO
1,4.0,0.12499984375019532,3.0,0.06,1,99.399,Las Vegas,ZHO
1,5.0,0.24999968750039064,4.0,0.08,1,99.307,Las Vegas,ZHO
1,6.0,0.37499953125058594,5.0,0.1,1,99.398,Las Vegas,ZHO
1,7.0,0.4999993750007813,6.0,0.12,1,99.769,Las Vegas,ZHO
1,8.0,0.6249992187509766,7.0,0.14,1,99.911,Las Vegas,ZHO
1,9.0,0.7499990625011719,8.0,0.16,1,100.168,Las Vegas,ZHO
1,10.0,0.8749989062513672,9.0,0.18,1,100.819,Las Vegas,ZHO
1,11.0,0.9999987500015626,10.0,0.2,1,101.281,Las Vegas,ZHO
2,3.0,0.0,13.0,0.26,2,99.928,Las Vegas,ZHO
2,4.0,0.0499999750000125,14.0,0.28,2,99.349,Las Vegas,ZHO
2,5.0,0.099999950000025,15.0,0.3,2,98.978,Las Vegas,ZHO
2,6.0,0.1499999250000375,16.0,0.32,2,99.212,Las Vegas,ZHO
2,7.0,0.19999990000005,17.0,0.34,2,99.144,Las Vegas,ZHO
2,8.0,0.24999987500006252,18.0,0.36,2,98.902,Las Vegas,ZHO
2,9.0,0.299999850000075,19.0,0.38,2,98.981,Las Vegas,ZHO
2,10.0,0.3499998250000875,20.0,0.4,2,98.775,Las Vegas,ZHO
2,11.0,0.3999998000001,21.0,0.42,2,98.846,Las Vegas,ZHO
2,12.0,0.4499997750001125,22.0,0.44,2,98.846,Las Vegas,ZHO
2,13.0,0.49999975000012503,23.0,0.46,2,99.691,Las Vegas,ZHO
2,14.0,0.5499997250001375,24.0,0.48,2,99.382,Las Vegas,ZHO
2,15.0,0.59999970000015,25.0,0.5,2,99.8,Las Vegas,ZHO
2,16.0,0.6499996750001625,26.0,0.52,2,100.098,Las Vegas,ZHO
2,17.0,0.699999650000175,27.0,0.54,2,99.643,Las Vegas,ZHO
2,18.0,0.7499996250001875,28.0,0.56,2,99.644,Las Vegas,ZHO
2,19.0,0.7999996000002,29.0,0.58,2,99.313,Las Vegas,ZHO
2,20.0,0.8499995750002125,30.0,0.6,2,99.663,Las Vegas,ZHO
2,21.0,0.899999550000225,31.0,0.62,2,99.674,Las Vegas,ZHO
2,22.0,0.9499995250002375,32.0,0.64,2,100.016,Las Vegas,ZHO
2,23.0,0.9999995000002501,33.0,0.66,2,99.448,Las Vegas,ZHO
2,2.0,0.0,36.0,0.72,3,97.95,Las Vegas,ZHO
2,3.0,0.0714285204081997,37.0,0.74,3,97.553,Las Vegas,ZHO
2,4.0,0.1428570408163994,38.0,0.76,3,97.515,Las Vegas,ZHO
2,5.0,0.21428556122459913,39.0,0.78,3,97.189,Las Vegas,ZHO
2,6.0,0.2857140816327988,40.0,0.8,3,96.913,Las Vegas,ZHO
2,7.0,0.35714260204099857,41.0,0.82,3,97.003,Las Vegas,ZHO
2,8.0,0.42857112244919826,42.0,0.84,3,97.183,Las Vegas,ZHO
2,9.0,0.49999964285739795,43.0,0.86,3,96.766,Las Vegas,ZHO
2,10.0,0.5714281632655976,44.0,0.88,3,97.082,Las Vegas,ZHO
2,11.0,0.6428566836737974,45.0,0.9,3,96.542,Las Vegas,ZHO
2,12.0,0.7142852040819971,46.0,0.92,3,96.324,Las Vegas,ZHO
2,13.0,0.7857137244901968,47.0,0.94,3,96.36,Las Vegas,ZHO
2,14.0,0.8571422448983965,48.0,0.96,3,96.609,Las Vegas,ZHO
2,15.0,0.9285707653065962,49.0,0.98,3,96.975,Las Vegas,ZHO
2,16.0,0.9999992857147959,50.0,1.0,3,98.399,Las Vegas,ZHO
2,2.0,0.0,2.0,0.04,1,102.181,Las Vegas,COL
2,3.0,0.07692301775152481,3.0,0.06,1,101.198,Las Vegas,COL
2,4.0,0.15384603550304962,4.0,0.08,1,99.852,Las Vegas,COL
2,5.0,0.23076905325457442,5.0,0.1,1,99.837,Las Vegas,COL
2,6.0,0.30769207100609924,6.0,0.12,1,99.204,Las Vegas,COL
2,7.0,0.38461508875762407,7.0,0.14,1,100.57,Las Vegas,COL
2,8.0,0.46153810650914884,8.0,0.16,1,99.397,Las Vegas,COL
2,9.0,0.5384611242606736,9.0,0.18,1,99.574,Las Vegas,COL
2,10.0,0.6153841420121985,10.0,0.2,1,99.335,Las Vegas,COL
2,11.0,0.6923071597637233,11.0,0.22,1,100.973,Las Vegas,COL
2,12.0,0.7692301775152481,12.0,0.24,1,102.436,Las Vegas,COL
2,13.0,0.8461531952667729,13.0,0.26,1,102.309,Las Vegas,COL
2,14.0,0.9230762130182977,14.0,0.28,1,102.135,Las Vegas,COL
2,15.0,0.9999992307698226,15.0,0.3,1,102.397,Las Vegas,COL
1,2.0,0.0,18.0,0.36,2,99.217,Las Vegas,COL
1,3.0,0.14285693877580175,19.0,0.38,2,98.805,Las Vegas,COL
1,4.0,0.2857138775516035,20.0,0.4,2,98.316,Las Vegas,COL
1,5.0,0.4285708163274053,21.0,0.42,2,97.978,Las Vegas,COL
1,6.0,0.571427755103207,22.0,0.44,2,98.175,Las Vegas,COL
1,7.0,0.7142846938790088,23.0,0.46,2,98.095,Las Vegas,COL
1,8.0,0.8571416326548106,24.0,0.48,2,97.947,Las Vegas,COL
1,9.0,0.9999985714306123,25.0,0.5,2,97.866,Las Vegas,COL
2,2.0,0.0,28.0,0.56,3,97.959,Las Vegas,COL
2,3.0,0.04545452479339782,29.0,0.58,3,98.333,Las Vegas,COL
2,4.0,0.09090904958679565,30.0,0.6,3,98.219,Las Vegas,COL
2,5.0,0.13636357438019348,31.0,0.62,3,98.367,Las Vegas,COL
2,6.0,0.1818180991735913,32.0,0.64,3,98.901,Las Vegas,COL
2,7.0,0.2272726239669891,33.0,0.66,3,97.89,Las Vegas,COL
2,8.0,0.27272714876038695,34.0,0.68,3,97.419,Las Vegas,COL
2,9.0,0.31818167355378474,35.0,0.7,3,96.981,Las Vegas,COL
2,10.0,0.3636361983471826,36.0,0.72,3,97.374,Las Vegas,COL
2,11.0,0.40909072314058037,37.0,0.74,3,96.867,Las Vegas,COL
2,12.0,0.4545452479339782,38.0,0.76,3,98.55,Las Vegas,COL
2,13.0,0.49999977272737606,39.0,0.78,3,97.974,Las Vegas,COL
2,14.0,0.5454542975207739,40.0,0.8,3,98.569,Las Vegas,COL
2,15.0,0.5909088223141716,41.0,0.82,3,98.474,Las Vegas,COL
2,16.0,0.6363633471075695,42.0,0.84,3,97.187,Las Vegas,COL
2,17.0,0.6818178719009673,43.0,0.86,3,96.929,Las Vegas,COL
2,18.0,0.7272723966943652,44.0,0.88,3,97.774,Las Vegas,COL
2,19.0,0.772726921487763,45.0,0.9,3,98.056,Las Vegas,COL
2,20.0,0.8181814462811607,46.0,0.92,3,98.007,Las Vegas,COL
2,21.0,0.8636359710745586,47.0,0.94,3,97.018,Las Vegas,COL
2,22.0,0.9090904958679564,48.0,0.96,3,97.02,Las Vegas,COL
2,23.0,0.9545450206613543,49.0,0.98,3,97.239,Las Vegas,COL
2,24.0,0.9999995454547521,50.0,1.0,3,99.731,Las Vegas,COL
1,3.0,0.0,2.0,0.04,1,102.752,Las Vegas,STR
1,4.0,0.16666638888935187,3.0,0.06,1,100.483,Las Vegas,STR
1,5.0,0.33333277777870374,4.0,0.08,1,100.502,Las Vegas,STR
1,6.0,0.4999991666680556,5.0,0.1,1,99.447,Las Vegas,STR
1,7.0,0.6666655555574075,6.0,0.12,1,99.006,Las Vegas,STR
1,8.0,0.8333319444467593,7.0,0.14,1,99.302,Las Vegas,STR
1,9.0,0.9999983333361112,8.0,0.16,1,100.168,Las Vegas,STR
2,3.0,0.0,11.0,0.22,2,98.691,Las Vegas,STR
2,4.0,0.06249996093752441,12.0,0.24,2,99.976,Las Vegas,STR
2,5.0,0.12499992187504883,13.0,0.26,2,99.89,Las Vegas,STR
2,6.0,0.18749988281257324,14.0,0.28,2,99.287,Las Vegas,STR
2,7.0,0.24999984375009765,15.0,0.3,2,98.708,Las Vegas,STR
2,8.0,0.31249980468762206,16.0,0.32,2,99.039,Las Vegas,STR
2,9.0,0.3749997656251465,17.0,0.34,2,98.598,Las Vegas,STR
2,10.0,0.4374997265626709,18.0,0.36,2,98.688,Las Vegas,STR
2,11.0,0.4999996875001953,19.0,0.38,2,98.562,Las Vegas,STR
2,12.0,0.5624996484377197,20.0,0.4,2,98.424,Las Vegas,STR
2,13.0,0.6249996093752441,21.0,0.42,2,98.452,Las Vegas,STR
2,14.0,0.6874995703127685,22.0,0.44,2,98.545,Las Vegas,STR
2,15.0,0.749999531250293,23.0,0.46,2,98.614,Las Vegas,STR
2,16.0,0.8124994921878174,24.0,0.48,2,98.531,Las Vegas,STR
2,17.0,0.8749994531253418,25.0,0.5,2,99.488,Las Vegas,STR
2,18.0,0.9374994140628662,26.0,0.52,2,99.384,Las Vegas,STR
2,19.0,0.9999993750003906,27.0,0.54,2,99.778,Las Vegas,STR
2,3.0,0.0,30.0,0.6,3,98.748,Las Vegas,STR
2,4.0,0.0499999750000125,31.0,0.62,3,98.352,Las Vegas,STR
2,5.0,0.099999950000025,32.0,0.64,3,97.893,Las Vegas,STR
2,6.0,0.1499999250000375,33.0,0.66,3,97.918,Las Vegas,STR
2,7.0,0.19999990000005,34.0,0.68,3,97.828,Las Vegas,STR
2,8.0,0.24999987500006252,35.0,0.7,3,99.434,Las Vegas,STR
2,9.0,0.299999850000075,36.0,0.72,3,98.606,Las Vegas,STR
2,10.0,0.3499998250000875,37.0,0.74,3,97.702,Las Vegas,STR
2,11.0,0.3999998000001,38.0,0.76,3,97.955,Las Vegas,STR
2,12.0,0.4499997750001125,39.0,0.78,3,98.027,Las Vegas,STR
2,13.0,0.49999975000012503,40.0,0.8,3,97.473,Las Vegas,STR
2,14.0,0.5499997250001375,41.0,0.82,3,97.47,Las Vegas,STR
2,15.0,0.59999970000015,42.0,0.84,3,97.37,Las Vegas,STR
2,16.0,0.6499996750001625,43.0,0.86,3,97.179,Las Vegas,STR
2,17.0,0.699999650000175,44.0,0.88,3,98.92,Las Vegas,STR
2,18.0,0.7499996250001875,45.0,0.9,3,97.641,Las Vegas,STR
2,19.0,0.7999996000002,46.0,0.92,3,97.313,Las Vegas,STR
2,20.0,0.8499995750002125,47.0,0.94,3,97.239,Las Vegas,STR
2,21.0,0.899999550000225,48.0,0.96,3,97.388,Las Vegas,STR
2,22.0,0.9499995250002375,49.0,0.98,3,97.451,Las Vegas,STR
2,23.0,0.9999995000002501,50.0,1.0,3,97.939,Las Vegas,STR
1,2.0,0.0,2.0,0.04,1,100.447,Las Vegas,LAW
1,3.0,0.12499984375019532,3.0,0.06,1,99.729,Las Vegas,LAW
1,4.0,0.24999968750039064,4.0,0.08,1,99.839,Las Vegas,LAW
1,5.0,0.37499953125058594,5.0,0.1,1,99.698,Las Vegas,LAW
1,6.0,0.4999993750007813,6.0,0.12,1,99.71,Las Vegas,LAW
1,7.0,0.6249992187509766,7.0,0.14,1,99.404,Las Vegas,LAW
1,8.0,0.7499990625011719,8.0,0.16,1,100.095,Las Vegas,LAW
1,9.0,0.8749989062513672,9.0,0.18,1,101.469,Las Vegas,LAW
1,10.0,0.9999987500015626,10.0,0.2,1,100.967,Las Vegas,LAW
2,3.0,0.0,13.0,0.26,2,100.237,Las Vegas,LAW
2,4.0,0.04166664930556279,14.0,0.28,2,99.219,Las Vegas,LAW
2,5.0,0.08333329861112558,15.0,0.3,2,98.988,Las Vegas,LAW
2,6.0,0.12499994791668836,16.0,0.32,2,98.939,Las Vegas,LAW
2,7.0,0.16666659722225116,17.0,0.34,2,99.249,Las Vegas,LAW
2,8.0,0.20833324652781396,18.0,0.36,2,99.416,Las Vegas,LAW
2,9.0,0.24999989583337673,19.0,0.38,2,99.226,Las Vegas,LAW
2,10.0,0.2916665451389395,20.0,0.4,2,99.385,Las Vegas,LAW
2,11.0,0.3333331944445023,21.0,0.42,2,99.297,Las Vegas,LAW
2,12.0,0.3749998437500651,22.0,0.44,2,99.694,Las Vegas,LAW
2,13.0,0.4166664930556279,23.0,0.46,2,99.04,Las Vegas,LAW
2,14.0,0.4583331423611907,24.0,0.48,2,99.658,Las Vegas,LAW
2,15.0,0.49999979166675346,25.0,0.5,2,99.676,Las Vegas,LAW
2,16.0,0.5416664409723163,26.0,0.52,2,98.737,Las Vegas,LAW
2,17.0,0.583333090277879,27.0,0.54,2,99.98,Las Vegas,LAW
2,18.0,0.6249997395834419,28.0,0.56,2,100.637,Las Vegas,LAW
2,19.0,0.6666663888890046,29.0,0.58,2,98.861,Las Vegas,LAW
2,20.0,0.7083330381945674,30.0,0.6,2,99.243,Las Vegas,LAW
2,21.0,0.7499996875001302,31.0,0.62,2,99.853,Las Vegas,LAW
2,22.0,0.791666336805693,32.0,0.64,2,99.134,Las Vegas,LAW
2,23.0,0.8333329861112558,33.0,0.66,2,99.583,Las Vegas,LAW
2,24.0,0.8749996354168186,34.0,0.68,2,100.525,Las Vegas,LAW
2,25.0,0.9166662847223814,35.0,0.7,2,99.045,Las Vegas,LAW
2,26.0,0.9583329340279442,36.0,0.72,2,100.531,Las Vegas,LAW
2,27.0,0.9999995833335069,37.0,0.74,2,100.72,Las Vegas,LAW
2,3.0,0.0,40.0,0.8,3,98.166,Las Vegas,LAW
2,4.0,0.0999999000001,41.0,0.82,3,97.463,Las Vegas,LAW
2,5.0,0.1999998000002,42.0,0.84,3,97.318,Las Vegas,LAW
2,6.0,0.2999997000003,43.0,0.86,3,97.195,Las Vegas,LAW
2,7.0,0.3999996000004,44.0,0.88,3,97.102,Las Vegas,LAW
2,10.0,0.6999993000007,47.0,0.94,3,97.288,Las Vegas,LAW
2,11.0,0.7999992000008,48.0,0.96,3,97.033,Las Vegas,LAW
2,12.0,0.8999991000009,49.0,0.98,3,97.279,Las Vegas,LAW
2,13.0,0.9999990000010001,50.0,1.0,3,97.519,Las Vegas,LAW
1,2.0,0.0,2.0,0.04,1,100.137,Las Vegas,OCO
1,3.0,0.12499984375019532,3.0,0.06,1,99.585,Las Vegas,OCO
1,4.0,0.24999968750039064,4.0,0.08,1,99.367,Las Vegas,OCO
1,5.0,0.37499953125058594,5.0,0.1,1,99.388,Las Vegas,OCO
1,6.0,0.4999993750007813,6.0,0.12,1,99.597,Las Vegas,OCO
1,7.0,0.6249992187509766,7.0,0.14,1,99.898,Las Vegas,OCO
1,8.0,0.7499990625011719,8.0,0.16,1,100.498,Las Vegas,OCO
1,9.0,0.8749989062513672,9.0,0.18,1,100.852,Las Vegas,OCO
1,10.0,0.9999987500015626,10.0,0.2,1,101.095,Las Vegas,OCO
2,2.0,0.0,14.0,0.28,3,98.931,Las Vegas,OCO
2,3.0,0.033333322222225924,15.0,0.3,3,98.645,Las Vegas,OCO
2,4.0,0.06666664444445185,16.0,0.32,3,98.955,Las Vegas,OCO
2,5.0,0.09999996666667778,17.0,0.34,3,98.871,Las Vegas,OCO
2,6.0,0.1333332888889037,18.0,0.36,3,98.766,Las Vegas,OCO
2,7.0,0.16666661111112963,19.0,0.38,3,98.629,Las Vegas,OCO
2,8.0,0.19999993333335556,20.0,0.4,3,98.495,Las Vegas,OCO
2,9.0,0.2333332555555815,21.0,0.42,3,98.306,Las Vegas,OCO
2,10.0,0.2666665777778074,22.0,0.44,3,98.673,Las Vegas,OCO
2,11.0,0.29999990000003335,23.0,0.46,3,98.435,Las Vegas,OCO
2,12.0,0.33333322222225925,24.0,0.48,3,98.207,Las Vegas,OCO
2,13.0,0.3666665444444852,25.0,0.5,3,98.825,Las Vegas,OCO
2,14.0,0.3999998666667111,26.0,0.52,3,98.271,Las Vegas,OCO
2,15.0,0.433333188888937,27.0,0.54,3,99.589,Las Vegas,OCO
2,16.0,0.466666511111163,28.0,0.56,3,99.635,Las Vegas,OCO
2,17.0,0.4999998333333889,29.0,0.58,3,98.9,Las Vegas,OCO
2,18.0,0.5333331555556148,30.0,0.6,3,99.029,Las Vegas,OCO
2,19.0,0.5666664777778407,31.0,0.62,3,100.267,Las Vegas,OCO
2,20.0,0.5999998000000667,32.0,0.64,3,99.182,Las Vegas,OCO
2,21.0,0.6333331222222927,33.0,0.66,3,99.436,Las Vegas,OCO
2,22.0,0.6666664444445185,34.0,0.68,3,99.238,Las Vegas,OCO
2,23.0,0.6999997666667445,35.0,0.7,3,99.64,Las Vegas,OCO
2,24.0,0.7333330888889704,36.0,0.72,3,100.334,Las Vegas,OCO
2,25.0,0.7666664111111963,37.0,0.74,3,99.508,Las Vegas,OCO
2,26.0,0.7999997333334222,38.0,0.76,3,99.605,Las Vegas,OCO
2,27.0,0.8333330555556482,39.0,0.78,3,99.576,Las Vegas,OCO
2,28.0,0.866666377777874,40.0,0.8,3,99.823,Las Vegas,OCO
2,29.0,0.8999997000001,41.0,0.82,3,99.919,Las Vegas,OCO
2,30.0,0.933333022222326,42.0,0.84,3,98.799,Las Vegas,OCO
2,31.0,0.9666663444445519,43.0,0.86,3,98.783,Las Vegas,OCO
2,32.0,0.9999996666667778,44.0,0.88,3,98.928,Las Vegas,OCO
0,2.0,0.0,47.0,0.94,4,96.511,Las Vegas,OCO
0,3.0,0.49999750001249993,48.0,0.96,4,96.649,Las Vegas,OCO
0,4.0,0.9999950000249999,49.0,0.98,4,97.563,Las Vegas,OCO
2,2.0,0.0,2.0,0.04,1,102.556,Las Vegas,BOT
2,3.0,0.0714285204081997,3.0,0.06,1,100.669,Las Vegas,BOT
2,4.0,0.1428570408163994,4.0,0.08,1,100.459,Las Vegas,BOT
2,5.0,0.21428556122459913,5.0,0.1,1,99.498,Las Vegas,BOT
2,6.0,0.2857140816327988,6.0,0.12,1,99.75,Las Vegas,BOT
2,7.0,0.35714260204099857,7.0,0.14,1,99.581,Las Vegas,BOT
2,8.0,0.42857112244919826,8.0,0.16,1,99.93,Las Vegas,BOT
2,9.0,0.49999964285739795,9.0,0.18,1,99.566,Las Vegas,BOT
2,10.0,0.5714281632655976,10.0,0.2,1,99.756,Las Vegas,BOT
2,11.0,0.6428566836737974,11.0,0.22,1,100.916,Las Vegas,BOT
2,12.0,0.7142852040819971,12.0,0.24,1,101.845,Las Vegas,BOT
2,13.0,0.7857137244901968,13.0,0.26,1,102.69,Las Vegas,BOT
2,14.0,0.8571422448983965,14.0,0.28,1,102.256,Las Vegas,BOT
2,15.0,0.9285707653065962,15.0,0.3,1,102.233,Las Vegas,BOT
2,16.0,0.9999992857147959,16.0,0.32,1,103.358,Las Vegas,BOT
1,2.0,0.0,19.0,0.38,2,99.697,Las Vegas,BOT
1,3.0,0.06666662222225185,20.0,0.4,2,99.349,Las Vegas,BOT
1,4.0,0.1333332444445037,21.0,0.42,2,99.342,Las Vegas,BOT
1,5.0,0.19999986666675557,22.0,0.44,2,99.177,Las Vegas,BOT
1,6.0,0.2666664888890074,23.0,0.46,2,99.193,Las Vegas,BOT
1,7.0,0.3333331111112593,24.0,0.48,2,98.631,Las Vegas,BOT
1,8.0,0.39999973333351113,25.0,0.5,2,99.697,Las Vegas,BOT
1,9.0,0.46666635555576297,26.0,0.52,2,98.693,Las Vegas,BOT
1,10.0,0.5333329777780148,27.0,0.54,2,98.676,Las Vegas,BOT
1,11.0,0.5999996000002666,28.0,0.56,2,98.594,Las Vegas,BOT
1,12.0,0.6666662222225186,29.0,0.58,2,98.756,Las Vegas,BOT
1,13.0,0.7333328444447704,30.0,0.6,2,99.452,Las Vegas,BOT
1,14.0,0.7999994666670223,31.0,0.62,2,100.085,Las Vegas,BOT
1,15.0,0.8666660888892741,32.0,0.64,2,100.589,Las Vegas,BOT
1,16.0,0.9333327111115259,33.0,0.66,2,100.195,Las Vegas,BOT
1,17.0,0.9999993333337778,34.0,0.68,2,100.828,Las Vegas,BOT
2,2.0,0.0,37.0,0.74,3,97.506,Las Vegas,BOT
2,3.0,0.08333326388894677,38.0,0.76,3,97.092,Las Vegas,BOT
2,4.0,0.16666652777789354,39.0,0.78,3,96.89,Las Vegas,BOT
2,6.0,0.33333305555578707,41.0,0.82,3,98.3,Las Vegas,BOT
2,7.0,0.4166663194447338,42.0,0.84,3,98.341,Las Vegas,BOT
2,8.0,0.49999958333368055,43.0,0.86,3,97.062,Las Vegas,BOT
2,9.0,0.5833328472226273,44.0,0.88,3,96.621,Las Vegas,BOT
2,11.0,0.7499993750005208,46.0,0.92,3,96.601,Las Vegas,BOT
2,12.0,0.8333326388894676,47.0,0.94,3,96.728,Las Vegas,BOT
2,13.0,0.9166659027784144,48.0,0.96,3,98.301,Las Vegas,BOT
2,14.0,0.9999991666673611,49.0,0.98,3,98.738,Las Vegas,BOT
1,2.0,0.0,2.0,0.04,1,102.776,Las Vegas,ALB
1,3.0,0.16666638888935187,3.0,0.06,1,100.535,Las Vegas,ALB
1,4.0,0.33333277777870374,4.0,0.08,1,100.351,Las Vegas,ALB
1,5.0,0.4999991666680556,5.0,0.1,1,99.537,Las Vegas,ALB
1,6.0,0.6666655555574075,6.0,0.12,1,98.803,Las Vegas,ALB
1,7.0,0.8333319444467593,7.0,0.14,1,99.597,Las Vegas,ALB
1,8.0,0.9999983333361112,8.0,0.16,1,99.714,Las Vegas,ALB
2,2.0,0.0,11.0,0.22,2,99.066,Las Vegas,ALB
2,3.0,0.07692301775152481,12.0,0.24,2,99.211,Las Vegas,ALB
2,4.0,0.15384603550304962,13.0,0.26,2,98.6,Las Vegas,ALB
2,5.0,0.23076905325457442,14.0,0.28,2,98.768,Las Vegas,ALB
2,6.0,0.30769207100609924,15.0,0.3,2,98.866,Las Vegas,ALB
2,7.0,0.38461508875762407,16.0,0.32,2,99.506,Las Vegas,ALB
2,8.0,0.46153810650914884,17.0,0.34,2,100.51,Las Vegas,ALB
2,9.0,0.5384611242606736,18.0,0.36,2,98.525,Las Vegas,ALB
2,10.0,0.6153841420121985,19.0,0.38,2,98.66,Las Vegas,ALB
2,11.0,0.6923071597637233,20.0,0.4,2,98.046,Las Vegas,ALB
2,12.0,0.7692301775152481,21.0,0.42,2,98.008,Las Vegas,ALB
2,13.0,0.8461531952667729,22.0,0.44,2,99.147,Las Vegas,ALB
2,14.0,0.9230762130182977,23.0,0.46,2,99.713,Las Vegas,ALB
2,15.0,0.9999992307698226,24.0,0.48,2,100.174,Las Vegas,ALB
1,2.0,0.0,2.0,0.04,1,99.956,Las Vegas,GAS
1,3.0,0.14285693877580175,3.0,0.06,1,99.234,Las Vegas,GAS
1,4.0,0.2857138775516035,4.0,0.08,1,99.635,Las Vegas,GAS
1,5.0,0.4285708163274053,5.0,0.1,1,99.24,Las Vegas,GAS
1,6.0,0.571427755103207,6.0,0.12,1,99.408,Las Vegas,GAS
1,7.0,0.7142846938790088,7.0,0.14,1,99.668,Las Vegas,GAS
1,8.0,0.8571416326548106,8.0,0.16,1,101.258,Las Vegas,GAS
1,9.0,0.9999985714306123,9.0,0.18,1,101.862,Las Vegas,GAS
2,2.0,0.0,12.0,0.24,2,98.621,Las Vegas,GAS
2,3.0,0.49999750001249993,13.0,0.26,2,98.314,Las Vegas,GAS
2,4.0,0.9999950000249999,14.0,0.28,2,100.248,Las Vegas,GAS
